0,0.085672035307903113
5.0000000000000003e-10,0.40363285028563856
1.0000000000000001e-09,0.58411386778296581
1.5e-09,0.59917720082281667
2.0000000000000001e-09,0.48931491650647913
2.5000000000000001e-09,0.33466601633346715
3e-09,0.20868472118589865
3.4999999999999999e-09,0.13978083882230313
4.0000000000000002e-09,0.10152088721170406
4.4999999999999998e-09,0.035914932837786129
5.0000000000000001e-09,-0.10409194065264582
5.4999999999999996e-09,-0.31750953857053332
6e-09,-0.54531949521747958
6.5000000000000003e-09,-0.69450816843903085
6.9999999999999998e-09,-0.68420593648235706
7.4999999999999993e-09,-0.48952360716341015
8.0000000000000005e-09,-0.15932385505258748
8.5e-09,0.20230665126673564
8.9999999999999995e-09,0.48195894688630592
9.5000000000000007e-09,0.60677316866901054
1e-08,0.57287588657763355
1.05e-08,0.43852151332361278
1.0999999999999999e-08,0.28691373577809698
1.15e-08,0.17964673195082542
1.2e-08,0.12620860964110867
1.2499999999999999e-08,0.085672035307902877
1.3000000000000001e-08,-0.0013041576675071609
1.35e-08,-0.16888794873859111
1.4e-08,-0.39613255688980376
1.4500000000000001e-08,-0.60851448476461933
1.4999999999999999e-08,-0.7114961515912015
1.55e-08,-0.63887984586746993
1.6000000000000001e-08,-0.39014820268958361
1.6499999999999999e-08,-0.03634566970903251
1.7e-08,0.309473808719126
1.7500000000000001e-08,0.54247183686907441
1.7999999999999999e-08,0.61125117948168328
1.85e-08,0.53519648058407898
1.9000000000000001e-08,0.38600780736252682
1.9499999999999999e-08,0.24455478156986052
2e-08,0.15704017035831097
2.0500000000000002e-08,0.11423502082875207
2.0999999999999999e-08,0.064440094346000981
2.1500000000000001e-08,-0.047970094625580773
2.1999999999999998e-08,-0.24079139838435623
2.25e-08,-0.47328628134703477
2.3000000000000001e-08,-0.65930788794748652
2.3499999999999999e-08,-0.70839602193452511
2.4e-08,-0.57335508457073203
2.4500000000000001e-08,-0.27872839831203911
2.4999999999999999e-08,0.085672035307902114
2.55e-08,0.40363285028563639
2.6000000000000001e-08,0.58411386778296548
2.6499999999999999e-08,0.59917720082281745
2.7e-08,0.48931491650648035
2.7500000000000001e-08,0.3346660163334676
2.7999999999999999e-08,0.20868472118589937
2.85e-08,0.13978083882230294
2.9000000000000002e-08,0.10152088721170371
2.9499999999999999e-08,0.035914932837786406
2.9999999999999997e-08,-0.10409194065264374
3.0500000000000002e-08,-0.31750953857053371
3.1e-08,-0.54531949521747825
3.1499999999999998e-08,-0.69450816843902985
3.2000000000000002e-08,-0.6842059364823565
3.25e-08,-0.48952360716341031
3.2999999999999998e-08,-0.15932385505259117
3.3500000000000002e-08,0.20230665126673708
3.4e-08,0.48195894688630592
3.4499999999999998e-08,0.60677316866901054
3.5000000000000002e-08,0.57287588657763411
3.55e-08,0.43852151332361383
3.5999999999999998e-08,0.2869137357780972
3.6500000000000003e-08,0.17964673195082562
3.7e-08,0.12620860964110892
3.7499999999999998e-08,0.085672035307903488
3.8000000000000003e-08,-0.0013041576675075217
3.8500000000000001e-08,-0.16888794873859067
3.8999999999999998e-08,-0.39613255688980215
3.9500000000000003e-08,-0.60851448476461989
4.0000000000000001e-08,-0.71149615159120172
4.0499999999999999e-08,-0.63887984586747115
4.1000000000000003e-08,-0.39014820268958272
4.1500000000000001e-08,-0.03634566970903149
4.1999999999999999e-08,0.309473808719124
4.2499999999999997e-08,0.54247183686907252
4.3000000000000001e-08,0.61125117948168217
4.3499999999999999e-08,0.53519648058407765
4.3999999999999997e-08,0.3860078073625276
4.4500000000000001e-08,0.24455478156985958
4.4999999999999999e-08,0.15704017035831214
4.5499999999999997e-08,0.11423502082875403
4.6000000000000002e-08,0.064440094346001689
4.6499999999999999e-08,-0.047970094625580217
4.6999999999999997e-08,-0.24079139838435665
4.7500000000000002e-08,-0.47328628134703798
4.8e-08,-0.65930788794748763
4.8499999999999998e-08,-0.70839602193452567
4.9000000000000002e-08,-0.57335508457073403
4.95e-08,-0.278728398312035
4.9999999999999998e-08,0.085672035307902863
5.0500000000000002e-08,0.4036328502856365
5.1e-08,0.58411386778296392
5.1499999999999998e-08,0.59917720082281556
5.2000000000000002e-08,0.48931491650647907
5.25e-08,0.3346660163334686
5.2999999999999998e-08,0.20868472118590073
5.3500000000000003e-08,0.1397808388223043
5.4e-08,0.10152088721170574
5.4499999999999998e-08,0.035914932837788516
5.5000000000000003e-08,-0.10409194065264521
5.5500000000000001e-08,-0.31750953857053221
5.5999999999999999e-08,-0.54531949521747758
5.6500000000000003e-08,-0.69450816843903163
5.7000000000000001e-08,-0.68420593648235772
5.7499999999999999e-08,-0.48952360716341242
5.8000000000000003e-08,-0.15932385505258687
5.8500000000000001e-08,0.20230665126673447
5.8999999999999999e-08,0.48195894688630386
5.9499999999999997e-08,0.60677316866900921
5.9999999999999995e-08,0.57287588657763466
6.0500000000000006e-08,0.43852151332360984
6.1000000000000004e-08,0.28691373577809581
6.1500000000000001e-08,0.17964673195082642
6.1999999999999999e-08,0.12620860964111041
6.2499999999999997e-08,0.085672035307905042
6.2999999999999995e-08,-0.0013041576675042188
6.3500000000000006e-08,-0.16888794873859467
6.4000000000000004e-08,-0.39613255688980759
6.4500000000000002e-08,-0.60851448476462089
6.5e-08,-0.71149615159120239
6.5499999999999998e-08,-0.63887984586747115
6.5999999999999995e-08,-0.39014820268958805
6.6500000000000007e-08,-0.036345669709030665
6.7000000000000004e-08,0.30947380871913011
6.7500000000000002e-08,0.54247183686907519
6.8e-08,0.61125117948168217
6.8499999999999998e-08,0.53519648058407787
6.8999999999999996e-08,0.38600780736252782
6.9499999999999994e-08,0.24455478156986205
7.0000000000000005e-08,0.15704017035831225
7.0500000000000003e-08,0.11423502082875409
7.1e-08,0.064440094346003216
7.1499999999999998e-08,-0.047970094625579912
7.1999999999999996e-08,-0.24079139838435623
7.2499999999999994e-08,-0.47328628134703327
7.3000000000000005e-08,-0.65930788794748729
7.3500000000000003e-08,-0.70839602193452578
7.4000000000000001e-08,-0.57335508457073436
7.4499999999999999e-08,-0.27872839831204232
7.4999999999999997e-08,0.085672035307895369
7.5499999999999994e-08,0.403632850285636
7.6000000000000006e-08,0.58411386778296559
7.6500000000000003e-08,0.59917720082281578
7.7000000000000001e-08,0.48931491650647935
7.7499999999999999e-08,0.33466601633346887
7.7999999999999997e-08,0.20868472118590098
7.8499999999999995e-08,0.13978083882230524
7.9000000000000006e-08,0.10152088721170502
7.9500000000000004e-08,0.035914932837786823
8.0000000000000002e-08,-0.1040919406526449
8.05e-08,-0.31750953857053177
8.0999999999999997e-08,-0.54531949521747702
8.1499999999999995e-08,-0.69450816843902996
8.2000000000000006e-08,-0.68420593648235595
8.2500000000000004e-08,-0.48952360716340781
8.3000000000000002e-08,-0.15932385505258759
8.35e-08,0.20230665126673381
8.3999999999999998e-08,0.48195894688630342
8.4499999999999996e-08,0.6067731686690091
8.4999999999999994e-08,0.57287588657763489
8.5500000000000005e-08,0.43852151332361311
8.6000000000000002e-08,0.28691373577809604
8.65e-08,0.179646731950828
8.6999999999999998e-08,0.12620860964111053
8.7499999999999996e-08,0.08567203530790618
8.7999999999999994e-08,-0.0013041576675040245
8.8500000000000005e-08,-0.16888794873859042
8.9000000000000003e-08,-0.39613255688980709
8.9500000000000001e-08,-0.60851448476461734
8.9999999999999999e-08,-0.71149615159120239
9.0499999999999996e-08,-0.63887984586747459
9.0999999999999994e-08,-0.39014820268958872
9.1500000000000005e-08,-0.036345669709031365
9.2000000000000003e-08,0.3094738087191295
9.2500000000000001e-08,0.54247183686907197
9.2999999999999999e-08,0.61125117948168217
9.3499999999999997e-08,0.53519648058408054
9.3999999999999995e-08,0.38600780736252815
9.4500000000000006e-08,0.24455478156986002
9.5000000000000004e-08,0.15704017035831125
9.5500000000000002e-08,0.11423502082875416
9.5999999999999999e-08,0.06444009434600198
9.6499999999999997e-08,-0.047970094625576692
9.6999999999999995e-08,-0.24079139838435579
9.7500000000000006e-08,-0.4732862813470371
9.8000000000000004e-08,-0.65930788794748463
9.8500000000000002e-08,-0.70839602193452578
9.9e-08,-0.57335508457073059
9.9499999999999998e-08,-0.27872839831204299
9.9999999999999995e-08,0.085672035307901462
1.0050000000000001e-07,0.40363285028564039
1.01e-07,0.58411386778296359
1.015e-07,0.59917720082281589
1.02e-07,0.48931491650648246
1.025e-07,0.33466601633346915
1.03e-07,0.20868472118589929
1.0349999999999999e-07,0.1397808388223053
1.04e-07,0.10152088721170588
1.045e-07,0.035914932837787017
1.05e-07,-0.1040919406526411
1.055e-07,-0.31750953857053132
1.06e-07,-0.5453194952174728
1.0649999999999999e-07,-0.69450816843902985
1.0700000000000001e-07,-0.68420593648235806
1.075e-07,-0.48952360716340826
1.08e-07,-0.15932385505259519
1.085e-07,0.20230665126673314
1.09e-07,0.48195894688629909
1.0949999999999999e-07,0.60677316866900899
1.1000000000000001e-07,0.57287588657763311
1.105e-07,0.4385215133236105
1.11e-07,0.28691373577809887
1.115e-07,0.1796467319508267
1.12e-07,0.1262086096411113
1.1249999999999999e-07,0.08567203530790525
1.1300000000000001e-07,-0.0013041576675061339
1.135e-07,-0.16888794873859389
1.14e-07,-0.3961325568898022
1.145e-07,-0.60851448476462033
1.15e-07,-0.71149615159120194
1.155e-07,-0.63887984586747182
1.1600000000000001e-07,-0.39014820268958328
1.165e-07,-0.036345669709025141
1.17e-07,0.30947380871912311
1.175e-07,0.54247183686907463
1.18e-07,0.61125117948168239
1.185e-07,0.53519648058407832
1.1899999999999999e-07,0.38600780736253143
1.195e-07,0.24455478156986252
1.1999999999999999e-07,0.15704017035831466
1.205e-07,0.11423502082875356
1.2100000000000001e-07,0.064440094346000718
1.215e-07,-0.047970094625579329
1.2200000000000001e-07,-0.24079139838435959
1.2249999999999999e-07,-0.47328628134703232
1.23e-07,-0.65930788794748685
1.2349999999999999e-07,-0.70839602193452667
1.24e-07,-0.57335508457073536
1.2450000000000001e-07,-0.27872839831203705
1.2499999999999999e-07,0.085672035307893968
1.2550000000000001e-07,0.403632850285635
1.2599999999999999e-07,0.58411386778296159
1.265e-07,0.59917720082281711
1.2700000000000001e-07,0.48931491650647441
1.275e-07,0.33466601633347215
1.2800000000000001e-07,0.20868472118589762
1.2849999999999999e-07,0.13978083882230455
1.29e-07,0.1015208872117052
1.2949999999999999e-07,0.035914932837789071
1.3e-07,-0.10409194065264418
1.3050000000000001e-07,-0.31750953857053532
1.31e-07,-0.54531949521747625
1.3150000000000001e-07,-0.69450816843903107
1.3199999999999999e-07,-0.68420593648236028
1.325e-07,-0.48952360716341403
1.3300000000000001e-07,-0.15932385505258903
1.335e-07,0.20230665126672615
1.3400000000000001e-07,0.48195894688631047
1.3449999999999999e-07,0.60677316866900821
1.35e-07,0.57287588657763155
1.3549999999999999e-07,0.43852151332361966
1.36e-07,0.28691373577809653
1.3650000000000001e-07,0.17964673195082545
1.37e-07,0.12620860964111064
1.3750000000000001e-07,0.085672035307904335
1.3799999999999999e-07,-0.0013041576675035249
1.385e-07,-0.16888794873858959
1.3899999999999999e-07,-0.39613255688979732
1.395e-07,-0.60851448476461678
1.4000000000000001e-07,-0.71149615159120227
1.4049999999999999e-07,-0.63887984586747526
1.4100000000000001e-07,-0.39014820268958988
1.4149999999999999e-07,-0.03634566970904677
1.42e-07,0.30947380871911689
1.4250000000000001e-07,0.54247183686907707
1.43e-07,0.61125117948168217
1.4350000000000001e-07,0.53519648058407621
1.4399999999999999e-07,0.38600780736252888
1.445e-07,0.24455478156986044
1.4499999999999999e-07,0.15704017035831372
1.455e-07,0.11423502082875429
1.4600000000000001e-07,0.064440094346002272
1.4649999999999999e-07,-0.047970094625576054
1.4700000000000001e-07,-0.24079139838435493
1.4749999999999999e-07,-0.47328628134702772
1.48e-07,-0.65930788794748418
1.4850000000000001e-07,-0.70839602193452433
1.49e-07,-0.57335508457074003
1.4950000000000001e-07,-0.27872839831203122
1.4999999999999999e-07,0.085672035307886474
1.505e-07,0.40363285028563944
1.5099999999999999e-07,0.58411386778296315
1.515e-07,0.599177200822816
1.5200000000000001e-07,0.48931491650647752
1.525e-07,0.33466601633346971
1.5300000000000001e-07,0.20868472118589973
1.5349999999999999e-07,0.13978083882230555
1.54e-07,0.10152088721170607
1.5449999999999999e-07,0.035914932837791097
1.55e-07,-0.10409194065264041
1.5550000000000001e-07,-0.31750953857053038
1.5599999999999999e-07,-0.54531949521747203
1.5650000000000001e-07,-0.69450816843903251
1.5699999999999999e-07,-0.6842059364823625
1.575e-07,-0.48952360716340937
1.5800000000000001e-07,-0.15932385505258281
1.585e-07,0.20230665126673186
1.5900000000000001e-07,0.48195894688630614
1.5949999999999999e-07,0.60677316866900877
1.6e-07,0.57287588657763355
1.6049999999999999e-07,0.438521513323617
1.61e-07,0.28691373577809942
1.6150000000000001e-07,0.17964673195082703
1.6199999999999999e-07,0.12620860964111141
1.6250000000000001e-07,0.085672035307905459
1.6299999999999999e-07,-0.0013041576675009159
1.635e-07,-0.16888794873858534
1.6400000000000001e-07,-0.39613255688981019
1.645e-07,-0.60851448476461956
1.6500000000000001e-07,-0.71149615159120261
1.6549999999999999e-07,-0.63887984586747248
1.66e-07,-0.39014820268958456
1.6649999999999999e-07,-0.036345669709040518
1.67e-07,0.309473808719122
1.6750000000000001e-07,0.54247183686907385
1.68e-07,0.61125117948168239
1.6850000000000001e-07,0.53519648058407887
1.6899999999999999e-07,0.38600780736253215
1.695e-07,0.24455478156986293
1.6999999999999999e-07,0.1570401703583108
1.705e-07,0.11423502082874748
1.7100000000000001e-07,0.06444009434599883
1.7149999999999999e-07,-0.047970094625573889
1.72e-07,-0.24079139838435523
1.7249999999999999e-07,-0.47328628134702533
1.73e-07,-0.65930788794747608
1.7350000000000001e-07,-0.70839602193452345
1.74e-07,-0.57335508457073892
1.7450000000000001e-07,-0.27872839831203117
1.7499999999999999e-07,0.085672035307873221
1.755e-07,0.40363285028563145
1.7599999999999999e-07,0.58411386778296315
1.765e-07,0.59917720082282067
1.7700000000000001e-07,0.48931491650648651
1.7749999999999999e-07,0.33466601633347604
1.7800000000000001e-07,0.20868472118589673
1.7849999999999999e-07,0.13978083882229961
1.79e-07,0.10152088721170074
1.7950000000000001e-07,0.035914932837781882
1.8e-07,-0.10409194065264293
1.8050000000000001e-07,-0.31750953857052089
1.8099999999999999e-07,-0.54531949521746148
1.815e-07,-0.6945081684390263
1.8199999999999999e-07,-0.68420593648236039
1.825e-07,-0.48952360716340881
1.8300000000000001e-07,-0.15932385505259666
1.835e-07,0.20230665126671984
1.8400000000000001e-07,0.48195894688630864
1.8449999999999999e-07,0.60677316866901299
1.85e-07,0.57287588657764166
1.8549999999999999e-07,0.43852151332362566
1.86e-07,0.28691373577809898
1.8650000000000001e-07,0.17964673195082578
1.8699999999999999e-07,0.12620860964110636
1.875e-07,0.085672035307898783
1.8799999999999999e-07,-0.0013041576675055788
1.885e-07,-0.16888794873857896
1.8900000000000001e-07,-0.3961325568897997
1.895e-07,-0.60851448476461001
1.9000000000000001e-07,-0.71149615159119972
1.9049999999999999e-07,-0.63887984586748348
1.91e-07,-0.39014820268959627
1.9149999999999999e-07,-0.036345669709054382
1.92e-07,0.30947380871912322
1.9250000000000001e-07,0.5424718368690713
1.9299999999999999e-07,0.61125117948168739
1.9350000000000001e-07,0.53519648058408298
1.9399999999999999e-07,0.38600780736253393
1.945e-07,0.24455478156986565
1.9500000000000001e-07,0.15704017035830756
1.955e-07,0.11423502082874823
1.9600000000000001e-07,0.064440094346000343
1.9649999999999999e-07,-0.047970094625570753
1.97e-07,-0.24079139838435054
1.9749999999999999e-07,-0.47328628134702078
1.98e-07,-0.65930788794748307
1.9850000000000001e-07,-0.70839602193452433
1.99e-07,-0.57335508457074358
1.9950000000000001e-07,-0.27872839831203838
1.9999999999999999e-07,0.085672035307892885
2.005e-07,0.40363285028562601
2.0100000000000001e-07,0.58411386778296848
2.015e-07,0.59917720082282189
2.0200000000000001e-07,0.48931491650648962
2.0249999999999999e-07,0.33466601633347914
2.03e-07,0.20868472118589879
2.0349999999999999e-07,0.13978083882230055
2.04e-07,0.1015208872117016
2.0450000000000001e-07,0.035914932837783908
2.05e-07,-0.10409194065263913
2.0550000000000001e-07,-0.31750953857053366
2.0599999999999999e-07,-0.54531949521747269
2.065e-07,-0.69450816843902474
2.0699999999999999e-07,-0.68420593648236261
2.075e-07,-0.48952360716341448
2.0800000000000001e-07,-0.15932385505260427
2.0849999999999999e-07,0.20230665126671282
2.0900000000000001e-07,0.48195894688630431
2.0949999999999999e-07,0.60677316866901221
2.1e-07,0.57287588657764377
2.1050000000000001e-07,0.43852151332361711
2.11e-07,0.28691373577810175
2.1150000000000001e-07,0.17964673195082162
2.1199999999999999e-07,0.12620860964110714
2.125e-07,0.085672035307899921
2.1299999999999999e-07,-0.0013041576675029698
2.135e-07,-0.1688879487385902
2.1400000000000001e-07,-0.39613255688979482
2.145e-07,-0.60851448476460646
2.1500000000000001e-07,-0.71149615159119928
2.1549999999999999e-07,-0.63887984586747448
2.16e-07,-0.39014820268960293
2.1650000000000001e-07,-0.036345669709034203
2.17e-07,0.30947380871911689
2.1750000000000001e-07,0.54247183686906808
2.1799999999999999e-07,0.61125117948168761
2.185e-07,0.53519648058408553
2.1899999999999999e-07,0.38600780736253715
2.195e-07,0.24455478156985924
2.2000000000000001e-07,0.15704017035830881
2.205e-07,0.11423502082874896
2.2100000000000001e-07,0.064440094345996318
2.2149999999999999e-07,-0.047970094625579135
2.22e-07,-0.24079139838434585
2.2249999999999999e-07,-0.47328628134701606
2.23e-07,-0.65930788794748041
2.2350000000000001e-07,-0.70839602193452511
2.2399999999999999e-07,-0.57335508457074835
2.2450000000000001e-07,-0.27872839831204566
2.2499999999999999e-07,0.085672035307885391
2.255e-07,0.40363285028562068
2.2600000000000001e-07,0.58411386778296648
2.265e-07,0.59917720082282311
2.2700000000000001e-07,0.48931491650648157
2.2749999999999999e-07,0.33466601633347093
2.28e-07,0.20868472118590078
2.2849999999999999e-07,0.13978083882230147
2.29e-07,0.10152088721169933
2.2950000000000001e-07,0.035914932837785962
2.2999999999999999e-07,-0.10409194065263533
2.3050000000000001e-07,-0.31750953857052877
2.3099999999999999e-07,-0.54531949521746848
2.315e-07,-0.69450816843902308
2.3200000000000001e-07,-0.68420593648235695
2.325e-07,-0.4895236071634203
2.3300000000000001e-07,-0.15932385505258428
2.3349999999999999e-07,0.2023066512667058
2.34e-07,0.48195894688629992
2.3449999999999999e-07,0.60677316866901132
2.35e-07,0.57287588657763844
2.3550000000000001e-07,0.43852151332362033
2.36e-07,0.28691373577810458
2.3650000000000001e-07,0.17964673195082326
2.3699999999999999e-07,0.12620860964110509
2.375e-07,0.085672035307901059
2.3799999999999999e-07,-0.001304157667500333
2.3850000000000002e-07,-0.1688879487386015
2.3900000000000001e-07,-0.39613255688978988
2.3949999999999999e-07,-0.60851448476460279
2.3999999999999998e-07,-0.71149615159119728
2.4050000000000002e-07,-0.63887984586746527
2.41e-07,-0.39014820268958555
2.4149999999999999e-07,-0.036345669709069772
2.4200000000000002e-07,0.30947380871913349
2.4250000000000001e-07,0.54247183686907652
2.4299999999999999e-07,0.61125117948168695
2.4349999999999998e-07,0.5351964805840882
2.4400000000000001e-07,0.3860078073625286
2.445e-07,0.24455478156986171
2.4499999999999998e-07,0.15704017035831005
2.4550000000000002e-07,0.11423502082874701
2.4600000000000001e-07,0.064440094345997845
2.4649999999999999e-07,-0.047970094625575915
2.4699999999999998e-07,-0.24079139838434122
2.4750000000000001e-07,-0.47328628134702833
2.48e-07,-0.65930788794747763
2.4849999999999998e-07,-0.708396021934526
2.4900000000000002e-07,-0.57335508457073603
2.495e-07,-0.27872839831205293
2.4999999999999999e-07,0.085672035307877911
2.5050000000000003e-07,0.40363285028563484
2.5100000000000001e-07,0.58411386778296448
2.515e-07,0.59917720082282433
2.5199999999999998e-07,0.48931491650649572
2.5250000000000002e-07,0.33466601633347404
2.53e-07,0.20868472118590281
2.5349999999999999e-07,0.13978083882230247
2.5400000000000002e-07,0.10152088721169705
2.5450000000000001e-07,0.035914932837780605
2.5499999999999999e-07,-0.10409194065263153
2.5549999999999998e-07,-0.31750953857050623
2.5600000000000002e-07,-0.54531949521747969
2.565e-07,-0.6945081684390273
2.5699999999999999e-07,-0.68420593648235906
2.5750000000000002e-07,-0.48952360716340526
2.5800000000000001e-07,-0.15932385505259192
2.5849999999999999e-07,0.20230665126672426
2.5899999999999998e-07,0.48195894688629559
2.5950000000000001e-07,0.60677316866901354
2.6e-07,0.57287588657764044
2.6049999999999998e-07,0.43852151332362366
2.6100000000000002e-07,0.2869137357780972
2.6150000000000001e-07,0.17964673195082489
2.6199999999999999e-07,0.12620860964110583
2.6249999999999997e-07,0.085672035307902197
2.6300000000000001e-07,-0.0013041576675071886
2.635e-07,-0.16888794873858162
2.6399999999999998e-07,-0.39613255688978499
2.6450000000000002e-07,-0.60851448476461234
2.65e-07,-0.7114961515911985
2.6549999999999999e-07,-0.63887984586748137
2.6600000000000003e-07,-0.39014820268959216
2.6650000000000001e-07,-0.036345669709049573
2.67e-07,0.30947380871910429
2.6749999999999998e-07,0.54247183686906175
2.6800000000000002e-07,0.61125117948168628
2.685e-07,0.53519648058409086
2.6899999999999999e-07,0.3860078073625437
2.6950000000000002e-07,0.24455478156985525
2.7000000000000001e-07,0.15704017035830681
2.7049999999999999e-07,0.11423502082875045
2.7099999999999998e-07,0.06444009434600495
2.7150000000000002e-07,-0.047970094625584353
2.72e-07,-0.24079139838435351
2.7249999999999999e-07,-0.47328628134702366
2.7300000000000002e-07,-0.65930788794748485
2.7350000000000001e-07,-0.70839602193452378
2.7399999999999999e-07,-0.57335508457074069
2.7449999999999998e-07,-0.27872839831206014
2.7500000000000001e-07,0.085672035307897562
2.755e-07,0.40363285028562945
2.7599999999999998e-07,0.58411386778296248
2.7650000000000002e-07,0.59917720082282111
2.7700000000000001e-07,0.48931491650648778
2.7749999999999999e-07,0.33466601633347726
2.7799999999999997e-07,0.20868472118590484
2.7850000000000001e-07,0.13978083882229997
2.79e-07,0.10152088721170105
2.7949999999999998e-07,0.035914932837790042
2.8000000000000002e-07,-0.10409194065264149
2.805e-07,-0.317509538570519
2.8099999999999999e-07,-0.54531949521745993
2.8150000000000003e-07,-0.69450816843902574
2.8200000000000001e-07,-0.68420593648236128
2.825e-07,-0.4895236071634318
2.8299999999999998e-07,-0.15932385505262708
2.8350000000000002e-07,0.20230665126674269
2.84e-07,0.48195894688629126
2.8449999999999999e-07,0.60677316866900965
2.8500000000000002e-07,0.57287588657763511
2.8550000000000001e-07,0.43852151332361505
2.8599999999999999e-07,0.28691373577809998
2.8649999999999998e-07,0.17964673195083231
2.8700000000000002e-07,0.12620860964110384
2.875e-07,0.085672035307899214
2.8799999999999998e-07,-0.0013041576675045796
2.8850000000000002e-07,-0.16888794873859289
2.8900000000000001e-07,-0.39613255688979787
2.8949999999999999e-07,-0.60851448476460868
2.8999999999999998e-07,-0.71149615159119806
2.9050000000000001e-07,-0.63887984586747226
2.91e-07,-0.39014820268959882
2.9149999999999998e-07,-0.036345669709057261
2.9200000000000002e-07,0.30947380871912089
2.9250000000000001e-07,0.54247183686907008
2.9299999999999999e-07,0.6112511794816875
2.9349999999999997e-07,0.53519648058409353
2.9400000000000001e-07,0.38600780736253504
2.945e-07,0.24455478156986651
2.9499999999999998e-07,0.15704017035831244
2.9550000000000002e-07,0.11423502082874851
2.96e-07,0.064440094346000912
2.9649999999999999e-07,-0.047970094625569532
2.9700000000000003e-07,-0.24079139838436575
2.9750000000000001e-07,-0.47328628134701894
2.9799999999999999e-07,-0.6593078879474723
2.9849999999999998e-07,-0.70839602193452766
2.9900000000000002e-07,-0.57335508457072837
2.995e-07,-0.2787283983120411
2.9999999999999999e-07,0.085672035307862923
3.0050000000000002e-07,0.40363285028564361
3.0100000000000001e-07,0.58411386778296781
3.0149999999999999e-07,0.59917720082282233
3.0199999999999998e-07,0.48931491650649073
3.0250000000000002e-07,0.33466601633346904
3.03e-07,0.20868472118589951
3.0349999999999998e-07,0.13978083882230091
3.0400000000000002e-07,0.1015208872116988
3.0450000000000001e-07,0.035914932837784685
3.0499999999999999e-07,-0.10409194065263774
3.0549999999999998e-07,-0.31750953857051412
3.0600000000000001e-07,-0.54531949521747114
3.065e-07,-0.69450816843902408
3.0699999999999998e-07,-0.68420593648236339
3.0750000000000002e-07,-0.4895236071634167
3.0800000000000001e-07,-0.1593238550526071
3.0849999999999999e-07,0.20230665126671021
3.0899999999999997e-07,0.48195894688628693
3.0950000000000001e-07,0.60677316866901188
3.1e-07,0.57287588657764443
3.1049999999999998e-07,0.4385215133236301
3.1100000000000002e-07,0.28691373577810281
3.115e-07,0.17964673195082803
3.1199999999999999e-07,0.12620860964110739
3.1250000000000003e-07,0.08567203530789623
3.1300000000000001e-07,-0.0013041576675114352
3.1349999999999999e-07,-0.16888794873857307
3.1399999999999998e-07,-0.39613255688977522
3.1450000000000002e-07,-0.608514484764618
3.15e-07,-0.71149615159119917
3.1549999999999999e-07,-0.6388798458674757
3.1600000000000002e-07,-0.39014820268958139
3.1650000000000001e-07,-0.03634566970903709
3.1699999999999999e-07,0.30947380871911456
3.1749999999999998e-07,0.54247183686906686
3.1800000000000002e-07,0.61125117948168672
3.185e-07,0.53519648058408664
3.1899999999999998e-07,0.38600780736253837
3.1950000000000002e-07,0.24455478156986016
3.2000000000000001e-07,0.15704017035830925
3.2049999999999999e-07,0.11423502082874926
3.2099999999999998e-07,0.064440094346002466
3.2150000000000001e-07,-0.047970094625577914
3.22e-07,-0.24079139838434413
3.2249999999999998e-07,-0.47328628134701428
3.2300000000000002e-07,-0.65930788794747941
3.235e-07,-0.70839602193452544
3.2399999999999999e-07,-0.57335508457075002
3.2449999999999997e-07,-0.27872839831207463
3.2500000000000001e-07,0.085672035307882588
3.255e-07,0.40363285028561863
3.2599999999999998e-07,0.58411386778295848
3.2650000000000002e-07,0.59917720082281911
3.27e-07,0.48931491650649384
3.2749999999999999e-07,0.33466601633348336
3.2800000000000003e-07,0.20868472118589423
3.2850000000000001e-07,0.13978083882229841
3.2899999999999999e-07,0.10152088721169966
3.2949999999999998e-07,0.03591493283779415
3.3000000000000002e-07,-0.10409194065264768
3.305e-07,-0.31750953857052694
3.3099999999999999e-07,-0.54531949521746681
3.3150000000000002e-07,-0.69450816843902841
3.3200000000000001e-07,-0.68420593648235772
3.3249999999999999e-07,-0.48952360716342247
3.3299999999999998e-07,-0.15932385505261473
3.3350000000000002e-07,0.20230665126672864
3.34e-07,0.48195894688629826
3.3449999999999998e-07,0.60677316866901099
3.3500000000000002e-07,0.57287588657763922
3.3550000000000001e-07,0.43852151332362155
3.3599999999999999e-07,0.28691373577810564
3.3649999999999998e-07,0.17964673195082964
3.3700000000000001e-07,0.12620860964110536
3.375e-07,0.085672035307901476
3.3799999999999998e-07,-0.0013041576674993616
3.3850000000000002e-07,-0.16888794873858429
3.39e-07,-0.3961325568897881
3.3949999999999999e-07,-0.60851448476461345
3.3999999999999997e-07,-0.71149615159119706
3.4050000000000001e-07,-0.63887984586747915
3.41e-07,-0.39014820268958805
3.4149999999999998e-07,-0.036345669709072645
3.4200000000000002e-07,0.30947380871910823
3.425e-07,0.5424718368690753
3.4299999999999999e-07,0.61125117948168795
3.4350000000000003e-07,0.5351964805840892
3.4400000000000001e-07,0.38600780736252982
3.4449999999999999e-07,0.24455478156987145
3.4499999999999998e-07,0.15704017035831053
3.4550000000000002e-07,0.11423502082874731
3.46e-07,0.064440094346003993
3.4649999999999999e-07,-0.04797009462557475
3.4700000000000002e-07,-0.24079139838435643
3.4750000000000001e-07,-0.47328628134700956
3.4799999999999999e-07,-0.65930788794747663
3.4849999999999998e-07,-0.70839602193452933
3.4900000000000001e-07,-0.57335508457072082
3.495e-07,-0.27872839831205565
3.4999999999999998e-07,0.085672035307847949
3.5050000000000002e-07,0.40363285028565243
3.5100000000000001e-07,0.58411386778296381
3.5149999999999999e-07,0.59917720082282033
3.5199999999999998e-07,0.48931491650649683
3.5250000000000001e-07,0.33466601633347526
3.53e-07,0.20868472118589626
3.5349999999999998e-07,0.1397808388223028
3.5400000000000002e-07,0.10152088721170052
3.545e-07,0.035914932837781355
3.5499999999999999e-07,-0.10409194065263017
3.5549999999999997e-07,-0.31750953857052205
3.5600000000000001e-07,-0.54531949521747802
3.565e-07,-0.69450816843902086
3.5699999999999998e-07,-0.68420593648235983
3.5750000000000002e-07,-0.48952360716340737
3.58e-07,-0.15932385505262231
3.5849999999999999e-07,0.20230665126672162
3.5900000000000003e-07,0.48195894688630969
3.5950000000000001e-07,0.60677316866901021
3.5999999999999999e-07,0.5728758865776411
3.6049999999999998e-07,0.43852151332363659
3.6100000000000002e-07,0.28691373577810841
3.615e-07,0.17964673195082545
3.6199999999999999e-07,0.12620860964110897
3.6250000000000002e-07,0.08567203530789437
3.6300000000000001e-07,-0.0013041576675062172
3.6349999999999999e-07,-0.16888794873856444
3.6399999999999998e-07,-0.39613255688978316
3.6450000000000001e-07,-0.6085144847646109
3.65e-07,-0.71149615159119983
3.6549999999999998e-07,-0.6388798458674827
3.6600000000000002e-07,-0.3901482026895946
3.6650000000000001e-07,-0.036345669709024579
3.6699999999999999e-07,0.30947380871910191
3.6749999999999998e-07,0.54247183686907208
3.6800000000000001e-07,0.61125117948168628
3.685e-07,0.53519648058409186
3.6899999999999998e-07,0.38600780736253304
3.6950000000000002e-07,0.24455478156985611
3.7e-07,0.15704017035831178
3.7049999999999999e-07,0.11423502082874804
3.7099999999999997e-07,0.064440094346005533
3.7150000000000001e-07,-0.04797009462557153
3.72e-07,-0.24079139838435176
3.7249999999999998e-07,-0.4732862813470049
3.7300000000000002e-07,-0.65930788794747386
3.735e-07,-0.70839602193452411
3.7399999999999999e-07,-0.57335508457075945
3.7450000000000002e-07,-0.27872839831206286
3.7500000000000001e-07,0.085672035307894759
3.7549999999999999e-07,0.4036328502856078
3.7599999999999998e-07,0.5841138677829617
3.7650000000000002e-07,0.59917720082282155
3.77e-07,0.48931491650649994
3.7749999999999999e-07,0.33466601633347837
3.7800000000000002e-07,0.20868472118589829
3.7850000000000001e-07,0.13978083882229694
3.7899999999999999e-07,0.10152088721170138
3.7949999999999998e-07,0.035914932837798202
3.8000000000000001e-07,-0.10409194065265381
3.805e-07,-0.31750953857051722
3.8099999999999998e-07,-0.54531949521744294
3.8150000000000002e-07,-0.69450816843903107
3.8200000000000001e-07,-0.68420593648236205
3.8249999999999999e-07,-0.48952360716341309
3.8299999999999998e-07,-0.15932385505262994
3.8350000000000001e-07,0.2023066512667146
3.84e-07,0.48195894688630536
3.8449999999999998e-07,0.60677316866900943
3.8500000000000002e-07,0.57287588657764321
3.855e-07,0.43852151332361627
3.8599999999999999e-07,0.28691373577811125
3.8650000000000003e-07,0.17964673195082703
3.8700000000000001e-07,0.12620860964110414
3.875e-07,0.085672035307903752
3.8799999999999998e-07,-0.0013041576675035804
3.8850000000000002e-07,-0.16888794873859128
3.89e-07,-0.39613255688977828
3.8949999999999999e-07,-0.60851448476460734
3.9000000000000002e-07,-0.7114961515911995
3.9050000000000001e-07,-0.63887984586748603
3.9099999999999999e-07,-0.39014820268960126
3.9149999999999998e-07,-0.036345669709088022
3.9200000000000002e-07,0.30947380871909558
3.925e-07,0.54247183686906886
3.9299999999999999e-07,0.6112511794816885
3.9350000000000002e-07,0.53519648058407532
3.9400000000000001e-07,0.38600780736253626
3.9449999999999999e-07,0.24455478156987639
3.9499999999999998e-07,0.15704017035831297
3.9550000000000001e-07,0.1142350208287488
3.96e-07,0.064440094345995916
3.9649999999999998e-07,-0.047970094625568283
3.9700000000000002e-07,-0.24079139838434713
3.9750000000000001e-07,-0.47328628134703421
3.9799999999999999e-07,-0.65930788794747119
3.9849999999999998e-07,-0.70839602193452489
3.9900000000000001e-07,-0.57335508457073014
3.995e-07,-0.27872839831207014
3.9999999999999998e-07,0.085672035307887265
4.0050000000000002e-07,0.40363285028564155
4.01e-07,0.58411386778295971
4.0149999999999999e-07,0.59917720082282278
4.0200000000000003e-07,0.48931491650648085
4.0250000000000001e-07,0.33466601633348148
4.03e-07,0.20868472118590028
4.0349999999999998e-07,0.13978083882230466
4.0400000000000002e-07,0.10152088721170227
4.045e-07,0.035914932837785463
4.0499999999999999e-07,-0.10409194065262259
4.0550000000000002e-07,-0.31750953857051234
4.0600000000000001e-07,-0.54531949521746947
4.0649999999999999e-07,-0.69450816843901741
4.0699999999999998e-07,-0.68420593648236427
4.0750000000000002e-07,-0.48952360716341886
4.08e-07,-0.15932385505263752
4.0849999999999999e-07,0.20230665126670755
4.0900000000000002e-07,0.48195894688630103
4.0950000000000001e-07,0.60677316866901454
4.0999999999999999e-07,0.57287588657764521
4.1049999999999998e-07,0.43852151332364314
4.1100000000000001e-07,0.28691373577809359
4.115e-07,0.17964673195082867
4.1199999999999998e-07,0.12620860964110489
4.1250000000000002e-07,0.08567203530789666
4.1300000000000001e-07,-0.0013041576675009992
4.1349999999999999e-07,-0.16888794873858706
4.1399999999999997e-07,-0.39613255688977339
4.1450000000000001e-07,-0.60851448476460379
4.15e-07,-0.71149615159119906
4.1549999999999998e-07,-0.63887984586748958
4.1600000000000002e-07,-0.39014820268960781
4.165e-07,-0.036345669709039963
4.1699999999999999e-07,0.3094738087190893
4.1750000000000003e-07,0.54247183686906575
4.1800000000000001e-07,0.61125117948168695
4.185e-07,0.53519648058409719
4.1899999999999998e-07,0.38600780736253948
4.1950000000000002e-07,0.24455478156986105
4.2e-07,0.15704017035831422
4.2049999999999999e-07,0.11423502082874953
4.2100000000000002e-07,0.06444009434599747
4.2150000000000001e-07,-0.047970094625565091
4.2199999999999999e-07,-0.24079139838434241
4.2249999999999998e-07,-0.47328628134699552
4.2300000000000002e-07,-0.65930788794748829
4.235e-07,-0.70839602193452578
4.2399999999999999e-07,-0.57335508457076878
4.2450000000000002e-07,-0.27872839831202484
4.2500000000000001e-07,0.085672035307879785
4.2549999999999999e-07,0.40363285028563622
4.2599999999999998e-07,0.58411386778295771
4.2650000000000001e-07,0.599177200822824
4.27e-07,0.48931491650648384
4.2749999999999998e-07,0.33466601633348458
4.2800000000000002e-07,0.20868472118590234
4.2850000000000001e-07,0.1397808388222988
4.2899999999999999e-07,0.10152088721170313
4.2949999999999997e-07,0.035914932837787489
4.3000000000000001e-07,-0.10409194065264629
4.305e-07,-0.31750953857050745
4.3099999999999998e-07,-0.54531949521746526
4.3150000000000002e-07,-0.69450816843902785
4.32e-07,-0.68420593648236649
4.3249999999999999e-07,-0.48952360716342458
4.3300000000000003e-07,-0.15932385505259
4.3350000000000001e-07,0.20230665126670055
4.34e-07,0.4819589468862967
4.3449999999999998e-07,0.60677316866900766
4.3500000000000002e-07,0.57287588657764721
4.355e-07,0.43852151332362277
4.3599999999999999e-07,0.28691373577811696
4.3650000000000002e-07,0.17964673195081862
4.3700000000000001e-07,0.1262086096411057
4.3749999999999999e-07,0.085672035307906014
4.3799999999999998e-07,-0.0013041576674983901
4.3850000000000002e-07,-0.1688879487385827
4.39e-07,-0.39613255688980398
4.3949999999999998e-07,-0.60851448476460013
4.4000000000000002e-07,-0.7114961515911985
4.4050000000000001e-07,-0.63887984586746782
4.4099999999999999e-07,-0.39014820268961448
4.4149999999999998e-07,-0.036345669709047651
4.4200000000000001e-07,0.30947380871912877
4.425e-07,0.54247183686906253
4.4299999999999998e-07,0.61125117948168717
4.4350000000000002e-07,0.53519648058408065
4.4400000000000001e-07,0.38600780736254287
4.4449999999999999e-07,0.24455478156986352
4.4499999999999997e-07,0.15704017035831544
4.4550000000000001e-07,0.11423502082875028
4.46e-07,0.064440094345998997
4.4649999999999998e-07,-0.047970094625561871
4.4700000000000002e-07,-0.2407913983843378
4.475e-07,-0.47328628134702483
4.4799999999999999e-07,-0.65930788794746586
4.4850000000000003e-07,-0.70839602193452655
4.4900000000000001e-07,-0.57335508457073947
4.495e-07,-0.27872839831208457
4.4999999999999998e-07,0.085672035307872305
4.5050000000000002e-07,0.40363285028563078
4.51e-07,0.58411386778295571
4.5149999999999999e-07,0.59917720082282522
4.5200000000000002e-07,0.48931491650648695
4.5250000000000001e-07,0.33466601633346515
4.5299999999999999e-07,0.20868472118590434
4.5349999999999998e-07,0.13978083882230652
4.5400000000000002e-07,0.10152088721169772
4.545e-07,0.035914932837789543
4.5499999999999998e-07,-0.10409194065264243
4.5550000000000002e-07,-0.31750953857053799
4.5600000000000001e-07,-0.54531949521746104
4.5649999999999999e-07,-0.69450816843902619
4.5699999999999998e-07,-0.68420593648236849
4.5750000000000001e-07,-0.48952360716343035
4.58e-07,-0.15932385505259758
4.5849999999999998e-07,0.2023066512666935
4.5900000000000002e-07,0.48195894688629237
4.5950000000000001e-07,0.60677316866901299
4.5999999999999999e-07,0.57287588657764932
4.6049999999999997e-07,0.43852151332362599
4.6100000000000001e-07,0.2869137357780992
4.615e-07,0.17964673195083186
4.6199999999999998e-07,0.12620860964110645
4.6250000000000002e-07,0.085672035307898922
4.63e-07,-0.0013041576674957811
4.6349999999999999e-07,-0.16888794873857843
4.6400000000000003e-07,-0.39613255688979909
4.6450000000000001e-07,-0.60851448476459657
4.6499999999999999e-07,-0.71149615159119806
4.6549999999999998e-07,-0.63887984586749647
4.6600000000000002e-07,-0.39014820268957318
4.665e-07,-0.036345669709055339
4.6699999999999999e-07,0.30947380871907665
4.6750000000000002e-07,0.5424718368690824
4.6800000000000001e-07,0.61125117948168739
4.6849999999999999e-07,0.5351964805840832
4.6899999999999998e-07,0.38600780736254614
4.6950000000000002e-07,0.24455478156986599
4.7e-07,0.15704017035830772
4.7049999999999998e-07,0.11423502082875102
4.7100000000000002e-07,0.064440094346000537
4.7150000000000001e-07,-0.047970094625581938
4.7199999999999999e-07,-0.24079139838433308
4.7249999999999998e-07,-0.47328628134702011
4.7300000000000001e-07,-0.65930788794748285
4.735e-07,-0.70839602193452744
4.7399999999999998e-07,-0.57335508457074424
4.7450000000000002e-07,-0.27872839831203933
4.75e-07,0.085672035307864797
4.7549999999999999e-07,0.40363285028562534
4.7599999999999997e-07,0.58411386778295371
4.7650000000000001e-07,0.59917720082282644
4.7700000000000005e-07,0.48931491650646786
4.7749999999999998e-07,0.3346660163334908
4.7800000000000002e-07,0.20868472118590639
4.7849999999999995e-07,0.13978083882230746
4.7899999999999999e-07,0.10152088721170485
4.7950000000000003e-07,0.035914932837776775
4.7999999999999996e-07,-0.10409194065261124
4.8049999999999999e-07,-0.31750953857049768
4.8100000000000003e-07,-0.54531949521748768
4.8149999999999996e-07,-0.69450816843901253
4.82e-07,-0.68420593648235495
4.8250000000000004e-07,-0.48952360716339438
4.8299999999999997e-07,-0.15932385505266036
4.8350000000000001e-07,0.20230665126673741
4.8400000000000005e-07,0.48195894688631957
4.8449999999999998e-07,0.6067731686690121
4.8500000000000002e-07,0.57287588657763655
4.8550000000000005e-07,0.43852151332360567
4.8599999999999998e-07,0.28691373577810209
4.8650000000000002e-07,0.17964673195082181
4.8699999999999995e-07,0.12620860964110719
4.8749999999999999e-07,0.08567203530790006
4.8800000000000003e-07,-0.0013041576675121014
4.8849999999999996e-07,-0.16888794873857413
4.89e-07,-0.39613255688979421
4.8950000000000004e-07,-0.608514484764619
4.8999999999999997e-07,-0.71149615159119761
4.905e-07,-0.63887984586747482
4.9100000000000004e-07,-0.39014820268957973
4.9149999999999997e-07,-0.036345669709063028
4.9200000000000001e-07,0.30947380871911612
4.9250000000000005e-07,0.54247183686907929
4.9299999999999998e-07,0.61125117948168761
4.9350000000000002e-07,0.53519648058408587
4.9399999999999995e-07,0.38600780736254936
4.9449999999999999e-07,0.2445547815698684
4.9500000000000003e-07,0.15704017035830897
4.9549999999999996e-07,0.11423502082875175
4.9599999999999999e-07,0.064440094346002064
4.9650000000000003e-07,-0.047970094625578719
4.9699999999999996e-07,-0.24079139838432848
4.975e-07,-0.47328628134701545
4.9800000000000004e-07,-0.65930788794748008
4.9849999999999997e-07,-0.70839602193452844
4.9900000000000001e-07,-0.57335508457074891
4.9950000000000005e-07,-0.27872839831204654
4.9999999999999998e-07,0.085672035307857303
5.0050000000000001e-07,0.40363285028562002
5.0100000000000005e-07,0.58411386778296626
5.0149999999999998e-07,0.59917720082282766
5.0200000000000002e-07,0.489314916506493
5.0249999999999995e-07,0.33466601633349391
5.0299999999999999e-07,0.20868472118590839
5.0350000000000003e-07,0.13978083882230161
5.0399999999999996e-07,0.10152088721170574
5.045e-07,0.035914932837793623
5.0500000000000004e-07,-0.10409194065263486
5.0549999999999997e-07,-0.3175095385704928
5.06e-07,-0.54531949521745249
5.0650000000000004e-07,-0.69450816843903485
5.0699999999999997e-07,-0.68420593648237293
5.0750000000000001e-07,-0.48952360716344184
5.0800000000000005e-07,-0.15932385505255764
5.0849999999999998e-07,0.20230665126667949
5.0900000000000002e-07,0.48195894688631513
5.0949999999999995e-07,0.60677316866900521
5.0999999999999999e-07,0.57287588657765331
5.1050000000000003e-07,0.438521513323609
5.1099999999999996e-07,0.2869137357781254
5.1149999999999999e-07,0.1796467319508234
5.1200000000000003e-07,0.12620860964110239
5.1249999999999996e-07,0.085672035307909428
5.13e-07,-0.0013041576675094924
5.1350000000000004e-07,-0.16888794873860091
5.1399999999999997e-07,-0.39613255688978932
5.1450000000000001e-07,-0.60851448476461545
5.1500000000000005e-07,-0.7114961515912005
5.1549999999999998e-07,-0.63887984586747826
5.1600000000000001e-07,-0.39014820268958639
5.1650000000000005e-07,-0.036345669709014969
5.1699999999999998e-07,0.30947380871910979
5.1750000000000002e-07,0.54247183686907607
5.1799999999999995e-07,0.61125117948168795
5.1849999999999999e-07,0.53519648058408853
5.1900000000000003e-07,0.38600780736252899
5.1949999999999996e-07,0.24455478156987082
5.2e-07,0.15704017035831022
5.2050000000000004e-07,0.11423502082874711
5.2099999999999997e-07,0.064440094346003618
5.215e-07,-0.047970094625575499
5.2200000000000004e-07,-0.24079139838435759
5.2249999999999997e-07,-0.47328628134701073
5.2300000000000001e-07,-0.65930788794747741
5.2350000000000005e-07,-0.70839602193452311
5.2399999999999998e-07,-0.57335508457075357
5.2450000000000002e-07,-0.27872839831205376
5.2499999999999995e-07,0.085672035307849809
5.2549999999999999e-07,0.40363285028561458
5.2600000000000002e-07,0.58411386778296426
5.2649999999999996e-07,0.59917720082282888
5.2699999999999999e-07,0.489314916506496
5.2750000000000003e-07,0.33466601633347448
5.2799999999999996e-07,0.20868472118591044
5.285e-07,0.13978083882230255
5.2900000000000004e-07,0.10152088721170031
5.2949999999999997e-07,0.035914932837795649
5.3000000000000001e-07,-0.10409194065263114
5.3050000000000005e-07,-0.31750953857052328
5.3099999999999998e-07,-0.54531949521744827
5.3150000000000001e-07,-0.69450816843902119
5.3200000000000005e-07,-0.68420593648235939
5.3249999999999998e-07,-0.48952360716344756
5.3300000000000002e-07,-0.15932385505262042
5.3349999999999995e-07,0.20230665126667244
5.3399999999999999e-07,0.48195894688627933
5.3450000000000003e-07,0.60677316866901043
5.3499999999999996e-07,0.57287588657765531
5.355e-07,0.43852151332363587
5.3600000000000004e-07,0.28691373577808726
5.3649999999999997e-07,0.17964673195083666
5.37e-07,0.12620860964110875
5.3750000000000004e-07,0.085672035307894107
5.3799999999999997e-07,-0.001304157667487954
5.3850000000000001e-07,-0.16888794873859667
5.3900000000000005e-07,-0.39613255688981996
5.3949999999999998e-07,-0.60851448476458569
5.4000000000000002e-07,-0.71149615159119994
5.4049999999999995e-07,-0.6388798458675069
5.4099999999999999e-07,-0.39014820268964095
5.4150000000000002e-07,-0.036345669709022657
5.4199999999999996e-07,0.30947380871905772
5.4249999999999999e-07,0.54247183686907285
5.4300000000000003e-07,0.61125117948168628
5.4349999999999996e-07,0.5351964805841104
5.44e-07,0.38600780736253226
5.4450000000000004e-07,0.24455478156985552
5.4499999999999997e-07,0.15704017035831142
5.4550000000000001e-07,0.11423502082874787
5.4600000000000005e-07,0.064440094345994042
5.4649999999999998e-07,-0.047970094625572335
5.4700000000000001e-07,-0.2407913983843529
5.4750000000000005e-07,-0.47328628134704009
5.4799999999999998e-07,-0.65930788794747464
5.4850000000000002e-07,-0.70839602193452389
5.4899999999999995e-07,-0.57335508457075823
5.4949999999999999e-07,-0.27872839831206103
5.5000000000000003e-07,0.085672035307896632
5.5049999999999996e-07,0.40363285028560913
5.51e-07,0.58411386778296226
5.5150000000000003e-07,0.59917720082282122
5.5199999999999997e-07,0.48931491650649911
5.525e-07,0.33466601633347759
5.5300000000000004e-07,0.20868472118589768
5.5349999999999997e-07,0.13978083882230349
5.5400000000000001e-07,0.10152088721170117
5.5450000000000005e-07,0.035914932837782909
5.5499999999999998e-07,-0.10409194065262733
5.5550000000000002e-07,-0.31750953857051845
5.5599999999999995e-07,-0.54531949521744405
5.5649999999999999e-07,-0.69450816843901952
5.5700000000000002e-07,-0.6842059364823615
5.5749999999999996e-07,-0.48952360716345333
5.5799999999999999e-07,-0.15932385505262803
5.5850000000000003e-07,0.20230665126671635
5.5899999999999996e-07,0.48195894688627494
5.595e-07,0.60677316866900965
5.6000000000000004e-07,0.57287588657764277
5.6049999999999997e-07,0.43852151332363909
5.6100000000000001e-07,0.28691373577811058
5.6150000000000005e-07,0.17964673195082664
5.6199999999999998e-07,0.12620860964110953
5.6250000000000001e-07,0.08567203530790346
5.6300000000000005e-07,-0.0013041576675042466
5.6349999999999998e-07,-0.16888794873856133
5.6400000000000002e-07,-0.39613255688977955
5.6449999999999995e-07,-0.60851448476458214
5.6499999999999999e-07,-0.71149615159119628
5.6550000000000003e-07,-0.63887984586748525
5.6599999999999996e-07,-0.39014820268964756
5.665e-07,-0.036345669709086099
5.6700000000000003e-07,0.30947380871914298
5.6749999999999997e-07,0.54247183686904643
5.68e-07,0.61125117948168839
5.6850000000000004e-07,0.53519648058407465
5.6899999999999997e-07,0.38600780736255919
5.6950000000000001e-07,0.24455478156985799
5.7000000000000005e-07,0.15704017035830375
5.7049999999999998e-07,0.114235020828754
5.7100000000000002e-07,0.064440094345995541
5.7149999999999995e-07,-0.047970094625545828
5.7199999999999999e-07,-0.24079139838434827
5.7250000000000002e-07,-0.47328628134703538
5.7299999999999996e-07,-0.65930788794745221
5.7349999999999999e-07,-0.70839602193452478
5.7400000000000003e-07,-0.57335508457072903
5.7449999999999996e-07,-0.2787283983120683
5.75e-07,0.085672035307889152
5.7550000000000004e-07,0.40363285028564294
5.7599999999999997e-07,0.58411386778296026
5.7650000000000001e-07,0.59917720082282244
5.7700000000000004e-07,0.48931491650648012
5.7749999999999998e-07,0.3346660163334807
5.7800000000000001e-07,0.20868472118589981
5.7850000000000005e-07,0.13978083882229758
5.7899999999999998e-07,0.10152088721170204
5.7950000000000002e-07,0.035914932837784935
5.7999999999999995e-07,-0.10409194065262353
5.8049999999999999e-07,-0.31750953857051356
5.8100000000000003e-07,-0.54531949521747058
5.8149999999999996e-07,-0.69450816843901786
5.82e-07,-0.68420593648236372
5.8250000000000003e-07,-0.48952360716341742
5.8299999999999997e-07,-0.15932385505263563
5.835e-07,0.20230665126670933
5.8400000000000004e-07,0.48195894688630214
5.8449999999999997e-07,0.60677316866900877
5.8500000000000001e-07,0.57287588657764477
5.8550000000000005e-07,0.43852151332361872
5.8599999999999998e-07,0.28691373577811341
5.8650000000000002e-07,0.17964673195082828
5.8699999999999995e-07,0.12620860964111033
5.8749999999999999e-07,0.085672035307904598
5.8800000000000002e-07,-0.0013041576675016653
5.8849999999999996e-07,-0.16888794873855695
5.8899999999999999e-07,-0.39613255688977467
5.8950000000000003e-07,-0.60851448476460457
5.8999999999999996e-07,-0.71149615159119584
5.905e-07,-0.63887984586748869
5.9100000000000004e-07,-0.3901482026896062
5.9149999999999997e-07,-0.036345669709093781
5.9200000000000001e-07,0.30947380871909091
5.9250000000000004e-07,0.54247183686906641
5.9299999999999998e-07,0.61125117948168861
5.9350000000000001e-07,0.53519648058409641
5.9400000000000005e-07,0.38600780736251505
5.9449999999999998e-07,0.24455478156987817
5.9500000000000002e-07,0.15704017035831394
5.9549999999999995e-07,0.11423502082875477
5.9599999999999999e-07,0.064440094346008212
5.9650000000000003e-07,-0.047970094625589182
5.9699999999999996e-07,-0.24079139838430969
5.975e-07,-0.47328628134699668
5.9800000000000003e-07,-0.65930788794748885
5.9849999999999997e-07,-0.70839602193453177
5.99e-07,-0.5733550845707337
5.9950000000000004e-07,-0.27872839831202301
5.9999999999999997e-07,0.085672035307827354
6.0050000000000001e-07,0.40363285028563756
6.0100000000000005e-07,0.58411386778297281
6.0149999999999998e-07,0.59917720082282366
6.0200000000000002e-07,0.48931491650648312
6.0249999999999995e-07,0.33466601633350634
6.0299999999999999e-07,0.20868472118590173
6.0350000000000002e-07,0.13978083882229858
6.0399999999999996e-07,0.10152088721170291
6.0449999999999999e-07,0.035914932837786989
6.0500000000000003e-07,-0.10409194065264718
6.0549999999999996e-07,-0.31750953857050868
6.06e-07,-0.54531949521746637
6.0650000000000004e-07,-0.69450816843902818
6.0699999999999997e-07,-0.68420593648236583
6.0750000000000001e-07,-0.48952360716342314
6.0800000000000004e-07,-0.15932385505258809
6.0849999999999998e-07,0.2023066512667023
6.0900000000000001e-07,0.48195894688629781
6.0950000000000005e-07,0.60677316866901398
6.0999999999999998e-07,0.57287588657764676
6.1050000000000002e-07,0.43852151332362194
6.1099999999999995e-07,0.28691373577811619
6.1149999999999999e-07,0.17964673195082984
6.1200000000000003e-07,0.12620860964110547
6.1249999999999996e-07,0.085672035307905736
6.13e-07,-0.0013041576674990285
6.1350000000000003e-07,-0.16888794873858382
6.1399999999999997e-07,-0.39613255688976967
6.145e-07,-0.60851448476460102
6.1500000000000004e-07,-0.71149615159119861
6.1549999999999997e-07,-0.63887984586749225
6.1600000000000001e-07,-0.39014820268961287
6.1650000000000005e-07,-0.036345669709045729
6.1699999999999998e-07,0.30947380871908459
6.1750000000000002e-07,0.54247183686906331
6.1799999999999995e-07,0.61125117948168894
6.1849999999999999e-07,0.53519648058409919
6.1900000000000002e-07,0.38600780736254203
6.1949999999999996e-07,0.24455478156988064
6.1999999999999999e-07,0.15704017035831511
6.2050000000000003e-07,0.11423502082875009
6.2099999999999996e-07,0.064440094346009738
6.215e-07,-0.047970094625562676
6.2200000000000004e-07,-0.24079139838433891
6.2249999999999997e-07,-0.47328628134699197
6.2300000000000001e-07,-0.65930788794746664
6.2350000000000004e-07,-0.70839602193452034
6.2399999999999998e-07,-0.57335508457077233
6.2450000000000001e-07,-0.27872839831208279
6.2500000000000005e-07,0.085672035307928468
6.2549999999999998e-07,0.40363285028559293
6.2600000000000002e-07,0.5841138677829707
6.2649999999999995e-07,0.59917720082283377
6.2699999999999999e-07,0.48931491650650827
6.2750000000000003e-07,0.33466601633346438
6.2799999999999996e-07,0.20868472118591852
6.285e-07,0.1397808388222995
6.2900000000000003e-07,0.1015208872116975
6.2949999999999997e-07,0.035914932837803809
6.3e-07,-0.10409194065264341
6.3050000000000004e-07,-0.31750953857053921
6.3099999999999997e-07,-0.54531949521746215
6.3150000000000001e-07,-0.69450816843902652
6.3200000000000005e-07,-0.68420593648235228
6.3249999999999998e-07,-0.48952360716342891
6.3300000000000002e-07,-0.15932385505259572
6.3349999999999995e-07,0.20230665126669528
6.3399999999999999e-07,0.48195894688629348
6.3450000000000002e-07,0.60677316866901321
6.3499999999999996e-07,0.57287588657764876
6.3549999999999999e-07,0.43852151332362527
6.3600000000000003e-07,0.28691373577809853
6.3649999999999996e-07,0.17964673195083147
6.37e-07,0.12620860964110625
6.3750000000000004e-07,0.085672035307898645
6.3799999999999997e-07,-0.0013041576674964195
6.3850000000000001e-07,-0.16888794873857957
6.3900000000000004e-07,-0.39613255688980031
6.3949999999999998e-07,-0.60851448476459746
6.4000000000000001e-07,-0.71149615159119828
6.4050000000000005e-07,-0.63887984586747049
6.4099999999999998e-07,-0.39014820268961947
6.4150000000000002e-07,-0.036345669709053417
6.4199999999999995e-07,0.30947380871907826
6.4249999999999999e-07,0.54247183686906009
6.4300000000000003e-07,0.61125117948168728
6.4349999999999996e-07,0.53519648058410185
6.44e-07,0.38600780736254525
6.4450000000000003e-07,0.24455478156986535
6.4499999999999997e-07,0.15704017035831636
6.455e-07,0.11423502082875082
6.4600000000000004e-07,0.064440094346000162
6.4649999999999997e-07,-0.047970094625559456
6.4700000000000001e-07,-0.24079139838433425
6.4750000000000005e-07,-0.47328628134702133
6.4799999999999998e-07,-0.65930788794746387
6.4850000000000002e-07,-0.70839602193452733
6.4899999999999995e-07,-0.573355084570777
6.4949999999999999e-07,-0.27872839831209006
6.5000000000000002e-07,0.085672035307866684
6.5049999999999996e-07,0.40363285028558754
6.5099999999999999e-07,0.58411386778295415
6.5150000000000003e-07,0.59917720082282611
6.5199999999999996e-07,0.48931491650651127
6.525e-07,0.33466601633349002
6.5300000000000004e-07,0.20868472118589118
6.5349999999999997e-07,0.13978083882230724
6.5400000000000001e-07,0.10152088721170463
6.5450000000000004e-07,0.035914932837776276
6.5499999999999998e-07,-0.10409194065261215
6.5550000000000001e-07,-0.31750953857053432
6.5600000000000005e-07,-0.54531949521748868
6.5649999999999998e-07,-0.69450816843901286
6.5700000000000002e-07,-0.6842059364823545
6.5749999999999995e-07,-0.48952360716347637
6.5799999999999999e-07,-0.1593238550526033
6.5850000000000003e-07,0.20230665126673916
6.5899999999999996e-07,0.48195894688625757
6.595e-07,0.60677316866901232
6.6000000000000003e-07,0.57287588657763611
6.6049999999999997e-07,0.43852151332362849
6.61e-07,0.28691373577810136
6.6150000000000004e-07,0.17964673195082145
6.6199999999999997e-07,0.12620860964110703
6.6250000000000001e-07,0.085672035307899783
6.6300000000000005e-07,-0.0013041576675127398
6.6349999999999998e-07,-0.16888794873857518
6.6400000000000002e-07,-0.39613255688979543
6.6449999999999995e-07,-0.6085144847645938
6.6499999999999999e-07,-0.71149615159119783
6.6550000000000002e-07,-0.63887984586747393
6.6599999999999996e-07,-0.39014820268962602
6.6649999999999999e-07,-0.036345669709061106
6.6700000000000003e-07,0.30947380871911773
6.6749999999999996e-07,0.54247183686905687
6.68e-07,0.61125117948168761
6.6850000000000004e-07,0.5351964805840852
6.6899999999999997e-07,0.38600780736254864
6.6950000000000001e-07,0.24455478156986776
6.7000000000000004e-07,0.15704017035830867
6.7049999999999998e-07,0.11423502082875159
6.7100000000000001e-07,0.064440094346001689
6.7150000000000005e-07,-0.047970094625579551
6.7199999999999998e-07,-0.24079139838432959
6.7250000000000002e-07,-0.47328628134701661
6.7299999999999995e-07,-0.6593078879474612
6.7349999999999999e-07,-0.70839602193452811
6.7400000000000003e-07,-0.57335508457074769
6.7449999999999996e-07,-0.27872839831209728
6.75e-07,0.085672035307859176
6.7550000000000003e-07,0.40363285028562129
6.7599999999999997e-07,0.58411386778295227
6.765e-07,0.59917720082282733
6.7700000000000004e-07,0.48931491650649228
6.7749999999999997e-07,0.33466601633349313
6.7800000000000001e-07,0.20868472118590783
6.7850000000000005e-07,0.13978083882230138
6.7899999999999998e-07,0.10152088721170549
6.7950000000000002e-07,0.035914932837808583
6.7999999999999995e-07,-0.10409194065261052
6.8049999999999999e-07,-0.31750953857054798
6.8100000000000002e-07,-0.54531949521747858
6.8149999999999995e-07,-0.69450816843902907
6.8199999999999999e-07,-0.68420593648235761
6.8250000000000003e-07,-0.48952360716342402
6.8299999999999996e-07,-0.15932385505264118
6.835e-07,0.20230665126675204
6.8400000000000004e-07,0.48195894688628887
6.8449999999999997e-07,0.60677316866899156
6.8500000000000001e-07,0.57287588657761379
6.8550000000000004e-07,0.43852151332361011
6.8599999999999998e-07,0.28691373577811752
6.8650000000000001e-07,0.17964673195083417
6.8700000000000005e-07,0.12620860964113126
6.8749999999999998e-07,0.085672035307932173
6.8800000000000002e-07,-0.0013041576675
6.8849999999999995e-07,-0.16888794873857921
6.8899999999999999e-07,-0.39613255688977722
6.8950000000000003e-07,-0.60851448476464032
6.8999999999999996e-07,-0.71149615159121016
6.905e-07,-0.63887984586749735
6.9100000000000003e-07,-0.39014820268956418
6.9149999999999997e-07,-0.036345669709044071
6.92e-07,0.30947380871908114
6.9250000000000004e-07,0.54247183686907474
6.9299999999999997e-07,0.61125117948166918
6.9350000000000001e-07,0.53519648058408198
6.9400000000000005e-07,0.38600780736251028
6.9449999999999998e-07,0.24455478156986921
6.9500000000000002e-07,0.1570401703583352
6.9549999999999995e-07,0.1142350208287826
6.9599999999999999e-07,0.064440094346023116
6.9650000000000002e-07,-0.047970094625548937
6.9699999999999995e-07,-0.24079139838430494
6.9749999999999999e-07,-0.47328628134703626
6.9800000000000003e-07,-0.65930788794751938
6.9849999999999996e-07,-0.70839602193454232
6.99e-07,-0.57335508457074125
6.9950000000000004e-07,-0.27872839831197599
6.9999999999999997e-07,0.085672035307820429
7.0050000000000001e-07,0.40363285028562601
7.0100000000000004e-07,0.58411386778297103
7.0149999999999998e-07,0.59917720082281523
7.0200000000000001e-07,0.48931491650647119
7.0250000000000005e-07,0.33466601633343823
7.0299999999999998e-07,0.20868472118590045
7.0350000000000002e-07,0.13978083882232289
7.0399999999999995e-07,0.10152088721173111
7.0449999999999999e-07,0.035914932837795871
7.0500000000000003e-07,-0.10409194065263419
7.0549999999999996e-07,-0.31750953857050779
7.06e-07,-0.54531949521750511
7.0650000000000003e-07,-0.69450816843903951
7.0699999999999996e-07,-0.6842059364823756
7.075e-07,-0.48952360716338805
7.0800000000000004e-07,-0.15932385505259364
7.0849999999999997e-07,0.20230665126669412
7.0900000000000001e-07,0.48195894688631602
7.0950000000000005e-07,0.60677316866899678
7.0999999999999998e-07,0.57287588657763056
7.1050000000000002e-07,0.43852151332358974
7.1099999999999995e-07,0.28691373577809987
7.1149999999999999e-07,0.17964673195084746
7.1200000000000002e-07,0.1262086096411264
7.1249999999999995e-07,0.085672035307925096
7.1299999999999999e-07,-0.0013041576674784616
7.1350000000000003e-07,-0.16888794873860599
7.1399999999999996e-07,-0.39613255688980786
7.145e-07,-0.60851448476461067
7.1500000000000004e-07,-0.71149615159121304
7.1549999999999997e-07,-0.63887984586747559
7.1600000000000001e-07,-0.39014820268961875
7.1650000000000004e-07,-0.036345669708996005
7.1699999999999997e-07,0.30947380871912056
7.1750000000000001e-07,0.54247183686904843
7.1800000000000005e-07,0.61125117948166752
7.1849999999999998e-07,0.53519648058406555
7.1900000000000002e-07,0.38600780736253726
7.1949999999999995e-07,0.24455478156988941
7.1999999999999999e-07,0.15704017035832749
7.2050000000000003e-07,0.11423502082877796
7.2099999999999996e-07,0.064440094346035801
7.215e-07,-0.047970094625569032
7.2200000000000003e-07,-0.24079139838433417
7.2249999999999996e-07,-0.47328628134699757
7.23e-07,-0.65930788794749695
7.2350000000000004e-07,-0.70839602193453699
7.2399999999999997e-07,-0.57335508457077988
7.2450000000000001e-07,-0.27872839831203577
7.2500000000000005e-07,0.085672035307975847
7.2549999999999998e-07,0.40363285028558149
7.2600000000000002e-07,0.58411386778295449
7.2649999999999995e-07,0.59917720082280757
7.2699999999999999e-07,0.48931491650649639
7.2750000000000002e-07,0.33466601633346393
7.2799999999999995e-07,0.20868472118591713
7.2849999999999999e-07,0.13978083882233064
7.2900000000000003e-07,0.1015208872117257
7.2949999999999996e-07,0.035914932837812663
7.3e-07,-0.10409194065265784
7.3050000000000004e-07,-0.31750953857053821
7.3099999999999997e-07,-0.54531949521747003
7.3150000000000001e-07,-0.69450816843904983
7.3200000000000004e-07,-0.68420593648236194
7.3249999999999997e-07,-0.48952360716343551
7.3300000000000001e-07,-0.15932385505254607
7.3350000000000005e-07,0.202306651266738
7.3399999999999998e-07,0.48195894688628016
7.3450000000000002e-07,0.60677316866900188
7.3499999999999995e-07,0.57287588657761779
7.3549999999999999e-07,0.43852151332361666
7.3600000000000003e-07,0.28691373577808221
7.3649999999999996e-07,0.17964673195083736
7.37e-07,0.12620860964113279
7.3750000000000003e-07,0.085672035307918004
7.3799999999999996e-07,-0.0013041576674948097
7.385e-07,-0.16888794873857069
7.3900000000000004e-07,-0.39613255688983839
7.3949999999999997e-07,-0.6085144847646331
7.4000000000000001e-07,-0.71149615159120927
7.4050000000000005e-07,-0.63887984586745394
7.4099999999999998e-07,-0.39014820268957739
7.4150000000000002e-07,-0.03634566970905944
7.4199999999999995e-07,0.30947380871906849
7.4249999999999998e-07,0.5424718368690683
7.4300000000000002e-07,0.61125117948166974
7.4349999999999995e-07,0.53519648058408742
7.4399999999999999e-07,0.38600780736251677
7.4450000000000003e-07,0.24455478156987417
7.4499999999999996e-07,0.15704017035833767
7.455e-07,0.11423502082877329
7.4600000000000004e-07,0.064440094346026211
7.4649999999999997e-07,-0.047970094625542525
7.4700000000000001e-07,-0.24079139838436328
7.4750000000000004e-07,-0.47328628134702688
7.4799999999999997e-07,-0.65930788794747464
7.4850000000000001e-07,-0.70839602193453166
7.4900000000000005e-07,-0.57335508457075057
7.4949999999999998e-07,-0.2787283983120955
7.5000000000000002e-07,0.085672035307914063
7.5049999999999995e-07,0.40363285028561524
7.5099999999999999e-07,0.58411386778293795
7.5150000000000003e-07,0.59917720082280002
7.5199999999999996e-07,0.4893149165064774
7.525e-07,0.33466601633348958
7.5300000000000003e-07,0.2086847211859045
7.5349999999999996e-07,0.13978083882232475
7.54e-07,0.10152088721173283
7.5450000000000004e-07,0.035914932837799951
7.5499999999999997e-07,-0.10409194065262664
7.5550000000000001e-07,-0.31750953857049802
7.5600000000000005e-07,-0.54531949521749667
7.5649999999999998e-07,-0.69450816843903618
7.5700000000000002e-07,-0.6842059364823484
7.5749999999999995e-07,-0.48952360716348298
7.5799999999999998e-07,-0.15932385505260885
7.5850000000000002e-07,0.20230665126678188
7.5899999999999995e-07,0.4819589468862443
7.5949999999999999e-07,0.606773168668995
7.6000000000000003e-07,0.57287588657760513
7.6049999999999996e-07,0.43852151332364353
7.61e-07,0.28691373577810547
7.6150000000000004e-07,0.17964673195082739
7.6199999999999997e-07,0.1262086096411392
7.6250000000000001e-07,0.085672035307927344
7.6300000000000004e-07,-0.0013041576675111299
7.6349999999999997e-07,-0.16888794873859744
7.6400000000000001e-07,-0.39613255688979804
7.6450000000000005e-07,-0.60851448476465564
7.6499999999999998e-07,-0.71149615159121216
7.6550000000000002e-07,-0.63887984586748259
7.6599999999999995e-07,-0.39014820268963196
7.6649999999999999e-07,-0.036345669709011375
7.6700000000000003e-07,0.30947380871910796
7.6749999999999996e-07,0.54247183686904199
7.6799999999999999e-07,0.61125117948166818
7.6850000000000003e-07,0.53519648058407077
7.6899999999999996e-07,0.38600780736254381
7.695e-07,0.24455478156985883
7.7000000000000004e-07,0.15704017035832996
7.7049999999999997e-07,0.11423502082877945
7.7100000000000001e-07,0.064440094346016594
7.7150000000000005e-07,-0.047970094625562537
7.7199999999999998e-07,-0.24079139838432484
7.7250000000000002e-07,-0.47328628134705625
7.7300000000000005e-07,-0.65930788794749151
7.7349999999999998e-07,-0.70839602193453866
7.7400000000000002e-07,-0.57335508457072137
7.7449999999999995e-07,-0.27872839831205026
7.7499999999999999e-07,0.085672035307852265
7.7550000000000003e-07,0.40363285028564899
7.7599999999999996e-07,0.58411386778295049
7.765e-07,0.59917720082281012
7.7700000000000004e-07,0.4893149165064582
7.7749999999999997e-07,0.33466601633347015
7.7800000000000001e-07,0.20868472118592124
7.7850000000000004e-07,0.1397808388223189
7.7899999999999997e-07,0.10152088721172743
7.7950000000000001e-07,0.035914932837816743
7.8000000000000005e-07,-0.10409194065265023
7.8049999999999998e-07,-0.31750953857052855
7.8100000000000002e-07,-0.54531949521746148
7.8149999999999995e-07,-0.69450816843902252
7.8199999999999999e-07,-0.68420593648236627
7.8250000000000003e-07,-0.48952360716344701
7.8299999999999996e-07,-0.15932385505267163
7.8349999999999999e-07,0.20230665126672392
7.8400000000000003e-07,0.48195894688627144
7.8449999999999996e-07,0.60677316866898823
7.85e-07,0.57287588657762178
7.8550000000000004e-07,0.43852151332357592
7.8599999999999997e-07,0.28691373577812879
7.8650000000000001e-07,0.1796467319508406
7.8700000000000005e-07,0.12620860964112313
7.8749999999999998e-07,0.085672035307936725
7.8800000000000002e-07,-0.0013041576674895916
7.8850000000000005e-07,-0.16888794873862417
7.8899999999999998e-07,-0.39613255688975768
7.8950000000000002e-07,-0.608514484764626
7.8999999999999995e-07,-0.71149615159120849
7.9049999999999999e-07,-0.63887984586746083
7.9100000000000003e-07,-0.39014820268959061
7.9149999999999996e-07,-0.036345669709074824
7.92e-07,0.30947380871914743
7.9250000000000004e-07,0.54247183686906197
7.9299999999999997e-07,0.61125117948167018
7.935e-07,0.53519648058405422
7.9400000000000004e-07,0.38600780736252338
7.9449999999999997e-07,0.244554781569879
7.9500000000000001e-07,0.15704017035832227
7.9550000000000005e-07,0.11423502082877478
7.9599999999999998e-07,0.064440094346029264
7.9650000000000002e-07,-0.04797009462558266
7.9699999999999995e-07,-0.24079139838435396
7.9749999999999999e-07,-0.4732862813470175
7.9800000000000003e-07,-0.6593078879475085
7.9849999999999996e-07,-0.70839602193453333
7.9899999999999999e-07,-0.57335508457076001
7.9950000000000003e-07,-0.27872839831200502
7.9999999999999996e-07,0.085672035307899075
8.005e-07,0.40363285028560442
8.0100000000000004e-07,0.58411386778296293
8.0149999999999997e-07,0.59917720082280246
8.0200000000000001e-07,0.48931491650648351
8.0250000000000005e-07,0.33466601633345067
8.0299999999999998e-07,0.20868472118590856
8.0350000000000001e-07,0.13978083882232664
8.0400000000000005e-07,0.10152088721172201
8.0449999999999998e-07,0.035914932837804003
8.0500000000000002e-07,-0.10409194065261904
8.0549999999999995e-07,-0.31750953857048825
8.0599999999999999e-07,-0.54531949521748813
8.0650000000000003e-07,-0.69450816843903285
8.0699999999999996e-07,-0.68420593648238426
8.075e-07,-0.48952360716341109
8.0800000000000004e-07,-0.15932385505262409
8.0849999999999997e-07,0.20230665126666603
8.09e-07,0.48195894688629864
8.0950000000000004e-07,0.60677316866899345
8.0999999999999997e-07,0.57287588657763855
8.1050000000000001e-07,0.43852151332360279
8.1100000000000005e-07,0.28691373577811108
8.1149999999999998e-07,0.17964673195085382
8.1200000000000002e-07,0.12620860964112948
8.1249999999999995e-07,0.085672035307929634
8.1299999999999999e-07,-0.0013041576674679978
8.1350000000000003e-07,-0.16888794873858884
8.1399999999999996e-07,-0.39613255688978827
8.1449999999999999e-07,-0.60851448476459646
8.1500000000000003e-07,-0.71149615159121116
8.1549999999999996e-07,-0.63887984586748958
8.16e-07,-0.39014820268964523
8.1650000000000004e-07,-0.036345669709026758
8.1699999999999997e-07,0.30947380871909536
8.1750000000000001e-07,0.54247183686908196
8.1800000000000005e-07,0.61125117948166863
8.1849999999999998e-07,0.53519648058407621
8.1900000000000001e-07,0.38600780736250295
8.1950000000000005e-07,0.24455478156986377
8.1999999999999998e-07,0.15704017035833245
8.2050000000000002e-07,0.11423502082877013
8.2099999999999995e-07,0.064440094346041921
8.2149999999999999e-07,-0.047970094625556153
8.2200000000000003e-07,-0.24079139838438313
8.2249999999999996e-07,-0.47328628134704687
8.23e-07,-0.65930788794748607
8.2350000000000004e-07,-0.70839602193452811
8.2399999999999997e-07,-0.5733550845707307
8.245e-07,-0.27872839831206475
8.2500000000000004e-07,0.085672035307945885
8.2549999999999997e-07,0.40363285028563822
8.2600000000000001e-07,0.58411386778294649
8.2650000000000005e-07,0.5991772008227948
8.2699999999999998e-07,0.48931491650646441
8.2750000000000002e-07,0.33466601633347637
8.2799999999999995e-07,0.20868472118592529
8.2849999999999999e-07,0.1397808388223207
8.2900000000000002e-07,0.10152088721172917
8.2949999999999996e-07,0.035914932837820823
8.2999999999999999e-07,-0.10409194065264271
8.3050000000000003e-07,-0.31750953857051872
8.3099999999999996e-07,-0.54531949521745293
8.315e-07,-0.69450816843904317
8.3200000000000004e-07,-0.68420593648237071
8.3249999999999997e-07,-0.48952360716345844
8.3300000000000001e-07,-0.15932385505257654
8.3350000000000005e-07,0.20230665126670994
8.3399999999999998e-07,0.48195894688626273
8.3450000000000001e-07,0.60677316866899855
8.3500000000000005e-07,0.572875886577626
8.3549999999999998e-07,0.4385215133236296
8.3600000000000002e-07,0.28691373577809348
8.3649999999999995e-07,0.1796467319508438
8.3699999999999999e-07,0.12620860964113589
8.3750000000000003e-07,0.085672035307922528
8.3799999999999996e-07,-0.0013041576674843181
8.385e-07,-0.16888794873855351
8.3900000000000004e-07,-0.39613255688981885
8.3949999999999997e-07,-0.60851448476461889
8.4e-07,-0.71149615159120749
8.4050000000000004e-07,-0.63887984586746782
8.4099999999999997e-07,-0.39014820268960382
8.4150000000000001e-07,-0.036345669709090193
8.4200000000000005e-07,0.30947380871913477
8.4249999999999998e-07,0.54247183686905553
8.4300000000000002e-07,0.61125117948167085
8.4349999999999995e-07,0.53519648058409797
8.4399999999999999e-07,0.38600780736252993
8.4450000000000002e-07,0.24455478156984842
8.4499999999999996e-07,0.15704017035834256
8.4549999999999999e-07,0.11423502082877626
8.4600000000000003e-07,0.064440094346010071
8.4649999999999996e-07,-0.047970094625529702
8.47e-07,-0.24079139838434466
8.4750000000000004e-07,-0.47328628134707618
8.4799999999999997e-07,-0.65930788794746387
8.4850000000000001e-07,-0.7083960219345351
8.4900000000000005e-07,-0.57335508457070139
8.4949999999999998e-07,-0.27872839831201945
8.5000000000000001e-07,0.085672035307884101
8.5050000000000005e-07,0.40363285028567197
8.5099999999999998e-07,0.58411386778295893
8.5150000000000002e-07,0.5991772008228049
8.5199999999999995e-07,0.48931491650648956
8.5249999999999999e-07,0.33466601633345688
8.5300000000000003e-07,0.20868472118591261
8.5349999999999996e-07,0.1397808388223285
8.54e-07,0.10152088721172374
8.5450000000000003e-07,0.035914932837808083
8.5499999999999997e-07,-0.10409194065261146
8.555e-07,-0.31750953857054925
8.5600000000000004e-07,-0.54531949521747958
8.5649999999999997e-07,-0.69450816843902952
8.5700000000000001e-07,-0.68420593648235706
8.5750000000000005e-07,-0.48952360716342258
8.5799999999999998e-07,-0.1593238550526393
8.5850000000000002e-07,0.20230665126675379
8.5899999999999995e-07,0.48195894688628993
8.5949999999999999e-07,0.60677316866899167
8.6000000000000002e-07,0.57287588657761324
8.6049999999999996e-07,0.43852151332360928
8.6099999999999999e-07,0.28691373577811674
8.6150000000000003e-07,0.17964673195083378
8.6199999999999996e-07,0.12620860964113106
8.625e-07,0.085672035307931896
8.6300000000000004e-07,-0.0013041576675006938
8.6349999999999997e-07,-0.16888794873858035
8.6400000000000001e-07,-0.3961325568897785
8.6450000000000005e-07,-0.60851448476464132
8.6499999999999998e-07,-0.71149615159121027
8.6550000000000001e-07,-0.63887984586749647
8.6600000000000005e-07,-0.39014820268956252
8.6649999999999998e-07,-0.036345669709042128
8.6700000000000002e-07,0.3094738087190827
8.6749999999999995e-07,0.54247183686902922
8.6799999999999999e-07,0.61125117948166918
8.6850000000000003e-07,0.53519648058408142
8.6899999999999996e-07,0.3860078073625568
8.695e-07,0.24455478156986865
8.7000000000000003e-07,0.1570401703583349
8.7049999999999997e-07,0.11423502082878242
8.71e-07,0.064440094346022714
8.7150000000000004e-07,-0.047970094625596288
8.7199999999999997e-07,-0.24079139838430619
8.7250000000000001e-07,-0.47328628134703743
8.7300000000000005e-07,-0.65930788794752004
8.7349999999999998e-07,-0.70839602193454199
8.7400000000000002e-07,-0.57335508457074003
8.7449999999999995e-07,-0.27872839831207924
8.7499999999999999e-07,0.085672035307822303
8.7550000000000002e-07,0.40363285028562734
8.7599999999999996e-07,0.58411386778294239
8.7649999999999999e-07,0.59917720082279724
8.7700000000000003e-07,0.48931491650647047
8.7749999999999996e-07,0.33466601633348259
8.78e-07,0.20868472118589998
8.7850000000000004e-07,0.13978083882232265
8.7899999999999997e-07,0.10152088721173089
8.7950000000000001e-07,0.035914932837795344
8.8000000000000004e-07,-0.10409194065263513
8.8049999999999998e-07,-0.31750953857050901
8.8100000000000001e-07,-0.54531949521750633
8.8150000000000005e-07,-0.69450816843903984
8.8199999999999998e-07,-0.68420593648237493
8.8250000000000002e-07,-0.48952360716338666
8.8299999999999995e-07,-0.15932385505259172
8.8349999999999999e-07,0.20230665126669586
8.8400000000000003e-07,0.48195894688631713
8.8449999999999996e-07,0.606773168668997
8.85e-07,0.57287588657763
8.8550000000000003e-07,0.43852151332358896
8.8599999999999997e-07,0.2869137357780992
8.865e-07,0.17964673195084699
8.8700000000000004e-07,0.12620860964112623
8.8749999999999997e-07,0.085672035307924804
8.8800000000000001e-07,-0.0013041576674791
8.8850000000000005e-07,-0.16888794873860707
8.8899999999999998e-07,-0.39613255688980903
8.8950000000000002e-07,-0.60851448476461167
8.8999999999999995e-07,-0.7114961515912066
8.9049999999999999e-07,-0.63887984586747482
8.9100000000000002e-07,-0.39014820268961709
8.9149999999999996e-07,-0.036345669709105591
8.9199999999999999e-07,0.30947380871912211
8.9250000000000003e-07,0.54247183686904921
8.9299999999999996e-07,0.61125117948167129
8.935e-07,0.53519648058406488
8.9400000000000004e-07,0.38600780736253648
8.9449999999999997e-07,0.24455478156988875
8.9500000000000001e-07,0.15704017035832721
8.9550000000000004e-07,0.11423502082877776
8.9599999999999998e-07,0.064440094346035398
8.9650000000000001e-07,-0.047970094625569781
8.9700000000000005e-07,-0.2407913983843353
8.9749999999999998e-07,-0.47328628134699874
8.9800000000000002e-07,-0.65930788794749762
8.9849999999999995e-07,-0.70839602193453677
8.9899999999999999e-07,-0.57335508457077877
8.9950000000000003e-07,-0.278728398312034
8.9999999999999996e-07,0.085672035307869127
9.005e-07,0.40363285028558282
9.0100000000000003e-07,0.58411386778295493
9.0149999999999997e-07,0.59917720082280734
9.02e-07,0.48931491650649567
9.0250000000000004e-07,0.33466601633346316
9.0299999999999997e-07,0.20868472118591666
9.0350000000000001e-07,0.13978083882231673
9.0400000000000005e-07,0.10152088721172547
9.0449999999999998e-07,0.035914932837812164
9.0500000000000002e-07,-0.10409194065265873
9.0549999999999995e-07,-0.31750953857046871
9.0599999999999999e-07,-0.54531949521747114
9.0650000000000002e-07,-0.69450816843905006
9.0699999999999996e-07,-0.68420593648239292
9.0749999999999999e-07,-0.48952360716343413
9.0800000000000003e-07,-0.15932385505254418
9.0849999999999996e-07,0.20230665126663794
9.09e-07,0.48195894688628127
9.0950000000000004e-07,0.60677316866900211
9.0999999999999997e-07,0.57287588657761723
9.1050000000000001e-07,0.43852151332361583
9.1100000000000004e-07,0.28691373577808155
9.1149999999999998e-07,0.17964673195083697
9.1200000000000001e-07,0.12620860964113262
9.1250000000000005e-07,0.085672035307917713
9.1299999999999998e-07,-0.0013041576674954203
9.1350000000000002e-07,-0.16888794873857171
9.1399999999999995e-07,-0.39613255688976867
9.1449999999999999e-07,-0.6085144847646341
9.1500000000000003e-07,-0.71149615159120949
9.1549999999999996e-07,-0.63887984586750346
9.16e-07,-0.39014820268957573
9.1650000000000003e-07,-0.036345669709057511
9.1699999999999997e-07,0.30947380871907004
9.175e-07,0.54247183686906919
9.1800000000000004e-07,0.61125117948166974
9.1849999999999997e-07,0.53519648058408664
9.1900000000000001e-07,0.38600780736251605
9.1950000000000005e-07,0.24455478156987351
9.1999999999999998e-07,0.15704017035833734
9.2050000000000002e-07,0.1142350208287731
9.2099999999999995e-07,0.064440094346025795
9.2149999999999999e-07,-0.04797009462554333
9.2200000000000002e-07,-0.24079139838436445
9.2249999999999996e-07,-0.4732862813470281
9.2299999999999999e-07,-0.6593078879474753
9.2350000000000003e-07,-0.70839602193453155
9.2399999999999996e-07,-0.57335508457074946
9.245e-07,-0.27872839831209373
9.2500000000000004e-07,0.085672035307915922
9.2549999999999997e-07,0.40363285028561657
9.2600000000000001e-07,0.58411386778293839
9.2650000000000004e-07,0.59917720082279968
9.2699999999999998e-07,0.48931491650647657
9.2750000000000001e-07,0.3346660163334888
9.2800000000000005e-07,0.20868472118590403
9.2849999999999998e-07,0.13978083882232453
9.2900000000000002e-07,0.10152088721173262
9.2949999999999995e-07,0.035914932837828983
9.2999999999999999e-07,-0.10409194065262753
9.3050000000000003e-07,-0.31750953857056996
9.3099999999999996e-07,-0.54531949521743595
9.315e-07,-0.69450816843903662
9.3200000000000003e-07,-0.68420593648234784
9.3249999999999997e-07,-0.48952360716348153
9.33e-07,-0.15932385505260693
9.3350000000000004e-07,0.2023066512667836
9.3399999999999997e-07,0.48195894688624541
9.3450000000000001e-07,0.60677316866899522
9.3500000000000005e-07,0.57287588657760469
9.3549999999999998e-07,0.43852151332364264
9.3600000000000002e-07,0.28691373577810486
9.3649999999999995e-07,0.17964673195085024
9.3699999999999999e-07,0.12620860964112779
9.3750000000000002e-07,0.085672035307927052
9.3799999999999996e-07,-0.0013041576674739097
9.3849999999999999e-07,-0.16888794873859844
9.3900000000000003e-07,-0.39613255688979926
9.3949999999999996e-07,-0.60851448476460446
9.4e-07,-0.71149615159121216
9.4050000000000004e-07,-0.6388798458674817
9.4099999999999997e-07,-0.39014820268963035
9.4150000000000001e-07,-0.036345669709009445
9.4200000000000004e-07,0.30947380871910951
9.4249999999999998e-07,0.54247183686904277
9.4300000000000001e-07,0.61125117948166796
9.4350000000000005e-07,0.53519648058407021
9.4399999999999998e-07,0.38600780736254303
9.4450000000000002e-07,0.24455478156985822
9.4499999999999995e-07,0.15704017035832968
9.4549999999999999e-07,0.11423502082877926
9.4600000000000003e-07,0.064440094346016219
9.4649999999999996e-07,-0.047970094625563342
9.47e-07,-0.24079139838432598
9.4750000000000003e-07,-0.47328628134705741
9.4799999999999997e-07,-0.65930788794749229
9.485e-07,-0.70839602193453843
9.4900000000000004e-07,-0.57335508457072015
9.4949999999999997e-07,-0.27872839831204843
9.5000000000000001e-07,0.085672035307854139
9.5050000000000005e-07,0.40363285028565032
9.5099999999999998e-07,0.58411386778295094
9.5150000000000002e-07,0.59917720082280979
9.5199999999999995e-07,0.48931491650650172
9.5249999999999999e-07,0.33466601633346937
9.5300000000000002e-07,0.20868472118592071
9.5349999999999996e-07,0.13978083882233228
9.540000000000001e-07,0.10152088721171465
9.5449999999999992e-07,0.035914932837816244
9.5499999999999996e-07,-0.10409194065259636
9.555e-07,-0.31750953857052971
9.5600000000000004e-07,-0.54531949521746259
9.5650000000000007e-07,-0.69450816843904684
9.569999999999999e-07,-0.68420593648239725
9.5749999999999994e-07,-0.48952360716344556
9.5799999999999998e-07,-0.15932385505266972
9.5850000000000001e-07,0.2023066512667257
9.5900000000000005e-07,0.48195894688633562
9.5950000000000009e-07,0.60677316866900044
9.5999999999999991e-07,0.57287588657765076
9.6049999999999995e-07,0.43852151332362233
9.6099999999999999e-07,0.28691373577812807
9.6150000000000003e-07,0.17964673195084016
9.6200000000000006e-07,0.12620860964112296
9.625000000000001e-07,0.085672035307919975
9.6299999999999993e-07,-0.0013041576674523436
9.6349999999999997e-07,-0.16888794873856317
9.64e-07,-0.39613255688982985
9.6450000000000004e-07,-0.60851448476462688
9.6500000000000008e-07,-0.71149615159121515
9.654999999999999e-07,-0.63887984586751034
9.6599999999999994e-07,-0.39014820268968486
9.6649999999999998e-07,-0.036345669709072888
9.6700000000000002e-07,0.30947380871914898
9.6750000000000005e-07,0.54247183686906275
9.6800000000000009e-07,0.61125117948166641
9.6849999999999992e-07,0.53519648058409197
9.6899999999999996e-07,0.38600780736252266
9.6949999999999999e-07,0.24455478156987842
9.7000000000000003e-07,0.15704017035832196
9.7050000000000007e-07,0.11423502082877461
9.7100000000000011e-07,0.064440094346006629
9.7149999999999993e-07,-0.047970094625536891
9.7199999999999997e-07,-0.24079139838435512
9.7250000000000001e-07,-0.47328628134701867
9.7300000000000004e-07,-0.65930788794750916
9.7350000000000008e-07,-0.70839602193453322
9.7399999999999991e-07,-0.5733550845707589
9.7449999999999994e-07,-0.27872839831210822
9.7499999999999998e-07,0.085672035307900948
9.7550000000000002e-07,0.4036328502856058
9.7600000000000006e-07,0.58411386778296348
9.765000000000001e-07,0.59917720082280213
9.7699999999999992e-07,0.48931491650648268
9.7749999999999996e-07,0.33466601633349502
9.78e-07,0.20868472118590806
9.7850000000000003e-07,0.13978083882232639
9.7900000000000007e-07,0.1015208872117218
9.794999999999999e-07,0.035914932837833063
9.7999999999999993e-07,-0.10409194065262001
9.8049999999999997e-07,-0.31750953857048947
9.8100000000000001e-07,-0.54531949521748913
9.8150000000000005e-07,-0.69450816843903318
9.8200000000000008e-07,-0.68420593648235217
9.8249999999999991e-07,-0.48952360716349302
9.8299999999999995e-07,-0.15932385505262217
9.8349999999999999e-07,0.2023066512666678
9.8400000000000002e-07,0.4819589468862997
9.8450000000000006e-07,0.60677316866899367
9.850000000000001e-07,0.57287588657760868
9.8549999999999992e-07,0.43852151332364919
9.8599999999999996e-07,0.28691373577811052
9.865e-07,0.17964673195085343
9.8700000000000004e-07,0.12620860964112929
9.8750000000000007e-07,0.085672035307912883
9.879999999999999e-07,-0.0013041576674686639
9.8849999999999994e-07,-0.16888794873852778
9.8899999999999998e-07,-0.39613255688978943
9.8950000000000001e-07,-0.60851448476459724
9.9000000000000005e-07,-0.71149615159121138
9.9050000000000009e-07,-0.63887984586743829
9.9099999999999991e-07,-0.39014820268964356
9.9149999999999995e-07,-0.036345669709136351
9.9199999999999999e-07,0.30947380871909691
9.9250000000000003e-07,0.54247183686908274
9.9300000000000006e-07,0.61125117948166852
9.935000000000001e-07,0.53519648058403713
9.9399999999999993e-07,0.38600780736254958
9.9449999999999997e-07,0.24455478156989863
9.95e-07,0.15704017035833209
9.9550000000000004e-07,0.11423502082876993
9.9600000000000008e-07,0.064440094346019272
9.964999999999999e-07,-0.047970094625510384
9.9699999999999994e-07,-0.24079139838431665
9.9749999999999998e-07,-0.47328628134704803
9.9800000000000002e-07,-0.65930788794748685
9.9850000000000005e-07,-0.70839602193452789
9.9900000000000009e-07,-0.57335508457072948
9.9949999999999992e-07,-0.278728398312168
9.9999999999999995e-07,0.085672035307839164
1.0005e-06,0.40363285028563956
1.001e-06,0.58411386778294694
1.0015000000000001e-06,0.59917720082279446
1.0020000000000001e-06,0.48931491650646369
1.0024999999999999e-06,0.33466601633347559
1.003e-06,0.20868472118592477
1.0035e-06,0.13978083882232051
1.004e-06,0.10152088721172894
1.0045000000000001e-06,0.035914932837790736
1.0049999999999999e-06,-0.10409194065258881
1.0054999999999999e-06,-0.31750953857051994
1.006e-06,-0.54531949521745404
1.0065e-06,-0.69450816843904351
1.0070000000000001e-06,-0.68420593648237005
1.0075000000000001e-06,-0.48952360716337373
1.0079999999999999e-06,-0.15932385505268493
1.0085e-06,0.20230665126671168
1.009e-06,0.48195894688626384
1.0095e-06,0.60677316866899877
1.0100000000000001e-06,0.57287588657762534
1.0104999999999999e-06,0.43852151332362888
1.0109999999999999e-06,0.28691373577813373
1.0115e-06,0.17964673195084341
1.012e-06,0.12620860964113573
1.0125e-06,0.085672035307922251
1.0130000000000001e-06,-0.0013041576675228705
1.0134999999999999e-06,-0.16888794873855464
1.0139999999999999e-06,-0.39613255688974902
1.0145e-06,-0.60851448476461967
1.015e-06,-0.71149615159120772
1.0155000000000001e-06,-0.63887984586746693
1.0160000000000001e-06,-0.39014820268950623
1.0164999999999999e-06,-0.036345669709088271
1.017e-06,0.30947380871904484
1.0175e-06,0.54247183686905631
1.018e-06,0.61125117948166696
1.0185000000000001e-06,0.535196480584059
1.0189999999999999e-06,0.38600780736257645
1.0194999999999999e-06,0.24455478156988328
1.02e-06,0.15704017035834225
1.0205e-06,0.1142350208287761
1.0210000000000001e-06,0.064440094346009696
1.0215000000000001e-06,-0.047970094625577053
1.0219999999999999e-06,-0.24079139838427821
1.0225e-06,-0.47328628134700929
1.023e-06,-0.65930788794750372
1.0235e-06,-0.70839602193453488
1.0240000000000001e-06,-0.57335508457070028
1.0245000000000001e-06,-0.27872839831201762
1.0249999999999999e-06,0.085672035307777367
1.0255e-06,0.40363285028559492
1.026e-06,0.58411386778295948
1.0265e-06,0.59917720082280457
1.0270000000000001e-06,0.48931491650644449
1.0274999999999999e-06,0.33466601633350124
1.0279999999999999e-06,0.20868472118591214
1.0285e-06,0.13978083882232828
1.029e-06,0.10152088721172353
1.0295000000000001e-06,0.035914932837807584
1.0300000000000001e-06,-0.1040919406526673
1.0304999999999999e-06,-0.3175095385704797
1.031e-06,-0.54531949521748069
1.0315e-06,-0.69450816843902996
1.032e-06,-0.6842059364823565
1.0325000000000001e-06,-0.48952360716342114
1.0330000000000001e-06,-0.15932385505252705
1.0334999999999999e-06,0.20230665126665376
1.034e-06,0.48195894688629104
1.0345e-06,0.60677316866899189
1.035e-06,0.57287588657761279
1.0355000000000001e-06,0.43852151332360845
1.0359999999999999e-06,0.28691373577811613
1.0364999999999999e-06,0.17964673195085662
1.037e-06,0.12620860964113084
1.0375e-06,0.085672035307931604
1.0380000000000001e-06,-0.00130415766750136
1.0385000000000001e-06,-0.1688879487385814
1.0389999999999999e-06,-0.39613255688977966
1.0395e-06,-0.60851448476459002
1.04e-06,-0.71149615159121038
1.0405e-06,-0.63887984586749558
1.0410000000000001e-06,-0.39014820268956085
1.0414999999999999e-06,-0.036345669709151728
1.0419999999999999e-06,0.30947380871908425
1.0425e-06,0.54247183686903
1.043e-06,0.61125117948166907
1.0435e-06,0.53519648058408076
1.0440000000000001e-06,0.38600780736250861
1.0444999999999999e-06,0.24455478156990351
1.0449999999999999e-06,0.15704017035833462
1.0455e-06,0.11423502082878223
1.046e-06,0.064440094346022367
1.0465000000000001e-06,-0.047970094625597065
1.0470000000000001e-06,-0.24079139838437497
1.0474999999999999e-06,-0.47328628134697059
1.048e-06,-0.65930788794748141
1.0485e-06,-0.70839602193454188
1.049e-06,-0.57335508457073892
1.0495000000000001e-06,-0.27872839831197238
1.0499999999999999e-06,0.08567203530782419
1.0504999999999999e-06,0.40363285028555035
1.051e-06,0.58411386778294294
1.0515e-06,0.59917720082279691
1.052e-06,0.48931491650646974
1.0525000000000001e-06,0.33466601633343662
1.0529999999999999e-06,0.20868472118592879
1.0535e-06,0.13978083882233608
1.054e-06,0.10152088721173066
1.0545e-06,0.035914932837794816
1.0550000000000001e-06,-0.10409194065263611
1.0555000000000001e-06,-0.31750953857058101
1.0559999999999999e-06,-0.5453194952174456
1.0565e-06,-0.69450816843904017
1.057e-06,-0.68420593648237449
1.0575e-06,-0.48952360716338522
1.0580000000000001e-06,-0.15932385505258984
1.0584999999999999e-06,0.2023066512665958
1.0589999999999999e-06,0.48195894688625518
1.0595e-06,0.60677316866899711
1.06e-06,0.57287588657762956
1.0605000000000001e-06,0.43852151332358813
1.0610000000000001e-06,0.28691373577809842
1.0614999999999999e-06,0.1796467319508466
1.062e-06,0.12620860964113723
1.0625e-06,0.085672035307924513
1.063e-06,-0.0013041576674797384
1.0635000000000001e-06,-0.16888794873860813
1.0640000000000001e-06,-0.39613255688981025
1.0644999999999999e-06,-0.60851448476461245
1.065e-06,-0.71149615159120683
1.0655e-06,-0.63887984586747393
1.066e-06,-0.39014820268961548
1.0665000000000001e-06,-0.036345669708992154
1.0669999999999999e-06,0.30947380871903218
1.0674999999999999e-06,0.54247183686904998
1.068e-06,0.61125117948167129
1.0685e-06,0.53519648058406422
1.0690000000000001e-06,0.38600780736253559
1.0695000000000001e-06,0.24455478156985272
1.0699999999999999e-06,0.15704017035834475
1.0705e-06,0.11423502082877757
1.071e-06,0.064440094346035023
1.0715e-06,-0.047970094625570558
1.0720000000000001e-06,-0.24079139838440408
1.0724999999999999e-06,-0.4732862813469999
1.0729999999999999e-06,-0.65930788794745898
1.0735e-06,-0.70839602193453655
1.074e-06,-0.57335508457077755
1.0745e-06,-0.27872839831203217
1.0750000000000001e-06,0.085672035307979594
1.0754999999999999e-06,0.40363285028558415
1.0759999999999999e-06,0.58411386778292651
1.0765e-06,0.59917720082280701
1.077e-06,0.48931491650645059
1.0775000000000001e-06,0.33466601633346238
1.0780000000000001e-06,0.20868472118588677
1.0784999999999999e-06,0.13978083882233017
1.079e-06,0.10152088721173783
1.0795e-06,0.035914932837811664
1.08e-06,-0.10409194065265975
1.0805000000000001e-06,-0.31750953857054065
1.0809999999999999e-06,-0.54531949521741052
1.0814999999999999e-06,-0.69450816843902663
1.082e-06,-0.68420593648239236
1.0825e-06,-0.48952360716343268
1.083e-06,-0.15932385505254226
1.0835000000000001e-06,0.20230665126674149
1.0839999999999999e-06,0.48195894688621932
1.0845e-06,0.60677316866899034
1.085e-06,0.57287588657761679
1.0855e-06,0.43852151332361494
1.0860000000000001e-06,0.28691373577808077
1.0865000000000001e-06,0.17964673195083658
1.0869999999999999e-06,0.12620860964114361
1.0875e-06,0.08567203530793388
1.088e-06,-0.0013041576674961142
1.0885e-06,-0.16888794873857285
1.0890000000000001e-06,-0.39613255688984089
1.0894999999999999e-06,-0.60851448476458292
1.0899999999999999e-06,-0.71149615159120949
1.0905e-06,-0.63887984586750257
1.091e-06,-0.39014820268957406
1.0915000000000001e-06,-0.036345669709055589
1.0920000000000001e-06,0.30947380871916319
1.0924999999999999e-06,0.54247183686902356
1.093e-06,0.61125117948166963
1.0935e-06,0.53519648058408598
1.094e-06,0.38600780736251522
1.0945000000000001e-06,0.24455478156987293
1.0950000000000001e-06,0.15704017035831916
1.0954999999999999e-06,0.11423502082878373
1.096e-06,0.06444009434602542
1.0965e-06,-0.047970094625544107
1.097e-06,-0.24079139838436561
1.0975000000000001e-06,-0.47328628134702927
1.0979999999999999e-06,-0.65930788794747608
1.0984999999999999e-06,-0.70839602193454354
1.099e-06,-0.57335508457074824
1.0995e-06,-0.2787283983120919
1.1000000000000001e-06,0.08567203530791781
1.1005000000000001e-06,0.40363285028569629
1.1009999999999999e-06,0.58411386778293894
1.1015e-06,0.59917720082281711
1.102e-06,0.48931491650647585
1.1025e-06,0.33466601633348803
1.1030000000000001e-06,0.20868472118590353
1.1034999999999999e-06,0.13978083882233797
1.1039999999999999e-06,0.10152088721173241
1.1045e-06,0.035914932837828484
1.105e-06,-0.1040919406526285
1.1055e-06,-0.31750953857057118
1.1060000000000001e-06,-0.54531949521749878
1.1064999999999999e-06,-0.69450816843901297
1.1069999999999999e-06,-0.68420593648237882
1.1075e-06,-0.48952360716348009
1.108e-06,-0.15932385505260505
1.1085000000000001e-06,0.20230665126678538
1.1090000000000001e-06,0.48195894688630947
1.1094999999999999e-06,0.60677316866898334
1.11e-06,0.57287588657763355
1.1105e-06,0.43852151332359462
1.111e-06,0.28691373577810408
1.1115000000000001e-06,0.17964673195082659
1.1119999999999999e-06,0.12620860964113878
1.1124999999999999e-06,0.085672035307943234
1.113e-06,-0.0013041576674745481
1.1135e-06,-0.16888794873859958
1.114e-06,-0.39613255688980048
1.1145000000000001e-06,-0.60851448476465742
1.1149999999999999e-06,-0.71149615159120583
1.1155e-06,-0.63887984586748081
1.116e-06,-0.39014820268962869
1.1165e-06,-0.036345669709007523
1.1170000000000001e-06,0.30947380871911112
1.1175000000000001e-06,0.54247183686908984
1.1179999999999999e-06,0.61125117948167174
1.1185e-06,0.53519648058406954
1.119e-06,0.38600780736254214
1.1195e-06,0.2445547815698576
1.1200000000000001e-06,0.15704017035832935
1.1204999999999999e-06,0.11423502082877905
1.1209999999999999e-06,0.064440094346038077
1.1215e-06,-0.047970094625564175
1.122e-06,-0.24079139838432714
1.1225000000000001e-06,-0.47328628134705858
1.1230000000000001e-06,-0.65930788794749295
1.1234999999999999e-06,-0.70839602193453821
1.124e-06,-0.57335508457078699
1.1245e-06,-0.27872839831204665
1.125e-06,0.085672035307856012
1.1255000000000001e-06,0.40363285028565171
1.1260000000000001e-06,0.58411386778295138
1.1264999999999999e-06,0.59917720082280945
1.127e-06,0.48931491650650094
1.1275e-06,0.3346660163334686
1.128e-06,0.20868472118592021
1.1285000000000001e-06,0.13978083882231837
1.1289999999999999e-06,0.10152088721173955
1.1294999999999999e-06,0.035914932837815744
1.13e-06,-0.10409194065259728
1.1305e-06,-0.31750953857053099
1.1310000000000001e-06,-0.54531949521746359
1.1315000000000001e-06,-0.69450816843904728
1.1319999999999999e-06,-0.6842059364823968
1.1325e-06,-0.48952360716344412
1.133e-06,-0.1593238550526678
1.1335e-06,0.20230665126672742
1.1340000000000001e-06,0.48195894688633667
1.1344999999999999e-06,0.60677316866898856
1.1349999999999999e-06,0.57287588657765021
1.1355e-06,0.43852151332362149
1.136e-06,0.2869137357781274
1.1365e-06,0.17964673195083983
1.1370000000000001e-06,0.12620860964112274
1.1374999999999999e-06,0.085672035307936142
1.1379999999999999e-06,-0.001304157667452982
1.1385e-06,-0.16888794873856425
1.139e-06,-0.39613255688983107
1.1395000000000001e-06,-0.60851448476462777
1.1400000000000001e-06,-0.71149615159121515
1.1404999999999999e-06,-0.63887984586750957
1.141e-06,-0.3901482026896832
1.1415e-06,-0.036345669709070966
1.142e-06,0.30947380871915059
1.1425000000000001e-06,0.54247183686906353
1.1429999999999999e-06,0.61125117948167385
1.1434999999999999e-06,0.53519648058409131
1.144e-06,0.38600780736252172
1.1445e-06,0.24455478156987775
1.145e-06,0.15704017035832171
1.1455000000000001e-06,0.11423502082877442
1.1459999999999999e-06,0.064440094346050719
1.1464999999999999e-06,-0.047970094625537724
1.147e-06,-0.24079139838435631
1.1475e-06,-0.47328628134701989
1.1480000000000001e-06,-0.65930788794750983
1.1485000000000001e-06,-0.70839602193453288
1.1489999999999999e-06,-0.57335508457075757
1.1495e-06,-0.27872839831210638
1.15e-06,0.085672035307902822
1.1505e-06,0.40363285028560714
1.1510000000000001e-06,0.58411386778296404
1.1514999999999999e-06,0.59917720082281956
1.1519999999999999e-06,0.48931491650648196
1.1525e-06,0.33466601633349424
1.153e-06,0.20868472118590761
1.1535000000000001e-06,0.13978083882232617
1.1540000000000001e-06,0.10152088721172159
1.1544999999999999e-06,0.035914932837832564
1.155e-06,-0.10409194065262092
1.1555e-06,-0.31750953857049069
1.156e-06,-0.54531949521749024
1.1565000000000001e-06,-0.69450816843903374
1.1570000000000001e-06,-0.68420593648235162
1.1574999999999999e-06,-0.48952360716349158
1.158e-06,-0.15932385505262028
1.1585e-06,0.20230665126666952
1.159e-06,0.48195894688630081
1.1595000000000001e-06,0.60677316866900588
1.1599999999999999e-06,0.57287588657763755
1.1604999999999999e-06,0.4385215133236483
1.161e-06,0.28691373577810975
1.1615e-06,0.17964673195085304
1.1620000000000001e-06,0.12620860964112912
1.1625000000000001e-06,0.085672035307912606
1.1629999999999999e-06,-0.00130415766746933
1.1635e-06,-0.16888794873852889
1.164e-06,-0.39613255688979065
1.1645e-06,-0.6085144847646502
1.1650000000000001e-06,-0.71149615159121149
1.1654999999999999e-06,-0.63887984586753821
1.1659999999999999e-06,-0.3901482026896419
1.1665e-06,-0.036345669709134415
1.167e-06,0.30947380871909846
1.1675e-06,0.54247183686908351
1.1680000000000001e-06,0.61125117948166852
1.1684999999999999e-06,0.53519648058411307
1.1689999999999999e-06,0.38600780736254864
1.1695e-06,0.24455478156986252
1.17e-06,0.15704017035833182
1.1705000000000001e-06,0.11423502082876974
1.1710000000000001e-06,0.064440094346018897
1.1714999999999999e-06,-0.047970094625511217
1.172e-06,-0.24079139838431782
1.1725e-06,-0.4732862813470492
1.173e-06,-0.65930788794748751
1.1735000000000001e-06,-0.70839602193452766
1.1739999999999999e-06,-0.57335508457079631
1.1744999999999999e-06,-0.27872839831206114
1.175e-06,0.085672035307841038
1.1755e-06,0.40363285028564089
1.176e-06,0.58411386778294738
1.1765000000000001e-06,0.59917720082279413
1.1769999999999999e-06,0.48931491650650699
1.1774999999999999e-06,0.33466601633347481
1.178e-06,0.20868472118592427
1.1785e-06,0.13978083882232031
1.1790000000000001e-06,0.10152088721172872
1.1795000000000001e-06,0.035914932837790264
1.1799999999999999e-06,-0.10409194065258973
1.1805e-06,-0.31750953857052122
1.181e-06,-0.54531949521745515
1.1815e-06,-0.69450816843904395
1.1820000000000001e-06,-0.6842059364823696
1.1824999999999999e-06,-0.48952360716345567
1.1829999999999999e-06,-0.15932385505268304
1.1835e-06,0.20230665126671343
1.184e-06,0.48195894688626495
1.1845000000000001e-06,0.606773168668999
1.1850000000000001e-06,0.572875886577625
1.1854999999999999e-06,0.43852151332362799
1.186e-06,0.28691373577813306
1.1865e-06,0.17964673195084302
1.187e-06,0.12620860964113551
1.1875000000000001e-06,0.085672035307921959
1.1880000000000001e-06,-0.0013041576675235089
1.1884999999999999e-06,-0.16888794873855567
1.189e-06,-0.3961325568897503
1.1895e-06,-0.60851448476462067
1.19e-06,-0.71149615159120772
1.1905000000000001e-06,-0.63887984586746605
1.1909999999999999e-06,-0.39014820268969652
1.1914999999999999e-06,-0.036345669709086349
1.192e-06,0.30947380871904639
1.1925e-06,0.54247183686905709
1.1930000000000001e-06,0.61125117948166696
1.1935000000000001e-06,0.53519648058405822
1.1939999999999999e-06,0.38600780736257573
1.1945e-06,0.2445547815698827
1.195e-06,0.15704017035834195
1.1955e-06,0.1142350208287759
1.1960000000000001e-06,0.064440094346009294
1.1964999999999999e-06,-0.047970094625531284
1.1969999999999999e-06,-0.24079139838427935
1.1975e-06,-0.47328628134701045
1.198e-06,-0.6593078879475045
1.1985e-06,-0.70839602193453466
1.1990000000000001e-06,-0.57335508457069906
1.1994999999999999e-06,-0.27872839831212093
1.1999999999999999e-06,0.08567203530777924
1.2005e-06,0.40363285028559631
1.201e-06,0.58411386778295993
1.2015000000000001e-06,0.59917720082280423
1.2020000000000001e-06,0.48931491650644376
1.2024999999999999e-06,0.33466601633350046
1.203e-06,0.20868472118591164
1.2035e-06,0.13978083882232803
1.204e-06,0.10152088721172331
1.2045000000000001e-06,0.035914932837807056
1.2049999999999999e-06,-0.10409194065255853
1.2054999999999999e-06,-0.31750953857048092
1.206e-06,-0.5453194952174818
1.2065e-06,-0.6945081684390304
1.207e-06,-0.68420593648235595
1.2075000000000001e-06,-0.48952360716341975
1.2079999999999999e-06,-0.15932385505263549
1.2084999999999999e-06,0.20230665126665548
1.209e-06,0.48195894688629215
1.2095e-06,0.60677316866899211
1.2100000000000001e-06,0.57287588657761224
1.2105000000000001e-06,0.43852151332360767
1.2109999999999999e-06,0.28691373577811541
1.2115e-06,0.17964673195085623
1.212e-06,0.12620860964113068
1.2125e-06,0.085672035307931327
1.2130000000000001e-06,-0.0013041576675019706
1.2134999999999999e-06,-0.16888794873852028
1.2139999999999999e-06,-0.39613255688978088
1.2145e-06,-0.60851448476459102
1.215e-06,-0.71149615159121049
1.2155000000000001e-06,-0.63887984586749469
1.2160000000000001e-06,-0.39014820268955919
1.2164999999999999e-06,-0.036345669709149805
1.217e-06,0.30947380871908586
1.2175e-06,0.54247183686903078
1.218e-06,0.61125117948166896
1.2185000000000001e-06,0.53519648058404179
1.2190000000000001e-06,0.38600780736250789
1.2194999999999999e-06,0.24455478156990287
1.22e-06,0.15704017035833423
1.2205e-06,0.11423502082878206
1.221e-06,0.064440094346021964
1.2215000000000001e-06,-0.04797009462559787
1.2219999999999999e-06,-0.24079139838430849
1.2224999999999999e-06,-0.47328628134697176
1.223e-06,-0.65930788794748207
1.2235e-06,-0.70839602193452944
1.2240000000000001e-06,-0.57335508457073769
1.2245000000000001e-06,-0.2787283983119706
1.2249999999999999e-06,0.085672035307826064
1.2255e-06,0.40363285028555174
1.226e-06,0.5841138677829435
1.2265e-06,0.59917720082279657
1.2270000000000001e-06,0.48931491650646897
1.2274999999999999e-06,0.33466601633352616
1.2279999999999999e-06,0.20868472118592832
1.2285e-06,0.13978083882233583
1.229e-06,0.10152088721173046
1.2295e-06,0.035914932837794317
1.2300000000000001e-06,-0.10409194065263702
1.2304999999999999e-06,-0.31750953857044073
1.2309999999999999e-06,-0.5453194952174466
1.2315e-06,-0.69450816843904073
1.232e-06,-0.68420593648237393
1.2325000000000001e-06,-0.48952360716338383
1.2330000000000001e-06,-0.15932385505258792
1.2334999999999999e-06,0.20230665126659758
1.234e-06,0.48195894688625629
1.2345e-06,0.60677316866899744
1.235e-06,0.57287588657762889
1.2355000000000001e-06,0.43852151332358735
1.2359999999999999e-06,0.28691373577813872
1.2364999999999999e-06,0.17964673195084621
1.237e-06,0.12620860964113706
1.2375e-06,0.085672035307924221
1.238e-06,-0.0013041576674804323
1.2385000000000001e-06,-0.16888794873860918
1.2389999999999999e-06,-0.39613255688974047
1.2394999999999999e-06,-0.60851448476461345
1.24e-06,-0.71149615159120683
1.2405e-06,-0.63887984586747304
1.2410000000000001e-06,-0.3901482026896137
1.2415000000000001e-06,-0.036345669708990232
1.2419999999999999e-06,0.30947380871903374
1.2425e-06,0.54247183686905076
1.243e-06,0.61125117948167107
1.2435e-06,0.53519648058406355
1.2440000000000001e-06,0.38600780736253487
1.2444999999999999e-06,0.24455478156988764
1.2449999999999999e-06,0.15704017035834442
1.2455e-06,0.1142350208287774
1.246e-06,0.064440094346034649
1.2465000000000001e-06,-0.047970094625571419
1.2470000000000001e-06,-0.24079139838440522
1.2474999999999999e-06,-0.47328628134700107
1.248e-06,-0.65930788794745965
1.2485e-06,-0.70839602193453644
1.249e-06,-0.57335508457077644
1.2495000000000001e-06,-0.27872839831203033
1.2500000000000001e-06,0.085672035307981453
1.2504999999999999e-06,0.40363285028558549
1.251e-06,0.58411386778292684
1.2515e-06,0.59917720082280668
1.252e-06,0.48931491650644998
1.2525000000000001e-06,0.33466601633346155
1.2529999999999999e-06,0.20868472118594497
1.2534999999999999e-06,0.13978083882232992
1.254e-06,0.1015208872117376
1.2545e-06,0.035914932837811137
1.2550000000000001e-06,-0.10409194065266067
1.2555000000000001e-06,-0.31750953857054193
1.2559999999999999e-06,-0.54531949521741141
1.2565e-06,-0.69450816843902707
1.257e-06,-0.68420593648236028
1.2575e-06,-0.48952360716343124
1.2580000000000001e-06,-0.15932385505254038
1.2585000000000001e-06,0.20230665126674324
1.2589999999999999e-06,0.48195894688622043
1.2595e-06,0.60677316866899045
1.26e-06,0.57287588657761623
1.2605e-06,0.43852151332361422
1.2610000000000001e-06,0.2869137357780801
1.2614999999999999e-06,0.17964673195085942
1.2619999999999999e-06,0.12620860964113223
1.2625e-06,0.085672035307933603
1.263e-06,-0.0013041576674967803
1.2635000000000001e-06,-0.16888794873857385
1.2640000000000001e-06,-0.39613255688984217
1.2644999999999999e-06,-0.60851448476458381
1.265e-06,-0.71149615159120971
1.2655e-06,-0.63887984586750168
1.266e-06,-0.3901482026895724
1.2665000000000001e-06,-0.036345669709053674
1.2669999999999999e-06,0.30947380871907326
1.2674999999999999e-06,0.54247183686902445
1.268e-06,0.61125117948166952
1.2685e-06,0.53519648058408531
1.269e-06,0.38600780736251439
1.2695000000000001e-06,0.24455478156987229
1.2699999999999999e-06,0.15704017035833678
1.2704999999999999e-06,0.11423502082878353
1.271e-06,0.064440094346025045
1.2715e-06,-0.047970094625544912
1.2720000000000001e-06,-0.24079139838436678
1.2725000000000001e-06,-0.47328628134703044
1.2729999999999999e-06,-0.65930788794747652
1.2735e-06,-0.70839602193454332
1.274e-06,-0.57335508457074713
1.2745e-06,-0.27872839831209012
1.2750000000000001e-06,0.085672035307919683
1.2754999999999999e-06,0.40363285028554086
1.2759999999999999e-06,0.5841138677829395
1.2765e-06,0.59917720082281689
1.277e-06,0.48931491650647502
1.2775000000000001e-06,0.33466601633348725
1.2780000000000001e-06,0.20868472118590295
1.2784999999999999e-06,0.13978083882233772
1.279e-06,0.10152088721173219
1.2795e-06,0.035914932837827984
1.28e-06,-0.10409194065262947
1.2805000000000001e-06,-0.3175095385705724
1.2810000000000001e-06,-0.54531949521749989
1.2814999999999999e-06,-0.69450816843901342
1.282e-06,-0.68420593648237826
1.2825e-06,-0.48952360716347865
1.283e-06,-0.15932385505260313
1.2835000000000001e-06,0.20230665126678715
1.2839999999999999e-06,0.48195894688624752
1.2844999999999999e-06,0.60677316866898356
1.285e-06,0.572875886577633
1.2855e-06,0.43852151332359379
1.2860000000000001e-06,0.28691373577810342
1.2865000000000001e-06,0.17964673195082614
1.2869999999999999e-06,0.12620860964113861
1.2875e-06,0.085672035307942956
1.288e-06,-0.0013041576674751587
1.2885e-06,-0.16888794873860064
1.2890000000000001e-06,-0.39613255688980176
1.2895000000000001e-06,-0.6085144847646583
1.2899999999999999e-06,-0.71149615159120605
1.2905e-06,-0.63887984586748003
1.291e-06,-0.39014820268962702
1.2915e-06,-0.036345669709005608
1.2920000000000001e-06,0.30947380871911268
1.2924999999999999e-06,0.54247183686899814
1.2929999999999999e-06,0.61125117948167174
1.2935e-06,0.53519648058406877
1.294e-06,0.38600780736254137
1.2945000000000001e-06,0.24455478156985699
1.2950000000000001e-06,0.15704017035832901
1.2954999999999999e-06,0.11423502082877889
1.296e-06,0.064440094346037702
1.2965e-06,-0.047970094625564952
1.297e-06,-0.24079139838432834
1.2975000000000001e-06,-0.47328628134705975
1.2979999999999999e-06,-0.65930788794745421
1.2984999999999999e-06,-0.7083960219345381
1.299e-06,-0.57335508457078577
1.2995e-06,-0.27872839831204488
1.3e-06,0.085672035307857886
1.3005000000000001e-06,0.4036328502856531
1.3009999999999999e-06,0.58411386778292285
1.3014999999999999e-06,0.59917720082280912
1.302e-06,0.48931491650650022
1.3025e-06,0.33466601633346782
1.3030000000000001e-06,0.20868472118591974
1.3035000000000001e-06,0.13978083882231815
1.3039999999999999e-06,0.10152088721173934
1.3045e-06,0.035914932837815217
1.305e-06,-0.10409194065259822
1.3055e-06,-0.31750953857053221
1.3060000000000001e-06,-0.54531949521752643
1.3064999999999999e-06,-0.69450816843902374
1.3069999999999999e-06,-0.68420593648239625
1.3075e-06,-0.48952360716344273
1.308e-06,-0.15932385505266589
1.3085000000000001e-06,0.20230665126672923
1.3090000000000001e-06,0.48195894688633778
1.3094999999999999e-06,0.60677316866898878
1.31e-06,0.57287588657764976
1.3105e-06,0.43852151332362072
1.311e-06,0.28691373577808571
1.3115000000000001e-06,0.17964673195083944
1.3120000000000001e-06,0.12620860964112252
1.3124999999999999e-06,0.085672035307935851
1.313e-06,-0.0013041576674536481
1.3135e-06,-0.16888794873856525
1.314e-06,-0.39613255688983229
1.3145000000000001e-06,-0.60851448476462866
1.3149999999999999e-06,-0.71149615159120239
1.3154999999999999e-06,-0.63887984586750868
1.316e-06,-0.39014820268958561
1.3165e-06,-0.036345669709069044
1.3170000000000001e-06,0.30947380871915214
1.3175000000000001e-06,0.54247183686906431
1.3179999999999999e-06,0.61125117948167373
1.3185e-06,0.53519648058409053
1.319e-06,0.38600780736252094
1.3195e-06,0.24455478156987717
1.3200000000000001e-06,0.15704017035832132
1.3205000000000001e-06,0.11423502082877421
1.3209999999999999e-06,0.064440094346028112
1.3215e-06,-0.047970094625538501
1.322e-06,-0.24079139838435745
1.3225e-06,-0.47328628134702105
1.3230000000000001e-06,-0.6593078879475105
1.3234999999999999e-06,-0.70839602193454498
1.3239999999999999e-06,-0.57335508457075646
1.3245e-06,-0.27872839831210461
1.325e-06,0.085672035307904695
1.3255000000000001e-06,0.40363285028560847
1.3260000000000001e-06,0.58411386778296448
1.3264999999999999e-06,0.59917720082281922
1.327e-06,0.48931491650648112
1.3275e-06,0.33466601633349347
1.328e-06,0.208684721185907
1.3285000000000001e-06,0.13978083882232595
1.3289999999999999e-06,0.10152088721173391
1.3294999999999999e-06,0.035914932837832036
1.33e-06,-0.10409194065262192
1.3305e-06,-0.31750953857049191
1.331e-06,-0.54531949521749135
1.3315000000000001e-06,-0.69450816843903396
1.3319999999999999e-06,-0.68420593648238259
1.3324999999999999e-06,-0.48952360716349008
1.333e-06,-0.15932385505261837
1.3335e-06,0.2023066512666713
1.3340000000000001e-06,0.48195894688630192
1.3345000000000001e-06,0.6067731686690061
1.3349999999999999e-06,0.57287588657763711
1.3355e-06,0.43852151332364758
1.336e-06,0.28691373577810902
1.3365e-06,0.1796467319508526
1.3370000000000001e-06,0.12620860964112895
1.3374999999999999e-06,0.085672035307945232
1.3379999999999999e-06,-0.0013041576674699684
1.3385e-06,-0.16888794873852997
1.339e-06,-0.39613255688979188
1.3395000000000001e-06,-0.6085144847646512
1.3400000000000001e-06,-0.71149615159121149
1.3404999999999999e-06,-0.63887984586753732
1.341e-06,-0.39014820268964023
1.3415e-06,-0.0363456697091325
1.342e-06,0.30947380871910007
1.3425000000000001e-06,0.54247183686908429
1.3430000000000001e-06,0.61125117948166841
1.3434999999999999e-06,0.5351964805841124
1.344e-06,0.38600780736254792
1.3445e-06,0.24455478156986188
1.345e-06,0.15704017035833148
1.3455000000000001e-06,0.11423502082876957
1.3459999999999999e-06,0.064440094346040797
1.3464999999999999e-06,-0.047970094625511994
1.347e-06,-0.24079139838431893
1.3475e-06,-0.47328628134705036
1.3480000000000001e-06,-0.65930788794748829
1.3485000000000001e-06,-0.70839602193452744
1.3489999999999999e-06,-0.57335508457079509
1.3495e-06,-0.27872839831205931
1.35e-06,0.085672035307842911
1.3505e-06,0.40363285028564222
1.3510000000000001e-06,0.58411386778294794
1.3515000000000001e-06,0.5991772008227938
1.3519999999999999e-06,0.48931491650650627
1.3525e-06,0.33466601633347404
1.353e-06,0.20868472118592377
1.3535e-06,0.13978083882232009
1.3540000000000001e-06,0.10152088721172851
1.3544999999999999e-06,0.035914932837819297
1.3549999999999999e-06,-0.10409194065259061
1.3555e-06,-0.31750953857052233
1.356e-06,-0.54531949521745626
1.3565000000000001e-06,-0.69450816843904439
1.3570000000000001e-06,-0.68420593648236894
1.3574999999999999e-06,-0.48952360716345422
1.358e-06,-0.15932385505273089
1.3585e-06,0.20230665126661335
1.359e-06,0.48195894688626606
1.3595000000000001e-06,0.60677316866899922
1.3599999999999999e-06,0.57287588657765387
1.3604999999999999e-06,0.43852151332362715
1.361e-06,0.28691373577809137
1.3615e-06,0.17964673195086589
1.362e-06,0.12620860964113531
1.3625000000000001e-06,0.085672035307921682
1.3629999999999999e-06,-0.0013041576674484023
1.3634999999999999e-06,-0.1688879487385567
1.364e-06,-0.39613255688982252
1.3645e-06,-0.60851448476456937
1.3650000000000001e-06,-0.71149615159120783
1.3655000000000001e-06,-0.63887984586746527
1.3659999999999999e-06,-0.39014820268969486
1.3665e-06,-0.036345669709084434
1.367e-06,0.30947380871913954
1.3675e-06,0.54247183686910427
1.3680000000000001e-06,0.61125117948167063
1.3684999999999999e-06,0.53519648058413416
1.3689999999999999e-06,0.3860078073625749
1.3695e-06,0.24455478156988211
1.37e-06,0.15704017035832385
1.3705e-06,0.11423502082876491
1.3710000000000001e-06,0.064440094346031165
1.3714999999999999e-06,-0.047970094625485543
1.372e-06,-0.24079139838428049
1.3725e-06,-0.47328628134701167
1.373e-06,-0.65930788794750517
1.3735000000000001e-06,-0.70839602193452222
1.3740000000000001e-06,-0.57335508457076578
1.3744999999999999e-06,-0.27872839831222418
1.375e-06,0.085672035307781114
1.3755e-06,0.4036328502855977
1.376e-06,0.58411386778296048
1.3765000000000001e-06,0.59917720082278625
1.3769999999999999e-06,0.48931491650648717
1.3774999999999999e-06,0.33466601633354487
1.378e-06,0.20868472118594045
1.3785e-06,0.13978083882232781
1.3790000000000001e-06,0.10152088721172309
1.3795000000000001e-06,0.035914932837776997
1.3799999999999999e-06,-0.10409194065261429
1.3805e-06,-0.31750953857055292
1.381e-06,-0.54531949521742107
1.3815e-06,-0.69450816843903074
1.3820000000000001e-06,-0.68420593648235539
1.3825000000000001e-06,-0.48952360716333487
1.3829999999999999e-06,-0.15932385505263358
1.3835e-06,0.20230665126675906
1.384e-06,0.4819589468862302
1.3845e-06,0.60677316866899234
1.3850000000000001e-06,0.57287588657761168
1.3854999999999999e-06,0.43852151332365408
1.3859999999999999e-06,0.28691373577811463
1.3865e-06,0.17964673195083261
1.387e-06,0.12620860964114167
1.3875000000000001e-06,0.085672035307931049
1.3880000000000001e-06,-0.001304157667502609
1.3884999999999999e-06,-0.16888794873852139
1.389e-06,-0.39613255688978211
1.3895e-06,-0.60851448476464398
1.39e-06,-0.71149615159120416
1.3905000000000001e-06,-0.63887984586749391
1.3909999999999999e-06,-0.39014820268974937
1.3914999999999999e-06,-0.036345669709147883
1.392e-06,0.30947380871908747
1.3925e-06,0.54247183686907785
1.393e-06,0.61125117948167262
1.3935000000000001e-06,0.53519648058407931
1.3939999999999999e-06,0.38600780736260187
1.3944999999999999e-06,0.24455478156990226
1.395e-06,0.15704017035833398
1.3955e-06,0.11423502082877107
1.3960000000000001e-06,0.06444009434599933
1.3965000000000001e-06,-0.047970094625552129
1.3969999999999999e-06,-0.24079139838424207
1.3975e-06,-0.47328628134697293
1.398e-06,-0.65930788794748285
1.3985e-06,-0.70839602193452911
1.3990000000000001e-06,-0.57335508457066875
1.3994999999999999e-06,-0.2787283983120738
1.3999999999999999e-06,0.08567203530771933
1.4005e-06,0.40363285028555307
1.401e-06,0.58411386778294394
1.4015e-06,0.59917720082279624
1.4020000000000001e-06,0.48931491650642395
1.4024999999999999e-06,0.33466601633348025
1.403e-06,0.20868472118595718
1.4035e-06,0.13978083882233561
1.404e-06,0.10152088721173025
1.4045000000000001e-06,0.035914932837793817
1.4050000000000001e-06,-0.10409194065269287
1.4054999999999999e-06,-0.31750953857051267
1.406e-06,-0.54531949521750944
1.4065e-06,-0.69450816843901708
1.407e-06,-0.68420593648237338
1.4075000000000001e-06,-0.48952360716338239
1.4079999999999999e-06,-0.15932385505269636
1.4084999999999999e-06,0.20230665126670111
1.409e-06,0.48195894688632035
1.4095e-06,0.60677316866898545
1.4100000000000001e-06,0.57287588657762845
1.4105000000000001e-06,0.43852151332358652
1.4109999999999999e-06,0.286913735778138
1.4115e-06,0.17964673195084577
1.412e-06,0.12620860964112565
1.4125e-06,0.085672035307940389
1.4130000000000001e-06,-0.0013041576674810984
1.4135000000000001e-06,-0.16888794873861032
1.4139999999999999e-06,-0.39613255688974169
1.4145e-06,-0.60851448476461434
1.415e-06,-0.71149615159121349
1.4155e-06,-0.63887984586752244
1.4160000000000001e-06,-0.39014820268961214
1.4164999999999999e-06,-0.036345669709211319
1.4169999999999999e-06,0.30947380871903535
1.4175e-06,0.54247183686905154
1.418e-06,0.61125117948166729
1.4185000000000001e-06,0.53519648058410119
1.4190000000000001e-06,0.38600780736253404
1.4194999999999999e-06,0.24455478156992247
1.42e-06,0.15704017035834414
1.4205e-06,0.11423502082877721
1.421e-06,0.064440094346012
1.4215000000000001e-06,-0.047970094625525678
1.4219999999999999e-06,-0.2407913983843388
1.4224999999999999e-06,-0.47328628134693423
1.423e-06,-0.65930788794746031
1.4235e-06,-0.70839602193453621
1.424e-06,-0.57335508457070727
1.4245000000000001e-06,-0.27872839831192348
1.4249999999999999e-06,0.085672035307874747
1.4254999999999999e-06,0.40363285028550844
1.426e-06,0.5841138677829274
1.4265e-06,0.59917720082280634
1.4270000000000001e-06,0.48931491650644915
1.4275000000000001e-06,0.33466601633341564
1.4279999999999999e-06,0.20868472118591508
1.4285e-06,0.13978083882234335
1.429e-06,0.10152088721173738
1.4295e-06,0.035914932837810637
1.4300000000000001e-06,-0.10409194065266161
1.4304999999999999e-06,-0.31750953857047237
1.4309999999999999e-06,-0.54531949521747436
1.4315e-06,-0.69450816843900343
1.432e-06,-0.68420593648239125
1.4325e-06,-0.4895236071634298
1.4330000000000001e-06,-0.15932385505253849
1.4334999999999999e-06,0.20230665126664321
1.4339999999999999e-06,0.48195894688628454
1.4345e-06,0.60677316866900277
1.435e-06,0.57287588657764521
1.4355000000000001e-06,0.43852151332361333
1.4360000000000001e-06,0.28691373577807938
1.4364999999999999e-06,0.17964673195085903
1.437e-06,0.12620860964113201
1.4375e-06,0.085672035307916852
1.438e-06,-0.0013041576674595601
1.4385000000000001e-06,-0.16888794873857491
1.4389999999999999e-06,-0.39613255688970128
1.4394999999999999e-06,-0.6085144847645847
1.44e-06,-0.71149615159120971
1.4405e-06,-0.6388798458674505
1.4410000000000001e-06,-0.39014820268966666
1.4415000000000001e-06,-0.036345669709051752
1.4419999999999999e-06,0.30947380871898322
1.4425e-06,0.54247183686902523
1.443e-06,0.61125117948166952
1.4435e-06,0.53519648058404634
1.4440000000000001e-06,0.38600780736256102
1.4445000000000001e-06,0.2445547815698717
1.4449999999999999e-06,0.15704017035835424
1.4455e-06,0.11423502082878334
1.446e-06,0.064440094346024643
1.4465e-06,-0.047970094625592263
1.4470000000000001e-06,-0.24079139838430036
1.4474999999999999e-06,-0.4732862813470316
1.4479999999999999e-06,-0.659307887947438
1.4485e-06,-0.7083960219345431
1.449e-06,-0.57335508457074591
1.4495000000000001e-06,-0.27872839831198321
1.4500000000000001e-06,0.085672035308030151
1.4504999999999999e-06,0.40363285028562068
1.451e-06,0.58411386778291097
1.4515e-06,0.59917720082281645
1.452e-06,0.4893149165064743
1.4525000000000001e-06,0.33466601633344134
1.4529999999999999e-06,0.20868472118593187
1.4534999999999999e-06,0.13978083882232384
1.454e-06,0.10152088721174453
1.4545e-06,0.035914932837827457
1.455e-06,-0.10409194065263039
1.4555000000000001e-06,-0.31750953857057362
1.4559999999999999e-06,-0.54531949521743917
1.4564999999999999e-06,-0.69450816843903773
1.457e-06,-0.68420593648240913
1.4575e-06,-0.4895236071634772
1.4580000000000001e-06,-0.15932385505260127
1.4585000000000001e-06,0.20230665126678887
1.4589999999999999e-06,0.48195894688624863
1.4595e-06,0.606773168668996
1.46e-06,0.57287588657760313
1.4605e-06,0.4385215133236402
1.4610000000000001e-06,0.28691373577810264
1.4614999999999999e-06,0.17964673195087225
1.4619999999999999e-06,0.12620860964113839
1.4625e-06,0.08567203530792622
1.463e-06,-0.0013041576675137112
1.4635e-06,-0.16888794873853957
1.4640000000000001e-06,-0.39613255688980298
1.4644999999999999e-06,-0.60851448476455516
1.4649999999999999e-06,-0.71149615159120605
1.4655e-06,-0.63887984586747915
1.466e-06,-0.39014820268952938
1.4665000000000001e-06,-0.036345669709115201
1.4670000000000001e-06,0.30947380871911423
1.4674999999999999e-06,0.54247183686899891
1.468e-06,0.61125117948167151
1.4685e-06,0.53519648058406821
1.469e-06,0.38600780736249318
1.4695000000000001e-06,0.24455478156989185
1.4699999999999999e-06,0.15704017035832876
1.4704999999999999e-06,0.1142350208287895
1.471e-06,0.064440094346037299
1.4715e-06,-0.047970094625565757
1.4720000000000001e-06,-0.24079139838439706
1.4725000000000001e-06,-0.47328628134699291
1.4729999999999999e-06,-0.65930788794749429
1.4735e-06,-0.70839602193455009
1.474e-06,-0.57335508457078455
1.4745e-06,-0.27872839831204299
1.4750000000000001e-06,0.085672035307968367
1.4755000000000001e-06,0.40363285028557605
1.4759999999999999e-06,0.58411386778295238
1.4765e-06,0.59917720082282666
1.477e-06,0.4893149165064995
1.4775e-06,0.33466601633346704
1.4780000000000001e-06,0.20868472118588982
1.4784999999999999e-06,0.13978083882233164
1.4789999999999999e-06,0.10152088721172656
1.4795e-06,0.035914932837844304
1.48e-06,-0.10409194065259919
1.4805000000000001e-06,-0.31750953857053343
1.4810000000000001e-06,-0.54531949521752754
1.4814999999999999e-06,-0.69450816843902408
1.482e-06,-0.68420593648236416
1.4825e-06,-0.48952360716352461
1.483e-06,-0.159323855052664
1.4835000000000001e-06,0.202306651266731
1.4839999999999999e-06,0.48195894688621282
1.4844999999999999e-06,0.606773168668989
1.485e-06,0.57287588657761979
1.4855e-06,0.43852151332366701
1.486e-06,0.28691373577812596
1.4865000000000001e-06,0.17964673195083905
1.4869999999999999e-06,0.1262086096411448
1.4874999999999999e-06,0.085672035307935573
1.488e-06,-0.0013041576674922006
1.4885e-06,-0.1688879487386285
1.4890000000000001e-06,-0.39613255688976257
1.4895000000000001e-06,-0.60851448476462955
1.4899999999999999e-06,-0.71149615159120239
1.4905e-06,-0.63887984586750779
1.491e-06,-0.39014820268958395
1.4915e-06,-0.03634566970895562
1.4920000000000001e-06,0.30947380871906216
1.4924999999999999e-06,0.5424718368689726
1.4929999999999999e-06,0.61125117948167373
1.4935e-06,0.53519648058408997
1.494e-06,0.38600780736252016
1.4945e-06,0.24455478156984112
1.4950000000000001e-06,0.15704017035833892
1.4954999999999999e-06,0.11423502082879566
1.4959999999999999e-06,0.064440094346049998
1.4965e-06,-0.047970094625539306
1.497e-06,-0.24079139838435859
1.4975000000000001e-06,-0.47328628134709028
1.4980000000000001e-06,-0.65930788794747186
1.4984999999999999e-06,-0.70839602193453255
1.499e-06,-0.57335508457082318
1.4995e-06,-0.27872839831210278
1.5e-06,0.085672035307906569
1.5005000000000001e-06,0.40363285028568818
1.5009999999999999e-06,0.58411386778293595
1.5014999999999999e-06,0.59917720082280124
1.502e-06,0.48931491650652464
1.5025e-06,0.33466601633349269
1.5030000000000001e-06,0.2086847211859065
1.5035000000000001e-06,0.13978083882231204
1.5039999999999999e-06,0.1015208872117337
1.5045e-06,0.035914932837801977
1.505e-06,-0.10409194065256794
1.5055e-06,-0.31750953857049308
1.5060000000000001e-06,-0.54531949521749246
1.5065000000000001e-06,-0.69450816843905838
1.5069999999999999e-06,-0.68420593648238204
1.5075e-06,-0.48952360716340532
1.508e-06,-0.15932385505272678
1.5085e-06,0.20230665126667305
1.5090000000000001e-06,0.48195894688630297
1.5094999999999999e-06,0.60677316866898212
1.5099999999999999e-06,0.57287588657763655
1.5105e-06,0.43852151332359957
1.511e-06,0.28691373577814927
1.5115000000000001e-06,0.17964673195085223
1.5120000000000001e-06,0.12620860964112873
1.5124999999999999e-06,0.085672035307944941
1.513e-06,-0.0013041576674706346
1.5135e-06,-0.16888794873859314
1.514e-06,-0.39613255688986415
1.5145000000000001e-06,-0.60851448476460002
1.5149999999999999e-06,-0.71149615159119861
1.5154999999999999e-06,-0.63887984586753643
1.516e-06,-0.39014820268963857
1.5165e-06,-0.036345669709019056
1.517e-06,0.30947380871919317
1.5175000000000001e-06,0.54247183686903877
1.5179999999999999e-06,0.61125117948167584
1.5184999999999999e-06,0.53519648058411173
1.519e-06,0.38600780736254708
1.5195e-06,0.2445547815698613
1.5200000000000001e-06,0.15704017035831336
1.5205000000000001e-06,0.11423502082878018
1.5209999999999999e-06,0.06444009434606264
1.5215e-06,-0.047970094625512799
1.522e-06,-0.24079139838432015
1.5225e-06,-0.47328628134705153
1.5230000000000001e-06,-0.65930788794752815
1.5234999999999999e-06,-0.70839602193453954
1.5239999999999999e-06,-0.57335508457086182
1.5245e-06,-0.27872839831216256
1.525e-06,0.085672035307844785
1.5255e-06,0.40363285028564366
1.5260000000000001e-06,0.58411386778297747
1.5264999999999999e-06,0.59917720082281134
1.5269999999999999e-06,0.48931491650646131
1.5275e-06,0.33466601633351839
1.528e-06,0.20868472118592324
1.5285000000000001e-06,0.13978083882231984
1.5290000000000001e-06,0.10152088721171573
1.5294999999999999e-06,0.035914932837818797
1.53e-06,-0.10409194065264651
1.5305e-06,-0.31750953857045283
1.531e-06,-0.54531949521745726
1.5315000000000001e-06,-0.69450816843904473
1.5319999999999999e-06,-0.68420593648240002
1.5324999999999999e-06,-0.48952360716345278
1.533e-06,-0.15932385505256891
1.5335e-06,0.20230665126661512
1.5340000000000001e-06,0.48195894688626717
1.5345000000000001e-06,0.60677316866899944
1.5349999999999999e-06,0.57287588657765331
1.5355e-06,0.43852151332362643
1.536e-06,0.28691373577809065
1.5365e-06,0.17964673195086542
1.5370000000000001e-06,0.12620860964113512
1.5375000000000001e-06,0.085672035307921404
1.5379999999999999e-06,-0.0013041576674490685
1.5385e-06,-0.16888794873855775
1.539e-06,-0.39613255688982374
1.5395e-06,-0.60851448476457037
1.5400000000000001e-06,-0.71149615159120794
1.5404999999999999e-06,-0.63887984586756508
1.5409999999999999e-06,-0.39014820268969314
1.5415e-06,-0.036345669709082505
1.542e-06,0.3094738087191411
1.5425000000000001e-06,0.54247183686910505
1.5430000000000001e-06,0.61125117948167051
1.5434999999999999e-06,0.53519648058413349
1.544e-06,0.38600780736257406
1.5445e-06,0.24455478156988147
1.545e-06,0.15704017035832346
1.5455000000000001e-06,0.1142350208287647
1.5460000000000001e-06,0.064440094346030791
1.5464999999999999e-06,-0.047970094625486348
1.547e-06,-0.24079139838428165
1.5475e-06,-0.47328628134701284
1.548e-06,-0.65930788794750583
1.5485000000000001e-06,-0.708396021934522
1.5489999999999999e-06,-0.57335508457076467
1.5494999999999999e-06,-0.27872839831222229
1.55e-06,0.085672035307783001
1.5505e-06,0.40363285028559903
1.5510000000000001e-06,0.58411386778296093
1.5515000000000001e-06,0.59917720082278592
1.5519999999999999e-06,0.48931491650648651
1.5525e-06,0.33466601633345378
1.553e-06,0.20868472118593998
1.5535e-06,0.13978083882232759
1.5540000000000001e-06,0.10152088721172288
1.5544999999999999e-06,0.035914932837835617
1.5549999999999999e-06,-0.10409194065261526
1.5555e-06,-0.31750953857055408
1.556e-06,-0.54531949521742207
1.5565e-06,-0.69450816843903129
1.5570000000000001e-06,-0.68420593648235495
1.5574999999999999e-06,-0.48952360716350019
1.5579999999999999e-06,-0.15932385505263166
1.5585e-06,0.20230665126676081
1.559e-06,0.48195894688623131
1.5595000000000001e-06,0.60677316866899267
1.5600000000000001e-06,0.57287588657761124
1.5604999999999999e-06,0.43852151332365324
1.561e-06,0.28691373577811397
1.5615e-06,0.17964673195083222
1.562e-06,0.1262086096411415
1.5625000000000001e-06,0.085672035307930758
1.5629999999999999e-06,-0.0013041576674275301
1.5634999999999999e-06,-0.16888794873852248
1.564e-06,-0.39613255688978338
1.5645e-06,-0.60851448476464487
1.5650000000000001e-06,-0.71149615159120438
1.5655000000000001e-06,-0.63887984586749302
1.5659999999999999e-06,-0.3901482026897477
1.5665e-06,-0.036345669709145954
1.567e-06,0.30947380871908903
1.5675e-06,0.54247183686907863
1.5680000000000001e-06,0.61125117948167262
1.5685000000000001e-06,0.53519648058407876
1.5689999999999999e-06,0.38600780736260099
1.5695e-06,0.24455478156990162
1.57e-06,0.15704017035833365
1.5705e-06,0.11423502082877088
1.5710000000000001e-06,0.064440094345998927
1.5714999999999999e-06,-0.047970094625552934
1.5719999999999999e-06,-0.24079139838424318
1.5725e-06,-0.47328628134697409
1.573e-06,-0.65930788794748341
1.5735000000000001e-06,-0.70839602193452889
1.5740000000000001e-06,-0.57335508457066742
1.5744999999999999e-06,-0.27872839831207197
1.575e-06,0.085672035307721203
1.5755e-06,0.4036328502855544
1.576e-06,0.5841138677829445
1.5765000000000001e-06,0.59917720082279602
1.5770000000000001e-06,0.48931491650642311
1.5774999999999999e-06,0.33466601633347948
1.578e-06,0.20868472118595666
1.5785e-06,0.13978083882233536
1.579e-06,0.10152088721173003
1.5795000000000001e-06,0.03591493283779329
1.5799999999999999e-06,-0.10409194065258401
1.5804999999999999e-06,-0.31750953857051389
1.581e-06,-0.54531949521751055
1.5815e-06,-0.69450816843901764
1.5820000000000001e-06,-0.68420593648237282
1.5825000000000001e-06,-0.48952360716338089
1.5829999999999999e-06,-0.15932385505269445
1.5835e-06,0.20230665126670289
1.584e-06,0.48195894688632146
1.5845e-06,0.60677316866898567
1.5850000000000001e-06,0.57287588657762789
1.5854999999999999e-06,0.43852151332368006
1.5859999999999999e-06,0.28691373577813728
1.5865e-06,0.17964673195084543
1.587e-06,0.12620860964112546
1.5875e-06,0.085672035307940125
1.5880000000000001e-06,-0.001304157667481709
1.5884999999999999e-06,-0.16888794873848714
1.5889999999999999e-06,-0.39613255688974297
1.5895e-06,-0.60851448476461523
1.59e-06,-0.71149615159121371
1.5905000000000001e-06,-0.63887984586752167
1.5910000000000001e-06,-0.39014820268961048
1.5914999999999999e-06,-0.036345669709209397
1.592e-06,0.30947380871903696
1.5925e-06,0.54247183686905243
1.593e-06,0.61125117948166729
1.5935000000000001e-06,0.53519648058410052
1.5939999999999999e-06,0.38600780736253321
1.5944999999999999e-06,0.2445547815699218
1.595e-06,0.15704017035834381
1.5955e-06,0.11423502082877704
1.5960000000000001e-06,0.064440094346011625
1.5965000000000001e-06,-0.047970094625619575
1.5969999999999999e-06,-0.24079139838433994
1.5975e-06,-0.4732862813469354
1.598e-06,-0.65930788794746109
1.5985e-06,-0.70839602193453588
1.5990000000000001e-06,-0.57335508457070616
1.5995000000000001e-06,-0.27872839831192164
1.5999999999999999e-06,0.085672035307876607
1.6005e-06,0.40363285028550983
1.601e-06,0.58411386778292795
1.6015e-06,0.59917720082280612
1.6020000000000001e-06,0.48931491650644843
1.6024999999999999e-06,0.33466601633350512
1.6029999999999999e-06,0.20868472118591461
1.6035e-06,0.1397808388223431
1.604e-06,0.10152088721173716
1.6045000000000001e-06,0.035914932837810137
1.6050000000000001e-06,-0.10409194065266258
1.6054999999999999e-06,-0.31750953857047359
1.606e-06,-0.54531949521747536
1.6065e-06,-0.69450816843905172
1.607e-06,-0.6842059364823907
1.6075000000000001e-06,-0.4895236071634283
1.6080000000000001e-06,-0.15932385505253657
1.6084999999999999e-06,0.20230665126664499
1.609e-06,0.4819589468862856
1.6095e-06,0.60677316866900299
1.61e-06,0.57287588657764466
1.6105000000000001e-06,0.4385215133236125
1.6109999999999999e-06,0.28691373577816059
1.6114999999999999e-06,0.17964673195085865
1.612e-06,0.12620860964113184
1.6125e-06,0.085672035307916575
1.6130000000000001e-06,-0.0013041576674601707
1.6135000000000001e-06,-0.16888794873857599
1.6139999999999999e-06,-0.39613255688970256
1.6145e-06,-0.60851448476458558
1.615e-06,-0.71149615159120994
1.6155e-06,-0.63887984586744961
1.6160000000000001e-06,-0.39014820268966499
1.6164999999999999e-06,-0.036345669709049809
1.6169999999999999e-06,0.30947380871898489
1.6175e-06,0.542471836869026
1.618e-06,0.6112511794816694
1.6185e-06,0.53519648058404568
1.6190000000000001e-06,0.38600780736256013
1.6194999999999999e-06,0.24455478156987107
1.6199999999999999e-06,0.15704017035835394
1.6205e-06,0.11423502082878317
1.621e-06,0.064440094346024268
1.6215000000000001e-06,-0.047970094625593068
1.6220000000000001e-06,-0.2407913983843015
1.6224999999999999e-06,-0.47328628134703277
1.623e-06,-0.65930788794743866
1.6235e-06,-0.70839602193454287
1.624e-06,-0.57335508457074469
1.6245000000000001e-06,-0.27872839831198143
1.6249999999999999e-06,0.085672035307814823
1.6254999999999999e-06,0.40363285028562201
1.626e-06,0.58411386778291141
1.6265e-06,0.59917720082281622
1.6270000000000001e-06,0.48931491650647346
1.6275000000000001e-06,0.33466601633344051
1.6279999999999999e-06,0.20868472118593132
1.6285e-06,0.13978083882232359
1.629e-06,0.10152088721174432
1.6295e-06,0.035914932837826957
1.6300000000000001e-06,-0.10409194065263136
1.6305000000000001e-06,-0.31750953857057485
1.6309999999999999e-06,-0.54531949521744028
1.6315e-06,-0.69450816843903818
1.632e-06,-0.68420593648240868
1.6325e-06,-0.48952360716347576
1.6330000000000001e-06,-0.15932385505259936
1.6334999999999999e-06,0.20230665126658703
1.6339999999999999e-06,0.48195894688624974
1.6345e-06,0.60677316866899611
1.635e-06,0.57287588657760269
1.6355000000000001e-06,0.43852151332363942
1.6360000000000001e-06,0.28691373577810197
1.6364999999999999e-06,0.17964673195087186
1.637e-06,0.1262086096411382
1.6375e-06,0.085672035307925928
1.638e-06,-0.0013041576675143773
1.6385000000000001e-06,-0.16888794873854071
1.6390000000000001e-06,-0.39613255688980414
1.6394999999999999e-06,-0.60851448476455594
1.64e-06,-0.71149615159120627
1.6405e-06,-0.63887984586747826
1.641e-06,-0.39014820268952777
1.6415000000000001e-06,-0.036345669709113279
1.6419999999999999e-06,0.30947380871893271
1.6424999999999999e-06,0.54247183686899958
1.643e-06,0.61125117948167151
1.6435e-06,0.53519648058406755
1.6440000000000001e-06,0.38600780736249235
1.6445000000000001e-06,0.24455478156989122
1.6449999999999999e-06,0.15704017035832843
1.6455e-06,0.11423502082878929
1.646e-06,0.064440094346036925
1.6465e-06,-0.047970094625566617
1.6470000000000001e-06,-0.24079139838439831
1.6474999999999999e-06,-0.47328628134699408
1.6479999999999999e-06,-0.65930788794749506
1.6485e-06,-0.70839602193454998
1.649e-06,-0.57335508457078344
1.6495e-06,-0.27872839831204121
1.6500000000000001e-06,0.085672035307970226
1.6504999999999999e-06,0.40363285028557738
1.6509999999999999e-06,0.58411386778295293
1.6515e-06,0.59917720082282633
1.652e-06,0.48931491650649866
1.6525000000000001e-06,0.33466601633346627
1.6530000000000001e-06,0.20868472118588929
1.6534999999999999e-06,0.13978083882233139
1.654e-06,0.10152088721172634
1.6545e-06,0.035914932837843777
1.655e-06,-0.10409194065260016
1.6555000000000001e-06,-0.31750953857053466
1.6559999999999999e-06,-0.54531949521740508
1.6564999999999999e-06,-0.69450816843902463
1.657e-06,-0.68420593648236361
1.6575e-06,-0.48952360716352317
1.658e-06,-0.15932385505266211
1.6585000000000001e-06,0.20230665126673275
1.6589999999999999e-06,0.48195894688621388
1.6595e-06,0.60677316866898923
1.66e-06,0.57287588657761945
1.6605e-06,0.43852151332357187
1.6610000000000001e-06,0.28691373577812529
1.6615000000000001e-06,0.17964673195083858
1.6619999999999999e-06,0.12620860964114461
1.6625e-06,0.085672035307935296
1.663e-06,-0.001304157667492839
1.6635e-06,-0.16888794873862958
1.6640000000000001e-06,-0.39613255688976379
1.6644999999999999e-06,-0.6085144847645263
1.6649999999999999e-06,-0.71149615159120261
1.6655e-06,-0.6388798458675069
1.666e-06,-0.39014820268958234
1.6665000000000001e-06,-0.036345669708953691
1.6670000000000001e-06,0.30947380871906377
1.6674999999999999e-06,0.54247183686897338
1.668e-06,0.61125117948167362
1.6685e-06,0.53519648058408931
1.669e-06,0.38600780736251927
1.6695000000000001e-06,0.24455478156984045
1.6700000000000001e-06,0.15704017035833853
1.6704999999999999e-06,0.11423502082879546
1.671e-06,0.064440094346049595
1.6715e-06,-0.047970094625540111
1.672e-06,-0.24079139838435973
1.6725000000000001e-06,-0.47328628134709144
1.6729999999999999e-06,-0.65930788794747253
1.6734999999999999e-06,-0.70839602193453233
1.674e-06,-0.57335508457082207
1.6745e-06,-0.27872839831210094
1.6750000000000001e-06,0.085672035307908456
1.6755000000000001e-06,0.40363285028568952
1.6759999999999999e-06,0.5841138677829365
1.6765e-06,0.5991772008228009
1.677e-06,0.48931491650652381
1.6775e-06,0.33466601633349191
1.6780000000000001e-06,0.20868472118590603
1.6784999999999999e-06,0.13978083882233913
1.6789999999999999e-06,0.1015208872117335
1.6795e-06,0.03591493283780145
1.68e-06,-0.10409194065256896
1.6805e-06,-0.31750953857049435
1.6810000000000001e-06,-0.54531949521749346
1.6814999999999999e-06,-0.69450816843901098
1.6819999999999999e-06,-0.68420593648238148
1.6825e-06,-0.48952360716340387
1.683e-06,-0.15932385505272489
1.6835000000000001e-06,0.2023066512666748
1.6840000000000001e-06,0.48195894688630403
1.6844999999999999e-06,0.60677316866898234
1.685e-06,0.57287588657763611
1.6855e-06,0.43852151332359868
1.686e-06,0.2869137357781486
1.6865000000000001e-06,0.17964673195085187
1.6869999999999999e-06,0.12620860964115099
1.6874999999999999e-06,0.085672035307944649
1.688e-06,-0.0013041576674712729
1.6885e-06,-0.16888794873859422
1.689e-06,-0.39613255688986537
1.6895000000000001e-06,-0.60851448476460079
1.6899999999999999e-06,-0.71149615159119883
1.6905e-06,-0.63887984586753555
1.691e-06,-0.3901482026896369
1.6915e-06,-0.036345669709017127
1.6920000000000001e-06,0.30947380871919478
1.6925000000000001e-06,0.54247183686903955
1.6929999999999999e-06,0.61125117948167573
1.6935e-06,0.53519648058411107
1.694e-06,0.38600780736254625
1.6945e-06,0.24455478156986066
1.6950000000000001e-06,0.15704017035831311
1.6954999999999999e-06,0.11423502082877998
1.6959999999999999e-06,0.064440094346062238
1.6965e-06,-0.047970094625513604
1.697e-06,-0.24079139838432131
1.6975000000000001e-06,-0.4732862813470527
1.6980000000000001e-06,-0.65930788794752893
1.6984999999999999e-06,-0.70839602193453932
1.699e-06,-0.57335508457072482
1.6995e-06,-0.27872839831216079
1.7e-06,0.085672035307846645
1.7005000000000001e-06,0.403632850285645
1.7010000000000001e-06,0.58411386778297802
1.7014999999999999e-06,0.59917720082281101
1.702e-06,0.48931491650646058
1.7025e-06,0.33466601633351761
1.703e-06,0.20868472118592268
1.7035000000000001e-06,0.13978083882231962
1.7039999999999999e-06,0.10152088721174063
1.7044999999999999e-06,0.035914932837818297
1.705e-06,-0.10409194065264743
1.7055e-06,-0.31750953857045411
1.7060000000000001e-06,-0.54531949521745837
1.7065000000000001e-06,-0.69450816843904517
1.7069999999999999e-06,-0.68420593648239936
1.7075e-06,-0.48952360716345134
1.708e-06,-0.15932385505256699
1.7085e-06,0.20230665126661687
1.7090000000000001e-06,0.48195894688626822
1.7094999999999999e-06,0.60677316866897546
1.7099999999999999e-06,0.57287588657765287
1.7105e-06,0.43852151332362554
1.711e-06,0.28691373577808998
1.7115e-06,0.17964673195086503
1.7120000000000001e-06,0.12620860964113489
1.7124999999999999e-06,0.085672035307954017
1.7129999999999999e-06,-0.0013041576674497068
1.7135e-06,-0.16888794873855886
1.714e-06,-0.39613255688982496
1.7145000000000001e-06,-0.60851448476457115
1.7150000000000001e-06,-0.71149615159120805
1.7154999999999999e-06,-0.63887984586756419
1.716e-06,-0.39014820268969147
1.7165e-06,-0.036345669709080569
1.717e-06,0.30947380871914265
1.7175000000000001e-06,0.54247183686910583
1.7179999999999999e-06,0.6112511794816704
1.7184999999999999e-06,0.53519648058413283
1.719e-06,0.38600780736257323
1.7195e-06,0.24455478156988086
1.72e-06,0.15704017035832321
1.7205000000000001e-06,0.11423502082876455
1.7209999999999999e-06,0.064440094346030416
1.7215e-06,-0.047970094625487153
1.722e-06,-0.24079139838428285
1.7225e-06,-0.473286281347014
1.7230000000000001e-06,-0.6593078879475065
1.7235000000000001e-06,-0.70839602193452178
1.7239999999999999e-06,-0.57335508457076356
1.7245e-06,-0.27872839831222052
1.725e-06,0.085672035307784875
1.7255e-06,0.40363285028560036
1.7260000000000001e-06,0.58411386778296137
1.7264999999999999e-06,0.59917720082282111
1.7269999999999999e-06,0.48931491650648568
1.7275e-06,0.334666016333453
1.728e-06,0.20868472118593945
1.7285000000000001e-06,0.13978083882232736
1.7290000000000001e-06,0.10152088721172267
1.7294999999999999e-06,0.035914932837835117
1.73e-06,-0.10409194065261623
1.7305e-06,-0.31750953857055536
1.731e-06,-0.54531949521742329
1.7315000000000001e-06,-0.69450816843903151
1.7320000000000001e-06,-0.68420593648235439
1.7324999999999999e-06,-0.48952360716349874
1.733e-06,-0.15932385505262978
1.7335e-06,0.20230665126676256
1.734e-06,0.48195894688623231
1.7345000000000001e-06,0.60677316866899278
1.7349999999999999e-06,0.57287588657766964
1.7354999999999999e-06,0.43852151332365236
1.736e-06,0.2869137357781133
1.7365e-06,0.17964673195083178
1.7370000000000001e-06,0.12620860964114133
1.7375000000000001e-06,0.085672035307930466
1.7379999999999999e-06,-0.0013041576674281963
1.7385e-06,-0.16888794873852353
1.739e-06,-0.39613255688978455
1.7395e-06,-0.60851448476464576
1.7400000000000001e-06,-0.71149615159120438
1.7404999999999999e-06,-0.63887984586749214
1.7409999999999999e-06,-0.39014820268974609
1.7415e-06,-0.036345669709144032
1.742e-06,0.30947380871909058
1.7425e-06,0.54247183686907952
1.7430000000000001e-06,0.61125117948166507
1.7434999999999999e-06,0.53519648058407809
1.7439999999999999e-06,0.38600780736260021
1.7445e-06,0.24455478156990107
1.745e-06,0.15704017035833337
1.7455000000000001e-06,0.11423502082877067
1.7460000000000001e-06,0.064440094345998553
1.7464999999999999e-06,-0.047970094625553739
1.747e-06,-0.24079139838424435
1.7475e-06,-0.47328628134697531
1.748e-06,-0.65930788794748407
1.7485000000000001e-06,-0.70839602193452866
1.7489999999999999e-06,-0.57335508457080209
1.7494999999999999e-06,-0.27872839831207019
1.75e-06,0.085672035307723063
1.7505e-06,0.40363285028555573
1.751e-06,0.58411386778294494
1.7515000000000001e-06,0.59917720082279569
1.7519999999999999e-06,0.48931491650651093
1.7524999999999999e-06,0.3346660163334787
1.753e-06,0.2086847211858974
1.7535e-06,0.13978083882233514
1.7540000000000001e-06,0.1015208872117298
1.7545000000000001e-06,0.03591493283779279
1.7549999999999999e-06,-0.10409194065258498
1.7555e-06,-0.31750953857051512
1.756e-06,-0.54531949521751144
1.7565e-06,-0.69450816843901797
1.7570000000000001e-06,-0.68420593648237227
1.7574999999999999e-06,-0.48952360716354615
1.7579999999999999e-06,-0.15932385505269253
1.7585e-06,0.20230665126670463
1.759e-06,0.48195894688632251
1.7595000000000001e-06,0.6067731686689859
1.7600000000000001e-06,0.57287588657762745
1.7604999999999999e-06,0.43852151332367934
1.761e-06,0.28691373577813661
1.7615e-06,0.17964673195084502
1.762e-06,0.12620860964112524
1.7625000000000001e-06,0.085672035307939834
1.7630000000000001e-06,-0.0013041576674824029
1.7634999999999999e-06,-0.1688879487384882
1.764e-06,-0.39613255688974414
1.7645e-06,-0.60851448476461611
1.765e-06,-0.71149615159121371
1.7655000000000001e-06,-0.63887984586752078
1.7659999999999999e-06,-0.39014820268960881
1.7664999999999999e-06,-0.036345669709207475
1.767e-06,0.30947380871903851
1.7675e-06,0.54247183686905309
1.7680000000000001e-06,0.61125117948166718
1.7685000000000001e-06,0.53519648058409985
1.7689999999999999e-06,0.38600780736253237
1.7695e-06,0.24455478156992128
1.77e-06,0.1570401703583435
1.7705e-06,0.11423502082877683
1.7710000000000001e-06,0.064440094346011223
1.7714999999999999e-06,-0.047970094625527288
1.7719999999999999e-06,-0.24079139838434116
1.7725e-06,-0.47328628134693657
1.773e-06,-0.65930788794746165
1.7735e-06,-0.70839602193453577
1.7740000000000001e-06,-0.57335508457070494
1.7744999999999999e-06,-0.27872839831212998
1.7749999999999999e-06,0.085672035307878494
1.7755e-06,0.40363285028551121
1.776e-06,0.5841138677829284
1.7765000000000001e-06,0.59917720082280579
1.7770000000000001e-06,0.48931491650644759
1.7774999999999999e-06,0.33466601633350435
1.778e-06,0.20868472118591411
1.7785e-06,0.13978083882234288
1.779e-06,0.10152088721173695
1.7795000000000001e-06,0.03591493283780961
1.7799999999999999e-06,-0.10409194065255378
1.7804999999999999e-06,-0.31750953857047481
1.781e-06,-0.54531949521747636
1.7815e-06,-0.69450816843905228
1.782e-06,-0.68420593648239014
1.7825000000000001e-06,-0.48952360716342691
1.7829999999999999e-06,-0.15932385505275531
1.7834999999999999e-06,0.20230665126664671
1.784e-06,0.48195894688628671
1.7845e-06,0.60677316866900322
1.7850000000000001e-06,0.5728758865776441
1.7855000000000001e-06,0.43852151332361178
1.7859999999999999e-06,0.28691373577815993
1.7865e-06,0.17964673195085826
1.787e-06,0.12620860964113165
1.7875e-06,0.085672035307916283
1.7880000000000001e-06,-0.0013041576674608091
1.7884999999999999e-06,-0.16888794873845281
1.7889999999999999e-06,-0.39613255688970378
1.7895e-06,-0.60851448476458658
1.79e-06,-0.71149615159120994
1.7905000000000001e-06,-0.63887984586744873
1.7910000000000001e-06,-0.39014820268966338
1.7914999999999999e-06,-0.036345669709047887
1.792e-06,0.30947380871898644
1.7925e-06,0.54247183686902689
1.793e-06,0.6112511794816694
1.7935000000000001e-06,0.53519648058404512
1.7940000000000001e-06,0.3860078073625593
1.7944999999999999e-06,0.24455478156987046
1.795e-06,0.15704017035835358
1.7955e-06,0.11423502082878297
1.796e-06,0.064440094346023866
1.7965000000000001e-06,-0.047970094625593873
1.7969999999999999e-06,-0.24079139838430264
1.7974999999999999e-06,-0.47328628134703393
1.798e-06,-0.65930788794743933
1.7985e-06,-0.70839602193454265
1.7990000000000001e-06,-0.57335508457074358
1.7995000000000001e-06,-0.2787283983119796
1.7999999999999999e-06,0.085672035307816696
1.8005e-06,0.40363285028562335
1.801e-06,0.58411386778291186
1.8015e-06,0.59917720082281589
1.8020000000000001e-06,0.48931491650647274
1.8024999999999999e-06,0.33466601633353005
1.8029999999999999e-06,0.20868472118593079
1.8035e-06,0.13978083882232337
1.804e-06,0.1015208872117441
1.8045e-06,0.03591493283782643
1.8050000000000001e-06,-0.1040919406526323
1.8054999999999999e-06,-0.31750953857043457
1.8059999999999999e-06,-0.54531949521744127
1.8065e-06,-0.69450816843903862
1.807e-06,-0.68420593648234518
1.8075000000000001e-06,-0.48952360716347432
1.8080000000000001e-06,-0.15932385505259744
1.8084999999999999e-06,0.20230665126658881
1.809e-06,0.48195894688625079
1.8095e-06,0.60677316866899633
1.81e-06,0.57287588657760202
1.8105000000000001e-06,0.43852151332363859
1.8109999999999999e-06,0.28691373577818324
1.8114999999999999e-06,0.17964673195087147
1.812e-06,0.12620860964113803
1.8125e-06,0.085672035307925651
1.813e-06,-0.0013041576675150435
1.8135000000000001e-06,-0.16888794873854168
1.8139999999999999e-06,-0.39613255688966337
1.8144999999999999e-06,-0.60851448476455694
1.815e-06,-0.71149615159120627
1.8155e-06,-0.63887984586747737
1.8160000000000001e-06,-0.3901482026895261
1.8165000000000001e-06,-0.036345669709111329
1.8169999999999999e-06,0.30947380871893437
1.8175e-06,0.54247183686900047
1.818e-06,0.61125117948167151
1.8185e-06,0.53519648058406688
1.8190000000000001e-06,0.38600780736249152
1.8194999999999999e-06,0.24455478156989063
1.8199999999999999e-06,0.15704017035832815
1.8205e-06,0.11423502082878913
1.821e-06,0.06444009434603655
1.8215000000000001e-06,-0.047970094625567422
1.8220000000000001e-06,-0.24079139838439945
1.8224999999999999e-06,-0.47328628134699524
1.823e-06,-0.65930788794749562
1.8235e-06,-0.70839602193454965
1.824e-06,-0.57335508457078221
1.8245000000000001e-06,-0.27872839831203938
1.8250000000000001e-06,0.0856720353079721
1.8254999999999999e-06,0.40363285028557871
1.826e-06,0.58411386778295349
1.8265e-06,0.59917720082282599
1.827e-06,0.48931491650649794
1.8275000000000001e-06,0.33466601633346549
1.8279999999999999e-06,0.20868472118594747
1.8284999999999999e-06,0.13978083882233111
1.829e-06,0.10152088721172613
1.8295e-06,0.035914932837843278
1.8300000000000001e-06,-0.10409194065260105
1.8305000000000001e-06,-0.31750953857053588
1.8309999999999999e-06,-0.5453194952174063
1.8315e-06,-0.69450816843902508
1.832e-06,-0.68420593648236305
1.8325e-06,-0.48952360716352172
1.8330000000000001e-06,-0.15932385505266022
1.8334999999999999e-06,0.20230665126653086
1.8339999999999999e-06,0.48195894688621499
1.8345e-06,0.60677316866898945
1.835e-06,0.57287588657761879
1.8355e-06,0.43852151332357103
1.8360000000000001e-06,0.28691373577812457
1.8364999999999999e-06,0.17964673195088471
1.8369999999999999e-06,0.12620860964114439
1.8375e-06,0.085672035307935004
1.838e-06,-0.0013041576674934774
1.8385000000000001e-06,-0.16888794873863061
1.8390000000000001e-06,-0.39613255688976495
1.8394999999999999e-06,-0.60851448476452719
1.84e-06,-0.71149615159120261
1.8405e-06,-0.63887984586750601
1.841e-06,-0.39014820268958067
1.8415000000000001e-06,-0.036345669708951769
1.8419999999999999e-06,0.30947380871906532
1.8424999999999999e-06,0.54247183686897416
1.843e-06,0.61125117948167362
1.8435e-06,0.53519648058408864
1.844e-06,0.3860078073625185
1.8445000000000001e-06,0.24455478156983987
1.8449999999999999e-06,0.15704017035833828
1.8454999999999999e-06,0.11423502082877365
1.846e-06,0.06444009434604922
1.8465e-06,-0.047970094625540916
1.8470000000000001e-06,-0.24079139838436101
1.8475000000000001e-06,-0.47328628134709261
1.8479999999999999e-06,-0.6593078879474733
1.8485e-06,-0.70839602193453211
1.849e-06,-0.57335508457082085
1.8495e-06,-0.27872839831209917
1.8500000000000001e-06,0.08567203530791033
1.8504999999999999e-06,0.40363285028553419
1.8509999999999999e-06,0.58411386778293695
1.8515e-06,0.59917720082280057
1.852e-06,0.48931491650652309
1.8525000000000001e-06,0.33466601633349113
1.8530000000000001e-06,0.20868472118590553
1.8534999999999999e-06,0.13978083882233891
1.854e-06,0.10152088721173327
1.8545e-06,0.03591493283780095
1.855e-06,-0.10409194065256985
1.8555000000000001e-06,-0.31750953857049558
1.8560000000000001e-06,-0.54531949521749445
1.8564999999999999e-06,-0.69450816843901142
1.857e-06,-0.68420593648238093
1.8575e-06,-0.48952360716340249
1.858e-06,-0.15932385505272298
1.8585000000000001e-06,0.20230665126667657
1.8589999999999999e-06,0.48195894688617913
1.8594999999999999e-06,0.60677316866898257
1.86e-06,0.57287588657763555
1.8605e-06,0.43852151332359784
1.8610000000000001e-06,0.28691373577806589
1.8615000000000001e-06,0.17964673195085143
1.8619999999999999e-06,0.12620860964115077
1.8625e-06,0.085672035307944372
1.863e-06,-0.0013041576674719391
1.8635e-06,-0.16888794873859531
1.8640000000000001e-06,-0.39613255688986659
1.8645000000000001e-06,-0.60851448476460179
1.8649999999999999e-06,-0.71149615159119883
1.8655e-06,-0.63887984586753466
1.866e-06,-0.39014820268963524
1.8665e-06,-0.036345669709015212
1.8670000000000001e-06,0.30947380871919639
1.8674999999999999e-06,0.54247183686904044
1.8679999999999999e-06,0.61125117948167573
1.8685e-06,0.5351964805841104
1.869e-06,0.38600780736254542
1.8695000000000001e-06,0.24455478156986005
1.8700000000000001e-06,0.15704017035831272
1.8704999999999999e-06,0.11423502082877982
1.871e-06,0.064440094346061863
1.8715e-06,-0.047970094625514409
1.872e-06,-0.24079139838432242
1.8725000000000001e-06,-0.47328628134705386
1.8729999999999999e-06,-0.65930788794745088
1.8734999999999999e-06,-0.7083960219345391
1.874e-06,-0.57335508457072371
1.8745e-06,-0.2787283983121589
1.875e-06,0.085672035307848532
1.8755000000000001e-06,0.40363285028564633
1.8759999999999999e-06,0.5841138677829204
1.8764999999999999e-06,0.59917720082281067
1.877e-06,0.48931491650645975
1.8775e-06,0.33466601633351684
1.8780000000000001e-06,0.20868472118592221
1.8785000000000001e-06,0.13978083882231937
1.8789999999999999e-06,0.10152088721174042
1.8795e-06,0.03591493283781777
1.88e-06,-0.10409194065264843
1.8805e-06,-0.31750953857045527
1.8810000000000001e-06,-0.54531949521745937
1.8814999999999999e-06,-0.69450816843899776
1.8819999999999999e-06,-0.68420593648239891
1.8825e-06,-0.48952360716344989
1.883e-06,-0.15932385505256511
1.8835000000000001e-06,0.20230665126661862
1.8840000000000001e-06,0.48195894688626933
1.8844999999999999e-06,0.60677316866897568
1.885e-06,0.5728758865776522
1.8855e-06,0.43852151332362477
1.886e-06,0.28691373577808921
1.8865000000000001e-06,0.17964673195086464
1.8870000000000001e-06,0.12620860964113473
1.8874999999999999e-06,0.085672035307953726
1.888e-06,-0.0013041576674504007
1.8885e-06,-0.16888794873855995
1.889e-06,-0.39613255688982618
1.8895000000000001e-06,-0.60851448476467629
1.8899999999999999e-06,-0.71149615159120827
1.8904999999999999e-06,-0.6388798458675633
1.891e-06,-0.3901482026896898
1.8915e-06,-0.036345669709078647
1.8920000000000001e-06,0.30947380871914426
1.8925000000000001e-06,0.54247183686910661
1.8929999999999999e-06,0.6112511794816704
1.8935e-06,0.53519648058413227
1.894e-06,0.38600780736257234
1.8945e-06,0.24455478156988023
1.8950000000000001e-06,0.15704017035832291
1.8955000000000001e-06,0.11423502082876434
1.8959999999999999e-06,0.064440094346030014
1.8965e-06,-0.04797009462548793
1.897e-06,-0.24079139838428398
1.8975e-06,-0.47328628134701517
1.8980000000000001e-06,-0.65930788794750728
1.8984999999999999e-06,-0.70839602193454598
1.8989999999999999e-06,-0.57335508457076223
1.8995e-06,-0.27872839831200857
1.9e-06,0.085672035307786748
1.9005000000000001e-06,0.4036328502856017
1.9010000000000001e-06,0.58411386778296193
1.9014999999999999e-06,0.59917720082282078
1.902e-06,0.4893149165064849
1.9025e-06,0.33466601633345228
1.903e-06,0.20868472118593889
1.9035000000000001e-06,0.13978083882232711
1.9039999999999999e-06,0.10152088721174757
1.9044999999999999e-06,0.035914932837834618
1.905e-06,-0.10409194065261712
1.9055e-06,-0.31750953857055653
1.906e-06,-0.54531949521742429
1.9065000000000001e-06,-0.69450816843903196
1.9069999999999999e-06,-0.6842059364824169
1.9074999999999999e-06,-0.4895236071634973
1.9080000000000002e-06,-0.15932385505240723
1.9085e-06,0.20230665126676434
1.9089999999999998e-06,0.48195894688623342
1.9095000000000001e-06,0.606773168668993
1.9099999999999999e-06,0.57287588657766897
1.9105000000000002e-06,0.43852151332355721
1.911e-06,0.28691373577811252
1.9114999999999998e-06,0.17964673195087785
1.9120000000000001e-06,0.12620860964114111
1.9124999999999999e-06,0.085672035307930189
1.9130000000000001e-06,-0.0013041576675045796
1.9135e-06,-0.16888794873852458
1.9139999999999998e-06,-0.39613255688964377
1.9145000000000001e-06,-0.60851448476464676
1.9149999999999999e-06,-0.71149615159120461
1.9155000000000001e-06,-0.63887984586749125
1.916e-06,-0.39014820268974443
1.9165000000000002e-06,-0.036345669708919087
1.917e-06,0.30947380871909219
1.9174999999999999e-06,0.5424718368689877
1.9180000000000001e-06,0.61125117948166507
1.9184999999999999e-06,0.53519648058407743
1.9190000000000002e-06,0.38600780736250456
1.9195e-06,0.2445547815699004
1.9199999999999998e-06,0.15704017035836865
1.9205000000000001e-06,0.11423502082877048
1.9209999999999999e-06,0.064440094346042698
1.9215000000000002e-06,-0.047970094625554516
1.922e-06,-0.24079139838424551
1.9224999999999998e-06,-0.47328628134697648
1.9230000000000001e-06,-0.65930788794748474
1.9234999999999999e-06,-0.70839602193455309
1.9240000000000001e-06,-0.5733550845706652
1.9245e-06,-0.27872839831206836
1.9250000000000002e-06,0.085672035307942151
1.9255e-06,0.40363285028555712
1.9259999999999999e-06,0.58411386778288743
1.9265000000000001e-06,0.59917720082279535
1.9269999999999999e-06,0.4893149165065101
1.9275000000000002e-06,0.33466601633347792
1.928e-06,0.2086847211858969
1.9284999999999998e-06,0.13978083882233489
1.9290000000000001e-06,0.1015208872117296
1.9294999999999999e-06,0.035914932837851438
1.9300000000000002e-06,-0.1040919406526957
1.9305e-06,-0.31750953857051628
1.9309999999999998e-06,-0.54531949521738909
1.9315000000000001e-06,-0.69450816843901841
1.9319999999999999e-06,-0.68420593648243477
1.9325000000000001e-06,-0.48952360716337801
1.933e-06,-0.15932385505269062
1.9335000000000002e-06,0.20230665126691005
1.934e-06,0.48195894688632368
1.9344999999999999e-06,0.60677316866898612
1.9350000000000001e-06,0.572875886577627
1.9354999999999999e-06,0.4385215133236785
1.9360000000000002e-06,0.2869137357780539
1.9365e-06,0.17964673195084463
1.9369999999999998e-06,0.1262086096411475
1.9375000000000001e-06,0.085672035307939556
1.9379999999999999e-06,-0.001304157667483069
1.9385000000000002e-06,-0.16888794873861349
1.939e-06,-0.39613255688974541
1.9394999999999998e-06,-0.60851448476451275
1.9400000000000001e-06,-0.71149615159121393
1.9404999999999999e-06,-0.63887984586752
1.9410000000000001e-06,-0.39014820268960715
1.9415e-06,-0.036345669709205553
1.9420000000000002e-06,0.30947380871922314
1.9425e-06,0.54247183686905398
1.9429999999999999e-06,0.61125117948167462
1.9435000000000001e-06,0.53519648058402258
1.9439999999999999e-06,0.38600780736253149
1.9445000000000002e-06,0.24455478156984964
1.945e-06,0.15704017035834322
1.9454999999999998e-06,0.11423502082879824
1.9460000000000001e-06,0.064440094346010848
1.9464999999999999e-06,-0.047970094625528065
1.9470000000000002e-06,-0.24079139838434233
1.9475e-06,-0.47328628134693773
1.9479999999999998e-06,-0.65930788794746242
1.9485000000000001e-06,-0.70839602193453544
1.9489999999999999e-06,-0.57335508457083961
1.9495000000000001e-06,-0.27872839831191804
1.95e-06,0.085672035307880368
1.9504999999999998e-06,0.40363285028551255
1.951e-06,0.58411386778292895
1.9514999999999999e-06,0.59917720082284098
1.9520000000000001e-06,0.48931491650644687
1.9524999999999999e-06,0.33466601633350357
1.9530000000000002e-06,0.20868472118591364
1.9535e-06,0.13978083882231535
1.9539999999999998e-06,0.10152088721173674
1.9545000000000001e-06,0.035914932837809138
1.9549999999999999e-06,-0.10409194065255467
1.9555000000000002e-06,-0.31750953857061753
1.956e-06,-0.54531949521747747
1.9564999999999998e-06,-0.69450816843900476
1.9570000000000001e-06,-0.6842059364823897
1.9574999999999999e-06,-0.48952360716359217
1.9580000000000001e-06,-0.15932385505253277
1.9585e-06,0.20230665126664849
1.9589999999999998e-06,0.4819589468861617
1.9595e-06,0.60677316866900344
1.9599999999999999e-06,0.57287588657764377
1.9605000000000001e-06,0.43852151332361089
1.9609999999999999e-06,0.28691373577815915
1.9615000000000002e-06,0.17964673195081138
1.962e-06,0.12620860964113143
1.9624999999999998e-06,0.08567203530794891
1.9630000000000001e-06,-0.0013041576674614752
1.9634999999999999e-06,-0.16888794873857815
1.9640000000000002e-06,-0.39613255688984705
1.9645e-06,-0.60851448476458736
1.9649999999999998e-06,-0.71149615159119717
1.9655000000000001e-06,-0.63887984586744784
1.9659999999999999e-06,-0.39014820268966172
1.9665000000000001e-06,-0.036345669709045965
1.967e-06,0.309473808718988
1.9674999999999998e-06,0.54247183686893508
1.968e-06,0.61125117948166929
1.9684999999999999e-06,0.53519648058412106
1.9690000000000001e-06,0.38600780736255846
1.9694999999999999e-06,0.24455478156986982
1.9700000000000002e-06,0.15704017035831769
1.9705e-06,0.1142350208287828
1.9709999999999998e-06,0.064440094346068011
1.9715000000000001e-06,-0.047970094625594678
1.9719999999999999e-06,-0.24079139838430377
1.9725000000000002e-06,-0.4732862813470351
1.973e-06,-0.65930788794743989
1.9734999999999998e-06,-0.70839602193456697
1.9740000000000001e-06,-0.57335508457074247
1.9744999999999999e-06,-0.27872839831218793
1.9750000000000001e-06,0.085672035308035771
1.9755e-06,0.40363285028562473
1.9759999999999998e-06,0.58411386778291241
1.9765e-06,0.59917720082281567
1.9769999999999999e-06,0.48931491650656045
1.9775000000000001e-06,0.33466601633343901
1.978e-06,0.20868472118593032
1.9785000000000002e-06,0.13978083882232312
1.979e-06,0.10152088721174388
1.9794999999999999e-06,0.03591493283782593
1.9800000000000001e-06,-0.10409194065263327
1.9804999999999999e-06,-0.31750953857043585
1.9810000000000002e-06,-0.54531949521756584
1.9815e-06,-0.69450816843903906
1.9819999999999998e-06,-0.68420593648240757
1.9825000000000001e-06,-0.48952360716347287
1.9829999999999999e-06,-0.15932385505281618
1.9835000000000002e-06,0.20230665126679417
1.984e-06,0.4819589468862519
1.9844999999999998e-06,0.60677316866897235
1.9850000000000001e-06,0.57287588657760169
1.9854999999999999e-06,0.4385215133236377
1.9860000000000001e-06,0.28691373577810059
1.9865e-06,0.17964673195087102
1.9870000000000002e-06,0.12620860964111541
1.9875e-06,0.085672035307925359
1.9879999999999999e-06,-0.0013041576674399369
1.9885000000000001e-06,-0.16888794873854276
1.9889999999999999e-06,-0.39613255688966464
1.9895000000000002e-06,-0.60851448476466197
1.99e-06,-0.71149615159120649
1.9904999999999998e-06,-0.63887984586757718
1.9910000000000001e-06,-0.39014820268952444
1.9914999999999999e-06,-0.036345669709109407
1.9920000000000002e-06,0.309473808719119
1.9925e-06,0.54247183686900124
1.9929999999999998e-06,0.61125117948167895
1.9935000000000001e-06,0.53519648058406621
1.9939999999999999e-06,0.38600780736258544
1.9945000000000001e-06,0.24455478156989
1.995e-06,0.15704017035832776
1.9955000000000002e-06,0.11423502082876733
1.996e-06,0.064440094346036175
1.9964999999999999e-06,-0.047970094625475107
1.9970000000000001e-06,-0.24079139838440058
1.9974999999999999e-06,-0.47328628134699641
1.9980000000000002e-06,-0.65930788794749629
1.9985e-06,-0.70839602193454954
1.9989999999999998e-06,-0.57335508457091688
1.9995000000000001e-06,-0.27872839831203755
1.9999999999999999e-06,0.085672035307756786
2.0005000000000002e-06,0.40363285028573687
2.001e-06,0.58411386778295393
2.0014999999999998e-06,0.59917720082282577
2.0020000000000001e-06,0.48931491650649722
2.0024999999999999e-06,0.33466601633355497
2.0030000000000001e-06,0.20868472118588832
2.0035e-06,0.13978083882233086
2.0040000000000002e-06,0.10152088721172592
2.0045e-06,0.03591493283784275
2.0049999999999999e-06,-0.10409194065260208
2.0055000000000001e-06,-0.3175095385705371
2.0059999999999999e-06,-0.54531949521740719
2.0065000000000002e-06,-0.69450816843907326
2.007e-06,-0.6842059364823625
2.0074999999999998e-06,-0.48952360716352028
2.0080000000000001e-06,-0.15932385505265831
2.0084999999999999e-06,0.20230665126653261
2.0090000000000002e-06,0.48195894688634211
2.0095e-06,0.60677316866898967
2.0099999999999998e-06,0.57287588657767718
2.0105000000000001e-06,0.43852151332357026
2.0109999999999999e-06,0.2869137357781239
2.0115000000000001e-06,0.1796467319508378
2.012e-06,0.12620860964114419
2.0124999999999998e-06,0.085672035307967631
2.013e-06,-0.0013041576674941713
2.0134999999999999e-06,-0.16888794873850743
2.0140000000000001e-06,-0.39613255688976623
2.0144999999999999e-06,-0.60851448476452807
2.0150000000000002e-06,-0.71149615159121571
2.0155e-06,-0.63887984586750513
2.0159999999999998e-06,-0.39014820268977085
2.0165000000000001e-06,-0.036345669708949847
2.0169999999999999e-06,0.30947380871906693
2.0175000000000002e-06,0.54247183686906753
2.018e-06,0.61125117948167351
2.0184999999999998e-06,0.53519648058416458
2.0190000000000001e-06,0.38600780736251772
2.0194999999999999e-06,0.24455478156991028
2.0200000000000001e-06,0.15704017035833795
2.0205e-06,0.11423502082877349
2.0209999999999998e-06,0.064440094346048818
2.0215e-06,-0.047970094625541693
2.0219999999999999e-06,-0.24079139838422683
2.0225000000000001e-06,-0.47328628134709377
2.0229999999999999e-06,-0.65930788794747386
2.0235000000000002e-06,-0.70839602193453199
2.024e-06,-0.57335508457081974
2.0244999999999998e-06,-0.27872839831230745
2.0250000000000001e-06,0.085672035307912189
2.0254999999999999e-06,0.40363285028553553
2.0260000000000002e-06,0.58411386778299557
2.0265e-06,0.59917720082280024
2.0269999999999998e-06,0.48931491650652226
2.0275000000000001e-06,0.33466601633349036
2.0279999999999999e-06,0.20868472118596371
2.0285000000000001e-06,0.13978083882231135
2.029e-06,0.10152088721173305
2.0294999999999998e-06,0.035914932837859598
2.03e-06,-0.10409194065257077
2.0304999999999999e-06,-0.3175095385704968
2.0310000000000001e-06,-0.54531949521749556
2.0314999999999999e-06,-0.69450816843901175
2.0320000000000002e-06,-0.68420593648231742
2.0325e-06,-0.48952360716340104
2.0329999999999998e-06,-0.15932385505272109
2.0335000000000001e-06,0.20230665126667832
2.0339999999999999e-06,0.48195894688618018
2.0345000000000002e-06,0.60677316866900699
2.035e-06,0.57287588657763511
2.0354999999999998e-06,0.43852151332369149
2.0360000000000001e-06,0.28691373577806528
2.0364999999999999e-06,0.17964673195085104
2.0370000000000001e-06,0.12620860964112812
2.0375e-06,0.085672035307944094
2.0379999999999998e-06,-0.0013041576673968325
2.0385e-06,-0.16888794873859639
2.0389999999999999e-06,-0.39613255688972582
2.0395000000000001e-06,-0.60851448476460268
2.04e-06,-0.71149615159119906
2.0405000000000002e-06,-0.63887984586743307
2.041e-06,-0.39014820268963363
2.0414999999999999e-06,-0.036345669709236299
2.0420000000000001e-06,0.30947380871919794
2.0424999999999999e-06,0.54247183686904121
2.0430000000000002e-06,0.61125117948166818
2.0435e-06,0.53519648058410985
2.0439999999999998e-06,0.38600780736263945
2.0445000000000001e-06,0.24455478156985941
2.0449999999999999e-06,0.15704017035834811
2.0455000000000002e-06,0.11423502082877962
2.046e-06,0.064440094346016996
2.0464999999999998e-06,-0.047970094625515242
2.0470000000000001e-06,-0.2407913983843237
2.0474999999999999e-06,-0.47328628134691897
2.0480000000000001e-06,-0.65930788794753026
2.0485e-06,-0.70839602193453888
2.0490000000000002e-06,-0.57335508457072248
2.0495e-06,-0.27872839831215712
2.0499999999999999e-06,0.085672035307633204
2.0505000000000001e-06,0.40363285028564766
2.0509999999999999e-06,0.58411386778292096
2.0515000000000002e-06,0.59917720082277492
2.052e-06,0.48931491650645903
2.0524999999999998e-06,0.334666016333516
2.0530000000000001e-06,0.20868472118592171
2.0534999999999999e-06,0.13978083882234646
2.0540000000000002e-06,0.10152088721171507
2.0545e-06,0.035914932837817243
2.0549999999999998e-06,-0.10409194065253957
2.0555000000000001e-06,-0.31750953857045661
2.0559999999999999e-06,-0.54531949521746048
2.0565000000000001e-06,-0.69450816843904606
2.057e-06,-0.68420593648239836
2.0575000000000002e-06,-0.48952360716328175
2.058e-06,-0.15932385505256319
2.0584999999999999e-06,0.2023066512666204
2.0590000000000001e-06,0.48195894688627039
2.0594999999999999e-06,0.6067731686689759
2.0600000000000002e-06,0.57287588657759292
2.0605e-06,0.43852151332362393
2.0609999999999998e-06,0.28691373577817053
2.0615000000000001e-06,0.17964673195086431
2.0619999999999999e-06,0.12620860964113456
2.0625000000000002e-06,0.085672035307920544
2.063e-06,-0.0013041576674510391
2.0634999999999998e-06,-0.16888794873843677
2.0640000000000001e-06,-0.3961325568898274
2.0644999999999999e-06,-0.60851448476457304
2.0650000000000001e-06,-0.71149615159120827
2.0655e-06,-0.63887984586756241
2.0660000000000002e-06,-0.39014820268949635
2.0665e-06,-0.036345669709076725
2.0669999999999999e-06,0.30947380871896274
2.0675000000000001e-06,0.54247183686910738
2.0679999999999999e-06,0.61125117948167029
2.0685000000000002e-06,0.535196480584055
2.069e-06,0.38600780736257156
2.0694999999999998e-06,0.24455478156995061
2.0700000000000001e-06,0.1570401703583226
2.0704999999999999e-06,0.11423502082878575
2.0710000000000002e-06,0.064440094346029639
2.0715e-06,-0.047970094625488735
2.0719999999999998e-06,-0.24079139838428515
2.0725000000000001e-06,-0.47328628134701634
2.0729999999999999e-06,-0.65930788794742912
2.0735000000000001e-06,-0.70839602193452134
2.074e-06,-0.57335508457076112
2.0744999999999998e-06,-0.27872839831221685
2.075e-06,0.085672035307788608
2.0754999999999999e-06,0.40363285028544627
2.0760000000000001e-06,0.58411386778296248
2.0764999999999999e-06,0.59917720082282044
2.0770000000000002e-06,0.48931491650648418
2.0775e-06,0.33466601633345144
2.0779999999999998e-06,0.20868472118593842
2.0785000000000001e-06,0.13978083882232689
2.0789999999999999e-06,0.10152088721174735
2.0795000000000002e-06,0.035914932837774943
2.08e-06,-0.10409194065261809
2.0804999999999998e-06,-0.31750953857041631
2.0810000000000001e-06,-0.54531949521742529
2.0814999999999999e-06,-0.69450816843898444
2.0820000000000001e-06,-0.68420593648235328
2.0825e-06,-0.48952360716349586
2.0829999999999998e-06,-0.1593238550528466
2.0835e-06,0.20230665126676606
2.0839999999999999e-06,0.48195894688623453
2.0845000000000001e-06,0.60677316866899322
2.0849999999999999e-06,0.57287588657766852
2.0855000000000002e-06,0.43852151332355638
2.086e-06,0.28691373577811186
2.0864999999999998e-06,0.17964673195087746
2.0870000000000001e-06,0.12620860964114092
2.0874999999999999e-06,0.085672035307929897
2.0880000000000002e-06,-0.0013041576675052735
2.0885e-06,-0.16888794873852564
2.0889999999999998e-06,-0.39613255688964499
2.0895000000000001e-06,-0.60851448476464753
2.0899999999999999e-06,-0.71149615159120461
2.0905000000000001e-06,-0.63887984586749036
2.091e-06,-0.39014820268974282
2.0914999999999998e-06,-0.036345669709363183
2.092e-06,0.30947380871909375
2.0924999999999999e-06,0.54247183686898848
2.0930000000000001e-06,0.61125117948166496
2.0934999999999999e-06,0.53519648058407676
2.0940000000000002e-06,0.38600780736250373
2.0945e-06,0.24455478156989982
2.0949999999999998e-06,0.1570401703583684
2.0955000000000001e-06,0.11423502082877031
2.0959999999999999e-06,0.064440094346042295
2.0965000000000002e-06,-0.047970094625555348
2.097e-06,-0.24079139838424668
2.0974999999999998e-06,-0.47328628134697764
2.0980000000000001e-06,-0.6593078879474854
2.0984999999999999e-06,-0.70839602193455287
2.0990000000000001e-06,-0.57335508457066386
2.0995e-06,-0.27872839831206658
2.0999999999999998e-06,0.085672035307726824
2.1005e-06,0.40363285028555851
2.1009999999999999e-06,0.58411386778288787
2.1015000000000001e-06,0.59917720082279502
2.1019999999999999e-06,0.48931491650650938
2.1025000000000002e-06,0.33466601633347715
2.103e-06,0.20868472118589643
2.1034999999999999e-06,0.13978083882233466
2.1040000000000001e-06,0.10152088721172939
2.1044999999999999e-06,0.035914932837850938
2.1050000000000002e-06,-0.10409194065269661
2.1055e-06,-0.31750953857051756
2.1059999999999998e-06,-0.5453194952173902
2.1065000000000001e-06,-0.69450816843901886
2.1069999999999999e-06,-0.68420593648243422
2.1075000000000002e-06,-0.48952360716337662
2.108e-06,-0.15932385505268873
2.1084999999999998e-06,0.20230665126650452
2.1090000000000001e-06,0.48195894688632479
2.1094999999999999e-06,0.60677316866898634
2.1100000000000001e-06,0.57287588657762645
2.1105e-06,0.43852151332367761
2.1110000000000002e-06,0.28691373577805324
2.1115e-06,0.17964673195084421
2.1119999999999999e-06,0.12620860964114727
2.1125000000000001e-06,0.085672035307939265
2.1129999999999999e-06,-0.0013041576674836797
2.1135000000000002e-06,-0.16888794873861457
2.114e-06,-0.39613255688974658
2.1144999999999998e-06,-0.60851448476451386
2.1150000000000001e-06,-0.71149615159121393
2.1154999999999999e-06,-0.63887984586751911
2.1160000000000002e-06,-0.39014820268960548
2.1165e-06,-0.036345669709203617
2.1169999999999998e-06,0.30947380871885855
2.1175000000000001e-06,0.54247183686905476
2.1179999999999999e-06,0.61125117948167462
2.1185000000000001e-06,0.53519648058402203
2.119e-06,0.38600780736253082
2.1195000000000002e-06,0.24455478156984906
2.12e-06,0.15704017035834283
2.1204999999999999e-06,0.11423502082879808
2.1210000000000001e-06,0.06444009434601046
2.1214999999999999e-06,-0.047970094625528897
2.1220000000000002e-06,-0.24079139838434349
2.1225e-06,-0.4732862813469389
2.1229999999999998e-06,-0.65930788794746309
2.1235000000000001e-06,-0.70839602193453532
2.1239999999999999e-06,-0.57335508457083839
2.1245000000000002e-06,-0.2787283983119162
2.125e-06,0.085672035307882241
2.1254999999999998e-06,0.40363285028551388
2.1260000000000001e-06,0.5841138677829294
2.1264999999999999e-06,0.59917720082284065
2.1270000000000001e-06,0.48931491650644604
2.1275e-06,0.33466601633350279
2.1280000000000002e-06,0.20868472118591308
2.1285e-06,0.1397808388223151
2.1289999999999999e-06,0.10152088721173652
2.1295000000000001e-06,0.035914932837808583
2.1299999999999999e-06,-0.1040919406525557
2.1305000000000002e-06,-0.31750953857061881
2.131e-06,-0.54531949521747858
2.1314999999999998e-06,-0.69450816843900509
2.1320000000000001e-06,-0.68420593648238914
2.1324999999999999e-06,-0.48952360716359072
2.1330000000000002e-06,-0.15932385505253086
2.1335e-06,0.20230665126665026
2.1339999999999998e-06,0.48195894688616281
2.1345000000000001e-06,0.60677316866900366
2.1349999999999999e-06,0.5728758865776431
2.1355000000000001e-06,0.43852151332361011
2.136e-06,0.28691373577815849
2.1364999999999998e-06,0.17964673195090394
2.137e-06,0.12620860964113123
2.1374999999999999e-06,0.085672035307948632
2.1380000000000001e-06,-0.0013041576674621413
2.1384999999999999e-06,-0.16888794873857921
2.1390000000000002e-06,-0.39613255688984816
2.1395e-06,-0.60851448476458825
2.1399999999999998e-06,-0.71149615159119717
2.1405000000000001e-06,-0.63887984586744695
2.1409999999999999e-06,-0.39014820268966011
2.1415000000000002e-06,-0.03634566970904405
2.142e-06,0.30947380871898961
2.1424999999999998e-06,0.54247183686893585
2.1430000000000001e-06,0.61125117948166918
2.1434999999999999e-06,0.53519648058412028
2.1440000000000001e-06,0.38600780736246287
2.1445e-06,0.24455478156986921
2.1449999999999998e-06,0.15704017035835302
2.1455e-06,0.1142350208287826
2.1459999999999999e-06,0.064440094346067636
2.1465000000000001e-06,-0.047970094625595483
2.1469999999999999e-06,-0.24079139838430505
2.1475000000000002e-06,-0.47328628134703632
2.148e-06,-0.65930788794744066
2.1484999999999998e-06,-0.70839602193454232
2.1490000000000001e-06,-0.57335508457074125
2.1494999999999999e-06,-0.2787283983121861
2.1500000000000002e-06,0.085672035308037645
2.1505e-06,0.40363285028562601
2.1509999999999998e-06,0.58411386778291285
2.1515000000000001e-06,0.59917720082281523
2.1519999999999999e-06,0.48931491650655973
2.1525000000000001e-06,0.33466601633343823
2.153e-06,0.20868472118592984
2.1534999999999998e-06,0.13978083882235021
2.154e-06,0.10152088721171854
2.1544999999999999e-06,0.035914932837825403
2.1550000000000001e-06,-0.10409194065263419
2.1554999999999999e-06,-0.31750953857043701
2.1560000000000002e-06,-0.54531949521756684
2.1565e-06,-0.69450816843903951
2.1569999999999998e-06,-0.68420593648240713
2.1575000000000001e-06,-0.48952360716347143
2.1579999999999999e-06,-0.15932385505281427
2.1585000000000002e-06,0.20230665126679592
2.159e-06,0.48195894688625296
2.1594999999999998e-06,0.60677316866897257
2.1600000000000001e-06,0.57287588657760102
2.1604999999999999e-06,0.43852151332363698
2.1610000000000001e-06,0.28691373577809987
2.1615e-06,0.17964673195087066
2.1619999999999998e-06,0.12620860964116004
2.1625e-06,0.085672035307925082
2.1629999999999999e-06,-0.001304157667440603
2.1635000000000001e-06,-0.1688879487385439
2.1639999999999999e-06,-0.39613255688966581
2.1645000000000002e-06,-0.60851448476466286
2.165e-06,-0.71149615159120649
2.1654999999999998e-06,-0.6388798458675764
2.1660000000000001e-06,-0.39014820268952283
2.1664999999999999e-06,-0.036345669709107485
2.1670000000000002e-06,0.30947380871912056
2.1675e-06,0.54247183686900202
2.1679999999999998e-06,0.61125117948167884
2.1685000000000001e-06,0.53519648058406555
2.1689999999999999e-06,0.38600780736258467
2.1695000000000002e-06,0.24455478156988941
2.17e-06,0.15704017035832749
2.1704999999999998e-06,0.11423502082878877
2.1710000000000001e-06,0.064440094346035801
2.1714999999999999e-06,-0.047970094625475912
2.1720000000000001e-06,-0.24079139838440178
2.1725e-06,-0.47328628134699757
2.1730000000000002e-06,-0.65930788794749695
2.1735e-06,-0.7083960219345492
2.1739999999999999e-06,-0.57335508457091566
2.1745000000000001e-06,-0.27872839831203577
2.1749999999999999e-06,0.085672035307758646
2.1755000000000002e-06,0.40363285028573825
2.176e-06,0.58411386778295449
2.1764999999999998e-06,0.59917720082282544
2.1770000000000001e-06,0.48931491650649639
2.1774999999999999e-06,0.33466601633355419
2.1780000000000002e-06,0.20868472118588785
2.1785e-06,0.13978083882233064
2.1789999999999998e-06,0.10152088721175082
2.1795000000000001e-06,0.035914932837842251
2.1799999999999999e-06,-0.10409194065260299
2.1805000000000001e-06,-0.31750953857053832
2.181e-06,-0.5453194952174083
2.1815000000000002e-06,-0.6945081684390737
2.182e-06,-0.68420593648236194
2.1824999999999999e-06,-0.48952360716351884
2.1830000000000001e-06,-0.15932385505265639
2.1834999999999999e-06,0.20230665126653441
2.1840000000000002e-06,0.48195894688634322
2.1845e-06,0.60677316866898989
2.1849999999999998e-06,0.57287588657767663
2.1855000000000001e-06,0.43852151332356942
2.1859999999999999e-06,0.28691373577812318
2.1865000000000002e-06,0.17964673195083736
2.187e-06,0.126208609641144
2.1874999999999998e-06,0.085672035307967354
2.1880000000000001e-06,-0.0013041576674947819
2.1884999999999999e-06,-0.16888794873850849
2.1890000000000001e-06,-0.39613255688976745
2.1895e-06,-0.60851448476452896
2.1900000000000002e-06,-0.71149615159121593
2.1905e-06,-0.63887984586750424
2.1909999999999999e-06,-0.39014820268976924
2.1915000000000001e-06,-0.036345669708947925
2.1919999999999999e-06,0.30947380871906849
2.1925000000000002e-06,0.5424718368690683
2.193e-06,0.61125117948167351
2.1934999999999998e-06,0.53519648058416391
2.1940000000000001e-06,0.38600780736251677
2.1944999999999999e-06,0.24455478156990962
2.1950000000000002e-06,0.15704017035833767
2.1955e-06,0.11423502082877329
2.1959999999999998e-06,0.064440094346048443
2.1965000000000001e-06,-0.047970094625542525
2.1969999999999999e-06,-0.24079139838422803
2.1975000000000001e-06,-0.47328628134709494
2.198e-06,-0.65930788794747464
2.1985000000000002e-06,-0.70839602193453177
2.199e-06,-0.57335508457081852
2.1994999999999999e-06,-0.27872839831230561
2.2000000000000001e-06,0.085672035307914063
2.2004999999999999e-06,0.40363285028553686
2.2010000000000002e-06,0.58411386778299601
2.2015e-06,0.59917720082280002
2.2019999999999998e-06,0.48931491650652154
2.2025000000000001e-06,0.33466601633348958
2.2029999999999999e-06,0.20868472118596315
2.2035000000000002e-06,0.13978083882231104
2.204e-06,0.10152088721173284
2.2044999999999998e-06,0.03591493283785907
2.2050000000000001e-06,-0.1040919406525718
2.2054999999999999e-06,-0.31750953857049802
2.2060000000000001e-06,-0.54531949521749667
2.2065e-06,-0.6945081684390122
2.2069999999999998e-06,-0.68420593648244288
2.2075e-06,-0.4895236071633996
2.2079999999999999e-06,-0.15932385505271918
2.2085000000000001e-06,0.20230665126668007
2.2089999999999999e-06,0.48195894688618124
2.2095000000000002e-06,0.6067731686690071
2.21e-06,0.57287588657763455
2.2104999999999998e-06,0.43852151332369066
2.2110000000000001e-06,0.28691373577806456
2.2114999999999999e-06,0.17964673195085065
2.2120000000000002e-06,0.12620860964112796
2.2125e-06,0.085672035307943803
2.2129999999999998e-06,-0.0013041576673974986
2.2135000000000001e-06,-0.16888794873859744
2.2139999999999999e-06,-0.39613255688972704
2.2145000000000001e-06,-0.60851448476460357
2.215e-06,-0.71149615159119906
2.2154999999999998e-06,-0.63887984586753299
2.216e-06,-0.39014820268963196
2.2164999999999999e-06,-0.03634566970923437
2.2170000000000001e-06,0.30947380871919949
2.2174999999999999e-06,0.54247183686904199
2.2180000000000002e-06,0.61125117948166818
2.2185e-06,0.53519648058410907
2.2189999999999998e-06,0.38600780736263862
2.2195000000000001e-06,0.24455478156985883
2.2199999999999999e-06,0.1570401703583478
2.2205000000000002e-06,0.11423502082877945
2.221e-06,0.06444009434601658
2.2214999999999998e-06,-0.047970094625516074
2.2220000000000001e-06,-0.24079139838432484
2.2224999999999999e-06,-0.47328628134692013
2.2230000000000001e-06,-0.65930788794753092
2.2235e-06,-0.70839602193453866
2.2239999999999998e-06,-0.57335508457085715
2.2245e-06,-0.27872839831215529
2.2249999999999999e-06,0.085672035307635064
2.2255000000000001e-06,0.40363285028564905
2.2259999999999999e-06,0.5841138677829214
2.2265000000000002e-06,0.59917720082277459
2.227e-06,0.4893149165064582
2.2274999999999998e-06,0.33466601633351523
2.2280000000000001e-06,0.20868472118592121
2.2284999999999999e-06,0.13978083882234618
2.2290000000000002e-06,0.10152088721171484
2.2295e-06,0.035914932837816743
2.2299999999999998e-06,-0.10409194065254054
2.2305000000000001e-06,-0.31750953857045777
2.2309999999999999e-06,-0.54531949521746148
2.2315000000000001e-06,-0.69450816843904639
2.232e-06,-0.6842059364823978
2.2324999999999998e-06,-0.48952360716361376
2.2330000000000001e-06,-0.15932385505256128
2.2334999999999999e-06,0.20230665126662215
2.2340000000000001e-06,0.4819589468862715
2.2345e-06,0.60677316866897613
2.2350000000000002e-06,0.57287588657759259
2.2355e-06,0.4385215133236231
2.2359999999999999e-06,0.28691373577816981
2.2365000000000001e-06,0.17964673195081737
2.2369999999999999e-06,0.12620860964113437
2.2375000000000002e-06,0.085672035307920266
2.238e-06,-0.0013041576674516775
2.2384999999999998e-06,-0.16888794873843779
2.2390000000000001e-06,-0.39613255688982862
2.2394999999999999e-06,-0.60851448476457393
2.2400000000000002e-06,-0.71149615159120849
2.2405e-06,-0.63887984586756164
2.2409999999999998e-06,-0.39014820268968653
2.2415000000000001e-06,-0.036345669709074803
2.2419999999999999e-06,0.30947380871896435
2.2425000000000001e-06,0.54247183686910827
2.243e-06,0.61125117948167018
2.2435000000000002e-06,0.53519648058405422
2.244e-06,0.38600780736257079
2.2444999999999999e-06,0.24455478156995003
2.2450000000000001e-06,0.1570401703583223
2.2454999999999999e-06,0.11423502082878559
2.2460000000000002e-06,0.06444009434602925
2.2465e-06,-0.04797009462558266
2.2469999999999998e-06,-0.24079139838428626
2.2475000000000001e-06,-0.4732862813470175
2.2479999999999999e-06,-0.65930788794742989
2.2485000000000002e-06,-0.70839602193452111
2.249e-06,-0.57335508457076001
2.2494999999999998e-06,-0.27872839831221508
2.2500000000000001e-06,0.085672035307790481
2.2504999999999999e-06,0.40363285028544765
2.2510000000000001e-06,0.58411386778296293
2.2515e-06,0.59917720082282022
2.2520000000000002e-06,0.48931491650648351
2.2525e-06,0.33466601633345067
2.2529999999999999e-06,0.20868472118593792
2.2535000000000001e-06,0.13978083882232664
2.2539999999999999e-06,0.10152088721174712
2.2545000000000002e-06,0.035914932837774416
2.255e-06,-0.10409194065261904
2.2554999999999998e-06,-0.31750953857041753
2.2560000000000001e-06,-0.5453194952174264
2.2564999999999999e-06,-0.69450816843903285
2.2570000000000002e-06,-0.68420593648235273
2.2575e-06,-0.48952360716349441
2.2579999999999998e-06,-0.15932385505284472
2.2585000000000001e-06,0.20230665126676786
2.2589999999999999e-06,0.48195894688623564
2.2595000000000001e-06,0.60677316866899345
2.26e-06,0.57287588657766797
2.2605000000000002e-06,0.4385215133235556
2.261e-06,0.28691373577811108
2.2614999999999999e-06,0.17964673195087708
2.2620000000000001e-06,0.12620860964114072
2.2624999999999999e-06,0.08567203530792962
2.2630000000000002e-06,-0.0013041576675059119
2.2635e-06,-0.16888794873852672
2.2639999999999998e-06,-0.39613255688964621
2.2645000000000001e-06,-0.60851448476464853
2.2649999999999999e-06,-0.71149615159120483
2.2655000000000002e-06,-0.63887984586748958
2.266e-06,-0.3901482026897411
2.2664999999999998e-06,-0.036345669709361261
2.2670000000000001e-06,0.30947380871909536
2.2674999999999999e-06,0.54247183686898937
2.2680000000000001e-06,0.61125117948166485
2.2685e-06,0.53519648058407621
2.2689999999999998e-06,0.38600780736259777
2.2695e-06,0.24455478156989915
2.2699999999999999e-06,0.15704017035836809
2.2705000000000001e-06,0.11423502082877014
2.2709999999999999e-06,0.064440094346041921
2.2715000000000002e-06,-0.047970094625556153
2.272e-06,-0.24079139838424785
2.2724999999999998e-06,-0.47328628134697881
2.2730000000000001e-06,-0.65930788794748607
2.2734999999999999e-06,-0.70839602193455264
2.2740000000000002e-06,-0.57335508457066275
2.2745e-06,-0.27872839831206475
2.2749999999999998e-06,0.085672035307728711
2.2755000000000001e-06,0.40363285028555984
2.2759999999999999e-06,0.58411386778288832
2.2765000000000001e-06,0.5991772008227948
2.277e-06,0.48931491650650855
2.2774999999999998e-06,0.33466601633356663
2.278e-06,0.20868472118589593
2.2784999999999999e-06,0.13978083882233444
2.2790000000000001e-06,0.10152088721172915
2.2794999999999999e-06,0.035914932837850411
2.2800000000000002e-06,-0.10409194065269756
2.2805e-06,-0.31750953857051872
2.2809999999999998e-06,-0.54531949521739131
2.2815000000000001e-06,-0.69450816843901919
2.2819999999999999e-06,-0.68420593648243366
2.2825000000000002e-06,-0.48952360716337512
2.283e-06,-0.15932385505268681
2.2834999999999998e-06,0.20230665126650627
2.2840000000000001e-06,0.48195894688632585
2.2844999999999999e-06,0.60677316866898656
2.2850000000000001e-06,0.572875886577626
2.2855e-06,0.43852151332367684
2.2859999999999998e-06,0.28691373577821638
2.2865e-06,0.17964673195084382
2.2869999999999999e-06,0.12620860964114711
2.2875000000000001e-06,0.085672035307938987
2.2879999999999999e-06,-0.0013041576674843181
2.2885000000000002e-06,-0.16888794873861568
2.289e-06,-0.39613255688974786
2.2894999999999998e-06,-0.60851448476451464
2.2900000000000001e-06,-0.71149615159121393
2.2904999999999999e-06,-0.63887984586751823
2.2910000000000002e-06,-0.39014820268960382
2.2915e-06,-0.036345669709201694
2.2919999999999998e-06,0.30947380871886015
2.2925000000000001e-06,0.54247183686905553
2.2929999999999999e-06,0.61125117948167451
2.2935000000000001e-06,0.53519648058402125
2.294e-06,0.38600780736252993
2.2944999999999998e-06,0.24455478156991942
2.295e-06,0.15704017035834256
2.2954999999999999e-06,0.11423502082879788
2.2960000000000001e-06,0.064440094346010057
2.2965e-06,-0.047970094625529702
2.2970000000000002e-06,-0.24079139838434466
2.2975e-06,-0.47328628134694012
2.2979999999999999e-06,-0.65930788794746387
2.2985000000000001e-06,-0.7083960219345351
2.2989999999999999e-06,-0.57335508457083728
2.2995000000000002e-06,-0.27872839831191443
2.3e-06,0.085672035307884101
2.3004999999999998e-06,0.40363285028551521
2.3010000000000001e-06,0.58411386778292995
2.3014999999999999e-06,0.59917720082284043
2.3020000000000002e-06,0.48931491650644532
2.3025e-06,0.33466601633350201
2.3029999999999998e-06,0.20868472118597134
2.3035000000000001e-06,0.13978083882231487
2.3039999999999999e-06,0.1015208872117363
2.3045000000000001e-06,0.035914932837808083
2.305e-06,-0.10409194065255659
2.3055000000000002e-06,-0.31750953857061998
2.306e-06,-0.54531949521747958
2.3064999999999999e-06,-0.69450816843900554
2.3070000000000001e-06,-0.68420593648238859
2.3074999999999999e-06,-0.48952360716358922
2.3080000000000002e-06,-0.15932385505252897
2.3085e-06,0.20230665126665198
2.3089999999999998e-06,0.48195894688616392
2.3095000000000001e-06,0.60677316866900377
2.3099999999999999e-06,0.57287588657764277
2.3105000000000002e-06,0.43852151332360928
2.311e-06,0.28691373577815776
2.3114999999999998e-06,0.17964673195090355
2.3120000000000001e-06,0.12620860964113106
2.3124999999999999e-06,0.085672035307948341
2.3130000000000001e-06,-0.0013041576674628075
2.3135e-06,-0.16888794873858035
2.3140000000000002e-06,-0.39613255688984944
2.3145e-06,-0.60851448476458925
2.3149999999999999e-06,-0.71149615159119739
2.3155000000000001e-06,-0.63887984586744606
2.3159999999999999e-06,-0.39014820268965844
2.3165000000000002e-06,-0.036345669709042121
2.317e-06,0.30947380871899116
2.3174999999999998e-06,0.54247183686893663
2.3180000000000001e-06,0.61125117948166918
2.3184999999999999e-06,0.53519648058411973
2.3190000000000002e-06,0.38600780736246215
2.3195e-06,0.2445547815698686
2.3199999999999998e-06,0.15704017035835269
2.3205000000000001e-06,0.11423502082878241
2.3209999999999999e-06,0.064440094346067234
2.3215000000000001e-06,-0.047970094625596288
2.322e-06,-0.24079139838430619
2.3225000000000002e-06,-0.47328628134703749
2.323e-06,-0.65930788794744133
2.3234999999999999e-06,-0.70839602193454199
2.3240000000000001e-06,-0.57335508457074003
2.3244999999999999e-06,-0.27872839831218432
2.3250000000000002e-06,0.085672035308039518
2.3255e-06,0.40363285028562734
2.3259999999999998e-06,0.58411386778291341
2.3265000000000001e-06,0.599177200822815
2.3269999999999999e-06,0.48931491650655889
2.3275000000000002e-06,0.3346660163334374
2.328e-06,0.20868472118592929
2.3284999999999998e-06,0.13978083882234996
2.3290000000000001e-06,0.10152088721171831
2.3294999999999999e-06,0.035914932837824903
2.3300000000000001e-06,-0.10409194065263519
2.3305e-06,-0.31750953857043829
2.3309999999999998e-06,-0.54531949521732104
2.3315e-06,-0.69450816843903984
2.3319999999999999e-06,-0.68420593648240646
2.3325000000000001e-06,-0.48952360716346999
2.3329999999999999e-06,-0.15932385505281235
2.3335000000000002e-06,0.20230665126679767
2.334e-06,0.48195894688625412
2.3344999999999998e-06,0.6067731686689728
2.3350000000000001e-06,0.57287588657760069
2.3354999999999999e-06,0.43852151332363609
2.3360000000000002e-06,0.2869137357780992
2.3365e-06,0.1796467319508703
2.3369999999999998e-06,0.12620860964115987
2.3375000000000001e-06,0.08567203530792479
2.3379999999999999e-06,-0.0013041576674412414
2.3385000000000001e-06,-0.16888794873854493
2.339e-06,-0.39613255688980908
2.3394999999999998e-06,-0.60851448476455949
2.34e-06,-0.7114961515912066
2.3404999999999999e-06,-0.63887984586757551
2.3410000000000001e-06,-0.39014820268952116
2.3414999999999999e-06,-0.036345669709105556
2.3420000000000002e-06,0.30947380871912217
2.3425e-06,0.54247183686900291
2.3429999999999998e-06,0.61125117948167873
2.3435000000000001e-06,0.53519648058406477
2.3439999999999999e-06,0.38600780736258389
2.3445000000000002e-06,0.24455478156981783
2.345e-06,0.15704017035832721
2.3454999999999998e-06,0.11423502082878857
2.3460000000000001e-06,0.064440094346035398
2.3464999999999999e-06,-0.047970094625476689
2.3470000000000001e-06,-0.24079139838440294
2.3475e-06,-0.47328628134699874
2.3479999999999998e-06,-0.65930788794741901
2.3485e-06,-0.70839602193454909
2.3489999999999999e-06,-0.57335508457077877
2.3495000000000001e-06,-0.278728398312034
2.3499999999999999e-06,0.085672035307760519
2.3505000000000002e-06,0.40363285028573959
2.351e-06,0.58411386778295493
2.3514999999999998e-06,0.59917720082282511
2.3520000000000001e-06,0.48931491650649567
2.3524999999999999e-06,0.33466601633355342
2.3530000000000002e-06,0.20868472118588724
2.3535e-06,0.13978083882233039
2.3539999999999998e-06,0.10152088721175059
2.3545000000000001e-06,0.035914932837841723
2.3549999999999999e-06,-0.10409194065260388
2.3555000000000001e-06,-0.31750953857053943
2.356e-06,-0.54531949521740941
2.3564999999999998e-06,-0.69450816843897833
2.357e-06,-0.68420593648236139
2.3574999999999999e-06,-0.48952360716351745
2.3580000000000001e-06,-0.15932385505265451
2.3584999999999999e-06,0.20230665126653616
2.3590000000000002e-06,0.48195894688634433
2.3595e-06,0.60677316866899011
2.3599999999999999e-06,0.57287588657767619
2.3605000000000001e-06,0.43852151332356853
2.3609999999999999e-06,0.28691373577812246
2.3615000000000002e-06,0.17964673195083702
2.362e-06,0.12620860964114378
2.3624999999999998e-06,0.085672035307967062
2.3630000000000001e-06,-0.0013041576674954203
2.3634999999999999e-06,-0.1688879487385096
2.3640000000000002e-06,-0.39613255688976867
2.3645e-06,-0.60851448476452985
2.3649999999999998e-06,-0.71149615159120283
2.3655000000000001e-06,-0.63887984586750346
2.3659999999999999e-06,-0.39014820268976758
2.3665000000000001e-06,-0.03634566970894601
2.367e-06,0.30947380871907004
2.3675000000000002e-06,0.54247183686906919
2.368e-06,0.6112511794816734
2.3684999999999999e-06,0.53519648058416325
2.3690000000000001e-06,0.38600780736251605
2.3694999999999999e-06,0.24455478156990904
2.3700000000000002e-06,0.15704017035833737
2.3705e-06,0.1142350208287731
2.3709999999999998e-06,0.064440094346048069
2.3715000000000001e-06,-0.04797009462554333
2.3719999999999999e-06,-0.24079139838422919
2.3725000000000002e-06,-0.4732862813470961
2.373e-06,-0.6593078879474753
2.3734999999999998e-06,-0.70839602193455598
2.3740000000000001e-06,-0.5733550845708173
2.3744999999999999e-06,-0.27872839831230384
2.3750000000000001e-06,0.085672035307915936
2.3755e-06,0.40363285028553819
2.3760000000000002e-06,0.58411386778299645
2.3765e-06,0.59917720082279968
2.3769999999999999e-06,0.4893149165065207
2.3775000000000001e-06,0.3346660163334888
2.3779999999999999e-06,0.20868472118596268
2.3785000000000002e-06,0.13978083882231088
2.379e-06,0.10152088721173261
2.3794999999999998e-06,0.035914932837858543
2.3800000000000001e-06,-0.10409194065257268
2.3804999999999999e-06,-0.31750953857049924
2.3810000000000002e-06,-0.54531949521749778
2.3815e-06,-0.69450816843901253
2.3819999999999998e-06,-0.68420593648244232
2.3825000000000001e-06,-0.4895236071633981
2.3829999999999999e-06,-0.15932385505271726
2.3835000000000001e-06,0.20230665126668185
2.384e-06,0.48195894688618235
2.3845000000000002e-06,0.60677316866900743
2.385e-06,0.57287588657763411
2.3854999999999999e-06,0.43852151332368983
2.3860000000000001e-06,0.28691373577806384
2.3864999999999999e-06,0.17964673195085024
2.3870000000000002e-06,0.12620860964112779
2.3875e-06,0.085672035307943512
2.3879999999999998e-06,-0.001304157667398137
2.3885000000000001e-06,-0.16888794873859844
2.3889999999999999e-06,-0.39613255688972832
2.3895000000000002e-06,-0.60851448476460446
2.39e-06,-0.71149615159119917
2.3904999999999998e-06,-0.63887984586753199
2.3910000000000001e-06,-0.39014820268963035
2.3914999999999999e-06,-0.036345669709232448
2.3920000000000001e-06,0.3094738087192011
2.3925e-06,0.54247183686904288
2.3929999999999998e-06,0.61125117948167551
2.3935e-06,0.5351964805841084
2.3939999999999999e-06,0.38600780736263779
2.3945000000000001e-06,0.24455478156985816
2.3949999999999999e-06,0.15704017035834747
2.3955000000000002e-06,0.11423502082877926
2.396e-06,0.064440094346016205
2.3964999999999998e-06,-0.047970094625516879
2.3970000000000001e-06,-0.24079139838432598
2.3974999999999999e-06,-0.4732862813469213
2.3980000000000002e-06,-0.6593078879475317
2.3985e-06,-0.70839602193453843
2.3989999999999998e-06,-0.57335508457085593
2.3995000000000001e-06,-0.27872839831215346
2.3999999999999999e-06,0.085672035307636951
2.4005000000000001e-06,0.40363285028565032
2.401e-06,0.58411386778292196
2.4014999999999998e-06,0.59917720082284531
2.402e-06,0.48931491650645748
2.4024999999999999e-06,0.3346660163335145
2.4030000000000001e-06,0.20868472118592071
2.4034999999999999e-06,0.13978083882234593
2.4040000000000002e-06,0.10152088721171464
2.4045e-06,0.035914932837816244
2.4049999999999998e-06,-0.10409194065254143
2.4055000000000001e-06,-0.31750953857045899
2.4059999999999999e-06,-0.54531949521746259
2.4065000000000002e-06,-0.69450816843904684
2.407e-06,-0.68420593648239725
2.4074999999999998e-06,-0.48952360716361221
2.4080000000000001e-06,-0.15932385505255936
2.4084999999999999e-06,0.20230665126662389
2.4090000000000001e-06,0.48195894688627261
2.4095e-06,0.60677316866897635
2.4099999999999998e-06,0.57287588657770971
2.4105e-06,0.43852151332362233
2.4109999999999999e-06,0.28691373577816914
2.4115000000000001e-06,0.17964673195081698
2.4119999999999999e-06,0.12620860964113415
2.4125000000000002e-06,0.085672035307919975
2.413e-06,-0.0013041576674523436
2.4134999999999998e-06,-0.16888794873843893
2.4140000000000001e-06,-0.3961325568898299
2.4144999999999999e-06,-0.60851448476457481
2.4150000000000002e-06,-0.71149615159120849
2.4155e-06,-0.63887984586756075
2.4159999999999998e-06,-0.39014820268968486
2.4165000000000001e-06,-0.036345669709072881
2.4169999999999999e-06,0.3094738087189659
2.4175000000000001e-06,0.54247183686910905
2.418e-06,0.61125117948167018
2.4184999999999998e-06,0.53519648058413016
2.419e-06,0.38600780736257001
2.4194999999999999e-06,0.24455478156994939
2.4200000000000001e-06,0.15704017035832196
2.4204999999999999e-06,0.11423502082878539
2.4210000000000002e-06,0.064440094346028848
2.4215e-06,-0.047970094625583465
2.4219999999999999e-06,-0.24079139838428754
2.4225000000000001e-06,-0.47328628134701867
2.4229999999999999e-06,-0.65930788794743056
2.4235000000000002e-06,-0.70839602193452089
2.424e-06,-0.5733550845707589
2.4244999999999998e-06,-0.2787283983122133
2.4250000000000001e-06,0.085672035307792369
2.4254999999999999e-06,0.40363285028544904
2.4260000000000002e-06,0.58411386778296348
2.4265e-06,0.59917720082281989
2.4269999999999998e-06,0.48931491650657111
2.4275000000000001e-06,0.33466601633344989
2.4279999999999999e-06,0.20868472118593742
2.4285000000000001e-06,0.13978083882232642
2.429e-06,0.10152088721174692
2.4295000000000002e-06,0.035914932837773944
2.43e-06,-0.10409194065262001
2.4304999999999999e-06,-0.31750953857041875
2.4310000000000001e-06,-0.54531949521742751
2.4314999999999999e-06,-0.69450816843903318
2.4320000000000002e-06,-0.68420593648235217
2.4325e-06,-0.48952360716349302
2.4329999999999998e-06,-0.1593238550528428
2.4335000000000001e-06,0.20230665126676961
2.4339999999999999e-06,0.48195894688623669
2.4345000000000002e-06,0.60677316866899367
2.435e-06,0.57287588657766741
2.4354999999999998e-06,0.43852151332374345
2.4360000000000001e-06,0.28691373577811052
2.4364999999999999e-06,0.17964673195087674
2.4370000000000001e-06,0.1262086096411181
2.4375e-06,0.085672035307929342
2.4380000000000002e-06,-0.0013041576675065503
2.4385e-06,-0.1688879487385278
2.4389999999999999e-06,-0.39613255688964744
2.4395000000000001e-06,-0.60851448476464931
2.4399999999999999e-06,-0.71149615159120483
2.4405000000000002e-06,-0.63887984586748869
2.441e-06,-0.39014820268973949
2.4414999999999998e-06,-0.03634566970913633
2.4420000000000001e-06,0.30947380871909691
2.4424999999999999e-06,0.54247183686899003
2.4430000000000002e-06,0.61125117948166485
2.4435e-06,0.53519648058407543
2.4439999999999998e-06,0.38600780736259693
2.4445000000000001e-06,0.24455478156989863
2.4449999999999999e-06,0.15704017035836776
2.4455000000000001e-06,0.11423502082876995
2.446e-06,0.064440094346041532
2.4465000000000002e-06,-0.04797009462555693
2.447e-06,-0.24079139838438429
2.4474999999999999e-06,-0.47328628134697998
2.4480000000000001e-06,-0.65930788794748685
2.4484999999999999e-06,-0.70839602193455242
2.4490000000000002e-06,-0.57335508457066164
2.4495e-06,-0.27872839831206292
2.4499999999999998e-06,0.085672035307730571
2.4505000000000001e-06,0.40363285028556117
2.4509999999999999e-06,0.58411386778288887
2.4515000000000002e-06,0.59917720082279458
2.452e-06,0.48931491650650782
2.4524999999999998e-06,0.33466601633356585
2.4530000000000001e-06,0.20868472118589534
2.4534999999999999e-06,0.13978083882233419
2.4540000000000001e-06,0.10152088721172894
2.4545e-06,0.035914932837849883
2.4549999999999998e-06,-0.10409194065247904
2.4555e-06,-0.31750953857052
2.4559999999999999e-06,-0.54531949521739242
2.4565000000000001e-06,-0.69450816843901952
2.4569999999999999e-06,-0.68420593648243311
2.4575000000000002e-06,-0.48952360716337373
2.458e-06,-0.15932385505268493
2.4584999999999998e-06,0.20230665126650804
2.4590000000000001e-06,0.4819589468863269
2.4594999999999999e-06,0.60677316866898667
2.4600000000000002e-06,0.57287588657762534
2.4605e-06,0.438521513323676
2.4609999999999998e-06,0.28691373577821577
2.4615000000000001e-06,0.17964673195084341
2.4619999999999999e-06,0.12620860964114694
2.4625000000000001e-06,0.085672035307938696
2.463e-06,-0.0013041576674850119
2.4634999999999998e-06,-0.16888794873849244
2.464e-06,-0.39613255688974902
2.4644999999999999e-06,-0.60851448476451564
2.4650000000000001e-06,-0.71149615159121415
2.4654999999999999e-06,-0.63887984586751734
2.4660000000000002e-06,-0.39014820268960215
2.4665e-06,-0.036345669709199772
2.4669999999999998e-06,0.30947380871886171
2.4675000000000001e-06,0.54247183686905631
2.4679999999999999e-06,0.6112511794816744
2.4685000000000002e-06,0.53519648058402058
2.469e-06,0.38600780736252915
2.4694999999999998e-06,0.24455478156991881
2.4700000000000001e-06,0.15704017035834228
2.4704999999999999e-06,0.11423502082879769
2.4710000000000001e-06,0.064440094346009683
2.4715e-06,-0.047970094625530479
2.4719999999999998e-06,-0.24079139838421054
2.4725e-06,-0.47328628134694128
2.4729999999999999e-06,-0.65930788794746431
2.4735000000000001e-06,-0.70839602193453488
2.4739999999999999e-06,-0.57335508457083606
2.4745000000000002e-06,-0.2787283983119126
2.475e-06,0.085672035307885974
2.4754999999999998e-06,0.40363285028551654
2.4760000000000001e-06,0.5841138677829304
2.4764999999999999e-06,0.59917720082283998
2.4770000000000002e-06,0.48931491650644449
2.4775e-06,0.33466601633350124
2.4779999999999998e-06,0.20868472118597078
2.4785000000000001e-06,0.13978083882231465
2.4789999999999999e-06,0.10152088721173608
2.4795000000000001e-06,0.035914932837807556
2.48e-06,-0.1040919406525575
2.4804999999999998e-06,-0.31750953857033826
2.481e-06,-0.54531949521748069
2.4814999999999999e-06,-0.69450816843900598
2.4820000000000001e-06,-0.68420593648238803
2.4824999999999999e-06,-0.48952360716358789
2.4830000000000002e-06,-0.15932385505252705
2.4835e-06,0.20230665126665376
2.4839999999999998e-06,0.48195894688616503
2.4845000000000001e-06,0.6067731686690041
2.4849999999999999e-06,0.5728758865776421
2.4855000000000002e-06,0.43852151332360845
2.486e-06,0.28691373577815704
2.4864999999999998e-06,0.17964673195090311
2.4870000000000001e-06,0.12620860964113084
2.4874999999999999e-06,0.085672035307948063
2.4880000000000001e-06,-0.0013041576674634459
2.4885e-06,-0.1688879487385814
2.4889999999999998e-06,-0.39613255688970866
2.4895000000000001e-06,-0.60851448476459002
2.4899999999999999e-06,-0.71149615159119739
2.4905000000000001e-06,-0.63887984586744528
2.491e-06,-0.39014820268965678
2.4915000000000002e-06,-0.036345669709040199
2.492e-06,0.30947380871899277
2.4924999999999999e-06,0.54247183686893741
2.4930000000000001e-06,0.61125117948166907
2.4934999999999999e-06,0.53519648058411895
2.4940000000000002e-06,0.38600780736246132
2.4945e-06,0.24455478156986801
2.4949999999999998e-06,0.15704017035835241
2.4955000000000001e-06,0.11423502082878224
2.4959999999999999e-06,0.064440094346066859
2.4965000000000002e-06,-0.047970094625597065
2.497e-06,-0.24079139838430733
2.4974999999999998e-06,-0.47328628134690254
2.4980000000000001e-06,-0.65930788794744211
2.4984999999999999e-06,-0.70839602193454188
2.4990000000000001e-06,-0.57335508457073892
2.4995e-06,-0.27872839831218249
2.5000000000000002e-06,0.085672035308041405
2.5005e-06,0.40363285028562879
2.5009999999999999e-06,0.58411386778291396
2.5015000000000001e-06,0.59917720082281467
2.5019999999999999e-06,0.48931491650655817
2.5025000000000002e-06,0.33466601633343662
2.503e-06,0.20868472118592879
2.5034999999999998e-06,0.13978083882234973
2.5040000000000001e-06,0.10152088721171809
2.5044999999999999e-06,0.035914932837824404
2.5050000000000002e-06,-0.10409194065263611
2.5055e-06,-0.31750953857043951
2.5059999999999998e-06,-0.54531949521732204
2.5065000000000001e-06,-0.69450816843904017
2.5069999999999999e-06,-0.68420593648240602
2.5075000000000001e-06,-0.48952360716346854
2.508e-06,-0.15932385505281046
2.5085000000000002e-06,0.20230665126679942
2.509e-06,0.48195894688625524
2.5094999999999999e-06,0.60677316866897302
2.5100000000000001e-06,0.57287588657760002
2.5104999999999999e-06,0.43852151332363537
2.5110000000000002e-06,0.28691373577809842
2.5115e-06,0.17964673195086991
2.5119999999999998e-06,0.12620860964115971
2.5125000000000001e-06,0.085672035307924513
2.5129999999999999e-06,-0.0013041576674418798
2.5135000000000002e-06,-0.16888794873854601
2.514e-06,-0.39613255688981025
2.5144999999999998e-06,-0.60851448476456049
2.5150000000000001e-06,-0.71149615159120672
2.5154999999999999e-06,-0.63887984586757463
2.5160000000000001e-06,-0.3901482026895195
2.5165e-06,-0.036345669709103641
2.5170000000000002e-06,0.30947380871912378
2.5175e-06,0.54247183686900369
2.5179999999999999e-06,0.61125117948167862
2.5185000000000001e-06,0.53519648058406422
2.5189999999999999e-06,0.386007807362583
2.5195000000000002e-06,0.24455478156981725
2.52e-06,0.15704017035832687
2.5204999999999998e-06,0.11423502082878838
2.5210000000000001e-06,0.064440094346034996
2.5214999999999999e-06,-0.047970094625477466
2.5220000000000002e-06,-0.24079139838440408
2.5225e-06,-0.4732862813469999
2.5229999999999998e-06,-0.65930788794741968
2.5235000000000001e-06,-0.70839602193454887
2.5239999999999999e-06,-0.57335508457077755
2.5245000000000001e-06,-0.27872839831203217
2.525e-06,0.085672035307762406
2.5254999999999998e-06,0.40363285028542739
2.526e-06,0.58411386778295549
2.5264999999999999e-06,0.59917720082282477
2.5270000000000001e-06,0.48931491650649483
2.5274999999999999e-06,0.33466601633355264
2.5280000000000002e-06,0.20868472118588677
2.5285e-06,0.13978083882233017
2.5289999999999998e-06,0.10152088721175039
2.5295000000000001e-06,0.035914932837782076
2.5299999999999999e-06,-0.10409194065260491
2.5305000000000002e-06,-0.31750953857054065
2.531e-06,-0.54531949521741052
2.5314999999999998e-06,-0.69450816843897878
2.5320000000000001e-06,-0.68420593648236083
2.5324999999999999e-06,-0.48952360716351595
2.5330000000000001e-06,-0.15932385505265259
2.5335e-06,0.20230665126653791
2.5339999999999998e-06,0.48195894688621932
2.5345e-06,0.60677316866899034
2.5349999999999999e-06,0.57287588657767552
2.5355000000000001e-06,0.43852151332356781
2.5359999999999999e-06,0.28691373577812174
2.5365000000000002e-06,0.17964673195083658
2.537e-06,0.12620860964114361
2.5374999999999998e-06,0.085672035307966785
2.5380000000000001e-06,-0.0013041576674961142
2.5384999999999999e-06,-0.16888794873851068
2.5390000000000002e-06,-0.39613255688976989
2.5395e-06,-0.60851448476463499
2.5399999999999998e-06,-0.71149615159120305
2.5405000000000001e-06,-0.63887984586750257
2.5409999999999999e-06,-0.39014820268976591
2.5415000000000001e-06,-0.036345669708944081
2.542e-06,0.30947380871907165
2.5424999999999998e-06,0.54247183686897726
2.543e-06,0.6112511794816734
2.5434999999999999e-06,0.53519648058416258
2.5440000000000001e-06,0.38600780736251522
2.5444999999999999e-06,0.2445547815699084
2.5450000000000002e-06,0.15704017035833703
2.5455e-06,0.1142350208287729
2.5459999999999998e-06,0.064440094346047652
2.5465000000000001e-06,-0.047970094625544107
2.5469999999999999e-06,-0.24079139838423033
2.5475000000000002e-06,-0.47328628134709727
2.548e-06,-0.65930788794747608
2.5484999999999998e-06,-0.70839602193455575
2.5490000000000001e-06,-0.57335508457081619
2.5494999999999999e-06,-0.2787283983120919
2.5500000000000001e-06,0.085672035307917824
2.5505e-06,0.40363285028553952
2.5509999999999998e-06,0.58411386778288088
2.5515000000000001e-06,0.59917720082279935
2.5519999999999999e-06,0.48931491650651998
2.5525000000000001e-06,0.33466601633348803
2.553e-06,0.20868472118596221
2.5535000000000002e-06,0.13978083882231063
2.554e-06,0.1015208872117324
2.5544999999999999e-06,0.035914932837858043
2.5550000000000001e-06,-0.10409194065257366
2.5554999999999999e-06,-0.31750953857050046
2.5560000000000002e-06,-0.54531949521749878
2.5565e-06,-0.69450816843901297
2.5569999999999998e-06,-0.68420593648244177
2.5575000000000001e-06,-0.48952360716339671
2.5579999999999999e-06,-0.15932385505271535
2.5585000000000002e-06,0.20230665126668357
2.559e-06,0.48195894688618346
2.5594999999999998e-06,0.60677316866895925
2.5600000000000001e-06,0.57287588657763355
2.5604999999999999e-06,0.43852151332368905
2.5610000000000001e-06,0.28691373577806306
2.5615e-06,0.17964673195084979
2.5620000000000002e-06,0.12620860964112759
2.5625e-06,0.085672035307943234
2.5629999999999999e-06,-0.0013041576673987476
2.5635000000000001e-06,-0.16888794873859958
2.5639999999999999e-06,-0.39613255688972948
2.5645000000000002e-06,-0.60851448476460546
2.565e-06,-0.71149615159119939
2.5654999999999998e-06,-0.63887984586753122
2.5660000000000001e-06,-0.39014820268962869
2.5664999999999999e-06,-0.036345669709230533
2.5670000000000002e-06,0.30947380871920266
2.5675e-06,0.54247183686904354
2.5679999999999998e-06,0.61125117948167551
2.5685000000000001e-06,0.53519648058410774
2.5689999999999999e-06,0.38600780736263696
2.5695000000000001e-06,0.2445547815698576
2.57e-06,0.15704017035834716
2.5705000000000002e-06,0.11423502082877907
2.571e-06,0.06444009434601583
2.5714999999999999e-06,-0.047970094625517656
2.5720000000000001e-06,-0.24079139838432714
2.5724999999999999e-06,-0.47328628134692252
2.5730000000000002e-06,-0.65930788794753226
2.5735e-06,-0.70839602193453821
2.5739999999999998e-06,-0.57335508457085482
2.5745000000000001e-06,-0.27872839831215168
2.5749999999999999e-06,0.085672035307638825
2.5755000000000002e-06,0.40363285028565171
2.576e-06,0.58411386778292251
2.5764999999999998e-06,0.59917720082284498
2.5770000000000001e-06,0.48931491650645675
2.5774999999999999e-06,0.33466601633351373
2.5780000000000001e-06,0.20868472118592021
2.5785e-06,0.13978083882234571
2.5790000000000002e-06,0.10152088721171443
2.5795e-06,0.035914932837815744
2.5799999999999999e-06,-0.10409194065254246
2.5805000000000001e-06,-0.31750953857046016
2.5809999999999999e-06,-0.54531949521746359
2.5815000000000002e-06,-0.69450816843904728
2.582e-06,-0.6842059364823968
2.5824999999999998e-06,-0.48952360716361087
2.5830000000000001e-06,-0.15932385505255747
2.5834999999999999e-06,0.20230665126662567
2.5840000000000002e-06,0.48195894688627366
2.5845e-06,0.60677316866897657
2.5849999999999998e-06,0.57287588657770905
2.5855000000000001e-06,0.43852151332362144
2.5859999999999999e-06,0.28691373577816837
2.5865000000000001e-06,0.17964673195081654
2.587e-06,0.12620860964113395
2.5874999999999998e-06,0.085672035307952601
2.588e-06,-0.001304157667452982
2.5884999999999999e-06,-0.16888794873844001
2.5890000000000001e-06,-0.39613255688983107
2.5894999999999999e-06,-0.6085144847645757
2.5900000000000002e-06,-0.71149615159120871
2.5905e-06,-0.63887984586755986
2.5909999999999998e-06,-0.3901482026896832
2.5915000000000001e-06,-0.036345669709070959
2.5919999999999999e-06,0.30947380871896746
2.5925000000000002e-06,0.54247183686910994
2.593e-06,0.61125117948167018
2.5934999999999998e-06,0.53519648058412961
2.5940000000000001e-06,0.38600780736256912
2.5944999999999999e-06,0.24455478156994878
2.5950000000000001e-06,0.15704017035832171
2.5955e-06,0.11423502082878523
2.5959999999999998e-06,0.064440094346073007
2.5965e-06,-0.047970094625584242
2.5969999999999999e-06,-0.2407913983842887
2.5975000000000001e-06,-0.47328628134701989
2.5979999999999999e-06,-0.65930788794743123
2.5985000000000002e-06,-0.70839602193452067
2.599e-06,-0.57335508457075757
2.5994999999999998e-06,-0.27872839831221147
2.6000000000000001e-06,0.085672035307794242
2.6004999999999999e-06,0.40363285028545037
2.6010000000000002e-06,0.58411386778296404
2.6015e-06,0.59917720082281956
2.6019999999999998e-06,0.48931491650657033
2.6025000000000001e-06,0.33466601633344911
2.6029999999999999e-06,0.20868472118593689
2.6035000000000001e-06,0.13978083882232617
2.604e-06,0.10152088721174671
2.6044999999999998e-06,0.035914932837891711
2.605e-06,-0.10409194065262092
2.6054999999999999e-06,-0.31750953857041997
2.6060000000000001e-06,-0.54531949521742851
2.6064999999999999e-06,-0.69450816843903374
2.6070000000000002e-06,-0.68420593648235162
2.6075e-06,-0.48952360716349158
2.6079999999999998e-06,-0.15932385505284088
2.6085000000000001e-06,0.20230665126677136
2.6089999999999999e-06,0.48195894688623775
2.6095000000000002e-06,0.60677316866899378
2.61e-06,0.57287588657766697
2.6104999999999998e-06,0.43852151332374273
2.6110000000000001e-06,0.28691373577810975
2.6114999999999999e-06,0.17964673195087624
2.6120000000000001e-06,0.12620860964111791
2.6125e-06,0.085672035307929065
2.6129999999999998e-06,-0.0013041576674314437
2.6135e-06,-0.16888794873852889
2.6139999999999999e-06,-0.39613255688964871
2.6145000000000001e-06,-0.6085144847646502
2.615e-06,-0.71149615159120505
2.6155000000000002e-06,-0.63887984586748781
2.616e-06,-0.39014820268973782
2.6164999999999999e-06,-0.036345669709134408
2.6170000000000001e-06,0.30947380871909852
2.6174999999999999e-06,0.54247183686899092
2.6180000000000002e-06,0.61125117948166485
2.6185e-06,0.53519648058407476
2.6189999999999998e-06,0.3860078073625961
2.6195000000000001e-06,0.24455478156989799
2.6199999999999999e-06,0.15704017035836748
2.6205000000000002e-06,0.11423502082876975
2.621e-06,0.064440094346041157
2.6214999999999998e-06,-0.047970094625464643
2.6220000000000001e-06,-0.24079139838438543
2.6224999999999999e-06,-0.47328628134698114
2.6230000000000001e-06,-0.65930788794748751
2.6235e-06,-0.7083960219345522
2.6240000000000002e-06,-0.57335508457066053
2.6245e-06,-0.27872839831206109
2.6249999999999999e-06,0.085672035307732444
2.6255000000000001e-06,0.40363285028556251
2.6259999999999999e-06,0.58411386778288943
2.6265000000000002e-06,0.59917720082279413
2.627e-06,0.48931491650650699
2.6274999999999998e-06,0.33466601633356508
2.6280000000000001e-06,0.20868472118589484
2.6284999999999999e-06,0.13978083882233397
2.6290000000000002e-06,0.10152088721172872
2.6295e-06,0.035914932837849356
2.6299999999999998e-06,-0.10409194065247995
2.6305000000000001e-06,-0.31750953857052122
2.6309999999999999e-06,-0.54531949521739342
2.6315000000000001e-06,-0.69450816843902008
2.632e-06,-0.6842059364823696
2.6325000000000002e-06,-0.48952360716337229
2.633e-06,-0.15932385505268301
2.6334999999999999e-06,0.20230665126650982
2.6340000000000001e-06,0.48195894688632801
2.6344999999999999e-06,0.60677316866898701
2.6350000000000002e-06,0.572875886577625
2.6355e-06,0.43852151332367517
2.6359999999999998e-06,0.286913735778215
2.6365000000000001e-06,0.17964673195084296
2.6369999999999999e-06,0.12620860964114675
2.6375000000000002e-06,0.085672035307905514
2.638e-06,-0.0013041576674856781
2.6384999999999998e-06,-0.1688879487384935
2.6390000000000001e-06,-0.3961325568897503
2.6394999999999999e-06,-0.60851448476451642
2.6400000000000001e-06,-0.71149615159121415
2.6405e-06,-0.63887984586751645
2.6410000000000002e-06,-0.39014820268960049
2.6415e-06,-0.03634566970919785
2.6419999999999999e-06,0.30947380871904639
2.6425000000000001e-06,0.54247183686905709
2.6429999999999999e-06,0.6112511794816744
2.6435000000000002e-06,0.53519648058401992
2.644e-06,0.38600780736252827
2.6444999999999998e-06,0.24455478156991822
2.6450000000000001e-06,0.15704017035834195
2.6454999999999999e-06,0.1142350208287975
2.6460000000000002e-06,0.06444009434600928
2.6465e-06,-0.047970094625531284
2.6469999999999998e-06,-0.24079139838421168
2.6475000000000001e-06,-0.47328628134694245
2.6479999999999999e-06,-0.65930788794746509
2.6485000000000001e-06,-0.70839602193453466
2.649e-06,-0.57335508457083484
2.6494999999999998e-06,-0.27872839831233098
2.65e-06,0.085672035307887862
2.6504999999999999e-06,0.40363285028551787
2.6510000000000001e-06,0.58411386778293095
2.6514999999999999e-06,0.59917720082283976
2.6520000000000002e-06,0.48931491650644376
2.6525e-06,0.33466601633350046
2.6529999999999998e-06,0.20868472118597031
2.6535000000000001e-06,0.1397808388223144
2.6539999999999999e-06,0.10152088721173587
2.6545000000000002e-06,0.035914932837807056
2.655e-06,-0.10409194065255853
2.6554999999999998e-06,-0.31750953857033942
2.6560000000000001e-06,-0.5453194952174818
2.6564999999999999e-06,-0.69450816843900642
2.6570000000000001e-06,-0.68420593648238748
2.6575e-06,-0.48952360716358634
2.6579999999999998e-06,-0.15932385505274577
2.6585e-06,0.20230665126665548
2.6589999999999999e-06,0.48195894688616608
2.6595000000000001e-06,0.60677316866900433
2.6599999999999999e-06,0.57287588657764177
2.6605000000000002e-06,0.43852151332360767
2.661e-06,0.28691373577815632
2.6614999999999998e-06,0.17964673195090272
2.6620000000000001e-06,0.12620860964113068
2.6624999999999999e-06,0.085672035307947786
2.6630000000000002e-06,-0.001304157667464112
2.6635e-06,-0.16888794873858246
2.6639999999999998e-06,-0.39613255688970989
2.6645000000000001e-06,-0.60851448476459102
2.6649999999999999e-06,-0.71149615159119761
2.6655000000000001e-06,-0.6388798458674444
2.666e-06,-0.39014820268965511
2.6664999999999998e-06,-0.036345669709261286
2.667e-06,0.30947380871899433
2.6674999999999999e-06,0.5424718368689383
2.6680000000000001e-06,0.61125117948166896
2.6684999999999999e-06,0.53519648058411839
2.6690000000000002e-06,0.38600780736246049
2.6695e-06,0.24455478156986735
2.6699999999999998e-06,0.1570401703583521
2.6705000000000001e-06,0.11423502082878204
2.6709999999999999e-06,0.064440094346066484
2.6715000000000002e-06,-0.04797009462559787
2.672e-06,-0.24079139838430849
2.6724999999999998e-06,-0.47328628134690376
2.6730000000000001e-06,-0.65930788794744266
2.6734999999999999e-06,-0.70839602193454154
2.6740000000000001e-06,-0.57335508457073769
2.6745e-06,-0.27872839831218066
2.6749999999999998e-06,0.085672035307608876
2.6755e-06,0.40363285028563012
2.6759999999999999e-06,0.58411386778291441
2.6765000000000001e-06,0.59917720082281445
2.6769999999999999e-06,0.48931491650655734
2.6775000000000002e-06,0.33466601633343585
2.678e-06,0.20868472118592832
2.6784999999999999e-06,0.13978083882234948
2.6790000000000001e-06,0.10152088721171788
2.6794999999999999e-06,0.035914932837823876
2.6800000000000002e-06,-0.10409194065263702
2.6805e-06,-0.31750953857044073
2.6809999999999998e-06,-0.54531949521732326
2.6815000000000001e-06,-0.69450816843904073
2.6819999999999999e-06,-0.68420593648240546
2.6825000000000002e-06,-0.48952360716346716
2.683e-06,-0.15932385505280855
2.6834999999999998e-06,0.20230665126659758
2.6840000000000001e-06,0.48195894688625629
2.6844999999999999e-06,0.60677316866897324
2.6850000000000001e-06,0.57287588657759958
2.6855e-06,0.43852151332363454
2.6860000000000002e-06,0.2869137357780977
2.6865e-06,0.17964673195086947
2.6869999999999999e-06,0.12620860964115949
2.6875000000000001e-06,0.085672035307924221
2.6879999999999999e-06,-0.0013041576674425182
2.6885000000000002e-06,-0.16888794873854712
2.689e-06,-0.39613255688981153
2.6894999999999998e-06,-0.60851448476456127
2.6900000000000001e-06,-0.71149615159120683
2.6904999999999999e-06,-0.63887984586757374
2.6910000000000002e-06,-0.39014820268951778
2.6915e-06,-0.036345669709101719
2.6919999999999998e-06,0.30947380871894226
2.6925000000000001e-06,0.54247183686900446
2.6929999999999999e-06,0.61125117948167862
2.6935000000000001e-06,0.53519648058406355
2.694e-06,0.38600780736258217
2.6945000000000002e-06,0.24455478156981661
2.695e-06,0.1570401703583266
2.6954999999999999e-06,0.11423502082878818
2.6960000000000001e-06,0.064440094346034621
2.6964999999999999e-06,-0.047970094625478327
2.6970000000000002e-06,-0.24079139838440522
2.6975e-06,-0.47328628134700113
2.6979999999999998e-06,-0.65930788794742035
2.6985000000000001e-06,-0.70839602193454865
2.6989999999999999e-06,-0.57335508457077644
2.6995000000000002e-06,-0.27872839831203033
2.7e-06,0.085672035307764294
2.7004999999999998e-06,0.40363285028542872
2.7010000000000001e-06,0.58411386778295593
2.7014999999999999e-06,0.59917720082282444
2.7020000000000001e-06,0.48931491650649411
2.7025e-06,0.33466601633355186
2.7030000000000002e-06,0.20868472118588627
2.7035e-06,0.13978083882232992
2.7039999999999999e-06,0.10152088721175018
2.7045000000000001e-06,0.035914932837781577
2.7049999999999999e-06,-0.10409194065260582
2.7055000000000002e-06,-0.31750953857054193
2.706e-06,-0.54531949521741141
2.7064999999999998e-06,-0.69450816843897911
2.7070000000000001e-06,-0.68420593648236028
2.7074999999999999e-06,-0.48952360716351451
2.7080000000000002e-06,-0.15932385505265068
2.7085e-06,0.20230665126653966
2.7089999999999998e-06,0.48195894688622043
2.7095000000000001e-06,0.60677316866899045
2.7099999999999999e-06,0.57287588657767519
2.7105000000000001e-06,0.43852151332356692
2.711e-06,0.28691373577812102
2.7114999999999998e-06,0.17964673195088265
2.712e-06,0.12620860964114344
2.7124999999999999e-06,0.085672035307966507
2.7130000000000001e-06,-0.0013041576674967803
2.7134999999999999e-06,-0.16888794873851173
2.7140000000000002e-06,-0.39613255688977111
2.7145e-06,-0.60851448476463588
2.7149999999999998e-06,-0.71149615159120316
2.7155000000000001e-06,-0.63887984586750168
2.7159999999999999e-06,-0.39014820268976425
2.7165000000000002e-06,-0.036345669709041087
2.717e-06,0.30947380871882818
2.7174999999999998e-06,0.5424718368689867
2.7180000000000001e-06,0.61125117948174779
2.7184999999999999e-06,0.53519648058418534
2.7190000000000001e-06,0.38600780736258572
2.7195e-06,0.24455478156984076
2.7199999999999998e-06,0.15704017035830681
2.7205e-06,0.11423502082869483
2.7209999999999999e-06,0.06444009434596773
2.7215000000000001e-06,-0.047970094625561399
2.7219999999999999e-06,-0.24079139838431124
2.7225000000000002e-06,-0.47328628134700101
2.723e-06,-0.65930788794731132
2.7234999999999998e-06,-0.70839602193452689
2.7240000000000001e-06,-0.5733550845708596
2.7244999999999999e-06,-0.27872839831218393
2.7250000000000002e-06,0.085672035307827535
2.7255e-06,0.40363285028565721
2.7259999999999998e-06,0.58411386778291441
2.7265000000000001e-06,0.59917720082292336
2.7269999999999999e-06,0.48931491650661557
2.7275000000000001e-06,0.33466601633353887
2.728e-06,0.20868472118588197
2.7284999999999998e-06,0.13978083882228276
2.729e-06,0.10152088721165839
2.7294999999999999e-06,0.035914932837795566
2.7300000000000001e-06,-0.10409194065256605
2.7304999999999999e-06,-0.31750953857042719
2.7310000000000002e-06,-0.54531949521739986
2.7315e-06,-0.69450816843898999
2.7319999999999998e-06,-0.68420593648243722
2.7325000000000001e-06,-0.48952360716362753
2.7329999999999999e-06,-0.15932385505281296
2.7335000000000002e-06,0.20230665126660577
2.734e-06,0.48195894688629409
2.7344999999999998e-06,0.60677316866901498
2.7350000000000001e-06,0.57287588657767163
2.7354999999999999e-06,0.43852151332377476
2.7360000000000001e-06,0.28691373577817303
2.7365e-06,0.17964673195080474
2.7369999999999998e-06,0.12620860964107841
2.7375e-06,0.08567203530781789
2.7379999999999999e-06,-0.0013041576674399369
2.7385000000000001e-06,-0.16888794873844334
2.7389999999999999e-06,-0.39613255688964194
2.7395000000000002e-06,-0.60851448476450998
2.74e-06,-0.71149615159116075
2.7404999999999999e-06,-0.63887984586765212
2.7410000000000001e-06,-0.39014820268951744
2.7414999999999999e-06,-0.036345669709327545
2.7420000000000002e-06,0.30947380871895919
2.7425e-06,0.54247183686905287
2.7429999999999998e-06,0.61125117948175745
2.7435000000000001e-06,0.53519648058413061
2.7439999999999999e-06,0.38600780736270746
2.7445000000000002e-06,0.24455478156993196
2.745e-06,0.15704017035828136
2.7454999999999998e-06,0.11423502082867934
2.7460000000000001e-06,0.06444009434593588
2.7464999999999999e-06,-0.0479700946254418
2.7470000000000001e-06,-0.24079139838440805
2.7475e-06,-0.47328628134682621
2.7480000000000002e-06,-0.65930788794736772
2.7485e-06,-0.70839602193450935
2.7489999999999999e-06,-0.57335508457103412
2.7495000000000001e-06,-0.27872839831203355
2.7499999999999999e-06,0.08567203530754855
2.7505000000000002e-06,0.40363285028545581
2.751e-06,0.58411386778295604
2.7514999999999998e-06,0.59917720082289794
2.7520000000000001e-06,0.48931491650655234
2.7524999999999999e-06,0.33466601633365489
2.7530000000000002e-06,0.20868472118583997
2.7535e-06,0.13978083882226319
2.7539999999999998e-06,0.10152088721164039
2.7545000000000001e-06,0.035914932837753266
2.7549999999999999e-06,-0.10409194065242502
2.7555000000000001e-06,-0.31750953857052844
2.756e-06,-0.54531949521724121
2.7565000000000002e-06,-0.6945081684390243
2.757e-06,-0.68420593648239225
2.7574999999999999e-06,-0.48952360716350823
2.7580000000000001e-06,-0.15932385505265509
2.7584999999999999e-06,0.20230665126634423
2.7590000000000002e-06,0.4819589468863843
2.7595e-06,0.6067731686690323
2.7599999999999998e-06,0.57287588657774713
2.7605000000000001e-06,0.43852151332370726
2.7609999999999999e-06,0.28691373577811441
2.7615000000000002e-06,0.17964673195077149
2.762e-06,0.1262086096410624
2.7624999999999998e-06,0.085672035307860162
2.7630000000000001e-06,-0.0013041576674941435
2.7634999999999999e-06,-0.16888794873853225
2.7640000000000001e-06,-0.39613255688974358
2.7645e-06,-0.6085144847643762
2.7650000000000002e-06,-0.71149615159117008
2.7655e-06,-0.63887984586757995
2.7659999999999999e-06,-0.3901482026897638
2.7665000000000001e-06,-0.036345669709167978
2.7669999999999999e-06,0.30947380871909019
2.7675000000000002e-06,0.54247183686911926
2.768e-06,0.611251179481752
2.7684999999999998e-06,0.53519648058422897
2.7690000000000001e-06,0.38600780736263962
2.7694999999999999e-06,0.24455478156988117
2.7700000000000002e-06,0.15704017035825582
2.7705e-06,0.11423502082870712
2.7709999999999998e-06,0.064440094345993057
2.7715000000000001e-06,-0.047970094625508441
2.7719999999999999e-06,-0.2407913983842343
2.7725000000000001e-06,-0.47328628134692358
2.773e-06,-0.65930788794742401
2.7735000000000002e-06,-0.7083960219344918
2.774e-06,-0.57335508457093698
2.7744999999999999e-06,-0.27872839831230345
2.7750000000000001e-06,0.085672035307703953
2.7754999999999999e-06,0.40363285028556795
2.7760000000000002e-06,0.58411386778299756
2.7765e-06,0.59917720082287251
2.7769999999999998e-06,0.48931491650666592
2.7775000000000001e-06,0.33466601633359028
2.7779999999999999e-06,0.20868472118591538
2.7785000000000002e-06,0.13978083882224368
2.779e-06,0.10152088721162242
2.7794999999999998e-06,0.035914932837829205
2.7800000000000001e-06,-0.1040919406525036
2.7804999999999999e-06,-0.31750953857034669
2.7810000000000001e-06,-0.5453194952173297
2.7815e-06,-0.69450816843896268
2.7819999999999998e-06,-0.68420593648247319
2.7825e-06,-0.48952360716338894
2.7829999999999999e-06,-0.1593238550529385
2.7835000000000001e-06,0.20230665126648992
2.7839999999999999e-06,0.48195894688622243
2.7845000000000002e-06,0.60677316866904962
2.785e-06,0.57287588657770505
2.7854999999999998e-06,0.43852151332382838
2.7860000000000001e-06,0.28691373577821971
2.7864999999999999e-06,0.17964673195083122
2.7870000000000002e-06,0.1262086096410463
2.7875e-06,0.085672035307836625
2.7879999999999998e-06,-0.0013041576673968047
2.7885000000000001e-06,-0.16888794873862112
2.7889999999999999e-06,-0.39613255688956123
2.7895000000000001e-06,-0.60851448476445069
2.79e-06,-0.71149615159115331
2.7904999999999998e-06,-0.63887984586770941
2.791e-06,-0.39014820268962658
2.7914999999999999e-06,-0.036345669709454423
2.7920000000000001e-06,0.3094738087192212
2.7924999999999999e-06,0.54247183686900025
2.7930000000000002e-06,0.61125117948174668
2.7935e-06,0.53519648058417413
2.7939999999999998e-06,0.3860078073627613
2.7945000000000001e-06,0.2445547815698304
2.7949999999999999e-06,0.15704017035830162
2.7955000000000002e-06,0.11423502082869166
2.796e-06,0.064440094345961207
2.7964999999999998e-06,-0.047970094625575083
2.7970000000000001e-06,-0.24079139838433106
2.7974999999999999e-06,-0.47328628134674877
2.7980000000000001e-06,-0.65930788794748041
2.7985e-06,-0.70839602193452333
2.7989999999999998e-06,-0.57335508457083983
2.7995e-06,-0.27872839831215313
2.7999999999999999e-06,0.085672035307424968
2.8005000000000001e-06,0.40363285028568019
2.8009999999999999e-06,0.58411386778292296
2.8015000000000002e-06,0.59917720082291814
2.802e-06,0.48931491650660258
2.8024999999999998e-06,0.33466601633352566
2.8030000000000001e-06,0.20868472118587339
2.8034999999999999e-06,0.13978083882227876
2.8040000000000002e-06,0.10152088721160443
2.8045e-06,0.035914932837786906
2.8049999999999998e-06,-0.10409194065258207
2.8055000000000001e-06,-0.31750953857044795
2.8059999999999999e-06,-0.54531949521717105
2.8065000000000001e-06,-0.6945081684389971
2.807e-06,-0.68420593648242811
2.8074999999999998e-06,-0.4895236071636031
2.8080000000000001e-06,-0.15932385505278063
2.8084999999999999e-06,0.20230665126663563
2.8090000000000001e-06,0.48195894688631258
2.8095e-06,0.60677316866901854
2.8100000000000002e-06,0.57287588657766308
2.8105e-06,0.43852151332376094
2.8109999999999999e-06,0.28691373577816109
2.8115000000000001e-06,0.17964673195079789
2.8119999999999999e-06,0.12620860964103028
2.8125000000000002e-06,0.085672035307813074
2.813e-06,-0.0013041576674510114
2.8134999999999998e-06,-0.16888794873846152
2.8140000000000001e-06,-0.39613255688966276
2.8144999999999999e-06,-0.6085144847645253
2.8150000000000002e-06,-0.71149615159116264
2.8155e-06,-0.63887984586763735
2.8159999999999998e-06,-0.39014820268987294
2.8165000000000001e-06,-0.036345669709294863
2.8169999999999999e-06,0.309473808718986
2.8175000000000001e-06,0.54247183686906653
2.818e-06,0.61125117948174124
2.8185000000000002e-06,0.53519648058411928
2.819e-06,0.38600780736269358
2.8194999999999999e-06,0.24455478156992155
2.8200000000000001e-06,0.15704017035827614
2.8204999999999999e-06,0.1142350208286762
2.8210000000000002e-06,0.064440094345929358
2.8215e-06,-0.047970094625455484
2.8219999999999998e-06,-0.24079139838415739
2.8225000000000001e-06,-0.47328628134684614
2.8229999999999999e-06,-0.65930788794737916
2.8235000000000002e-06,-0.70839602193450579
2.824e-06,-0.57335508457074258
2.8244999999999998e-06,-0.27872839831242302
2.8250000000000001e-06,0.085672035307580385
2.8254999999999999e-06,0.40363285028547879
2.8260000000000001e-06,0.58411386778296448
2.8265e-06,0.59917720082289272
2.8270000000000002e-06,0.48931491650653935
2.8275e-06,0.33466601633346105
2.8279999999999999e-06,0.2086847211859488
2.8285000000000001e-06,0.1397808388222592
2.8289999999999999e-06,0.10152088721163671
2.8295000000000002e-06,0.035914932837744551
2.83e-06,-0.10409194065266061
2.8304999999999998e-06,-0.3175095385702662
2.8310000000000001e-06,-0.54531949521725931
2.8314999999999999e-06,-0.69450816843893548
2.8320000000000002e-06,-0.68420593648238304
2.8325e-06,-0.48952360716348375
2.8329999999999998e-06,-0.15932385505306407
2.8335000000000001e-06,0.20230665126678132
2.8339999999999999e-06,0.48195894688615071
2.8345000000000001e-06,0.60677316866903586
2.835e-06,0.57287588657773858
2.8355000000000002e-06,0.43852151332369338
2.836e-06,0.28691373577810242
2.8364999999999999e-06,0.17964673195085765
2.8370000000000001e-06,0.12620860964105907
2.8374999999999999e-06,0.085672035307855346
2.8380000000000002e-06,-0.0013041576675052458
2.8385e-06,-0.16888794873855037
2.8389999999999998e-06,-0.39613255688948035
2.8395000000000001e-06,-0.60851448476459968
2.8399999999999999e-06,-0.71149615159114599
2.8405000000000002e-06,-0.6388798458675653
2.841e-06,-0.39014820268973571
2.8414999999999998e-06,-0.036345669709581314
2.8420000000000001e-06,0.30947380871911701
2.8424999999999999e-06,0.54247183686894762
2.8430000000000001e-06,0.61125117948175101
2.8435e-06,0.53519648058421776
2.8439999999999998e-06,0.38600780736262585
2.8445e-06,0.24455478156987073
2.8449999999999999e-06,0.15704017035832188
2.8455000000000001e-06,0.11423502082866072
2.8459999999999999e-06,0.064440094345986521
2.8465000000000002e-06,-0.047970094625522069
2.847e-06,-0.24079139838425415
2.8474999999999998e-06,-0.47328628134694356
2.8480000000000001e-06,-0.65930788794743556
2.8484999999999999e-06,-0.70839602193453732
2.8490000000000002e-06,-0.57335508457064543
2.8495e-06,-0.2787283983122727
2.8499999999999998e-06,0.085672035307735803
2.8505000000000001e-06,0.40363285028559093
2.8509999999999999e-06,0.58411386778288987
2.8515000000000001e-06,0.5991772008228673
2.852e-06,0.48931491650665293
2.8524999999999998e-06,0.33466601633357707
2.853e-06,0.20868472118590681
2.8534999999999999e-06,0.13978083882223968
2.8540000000000001e-06,0.10152088721161873
2.8544999999999999e-06,0.035914932837820546
2.8550000000000002e-06,-0.10409194065273916
2.8555e-06,-0.31750953857036746
2.8559999999999998e-06,-0.54531949521734768
2.8565000000000001e-06,-0.69450816843896979
2.8569999999999999e-06,-0.68420593648246397
2.8575000000000002e-06,-0.48952360716336452
2.858e-06,-0.15932385505290617
2.8584999999999998e-06,0.20230665126651975
2.8590000000000001e-06,0.48195894688624086
2.8594999999999999e-06,0.60677316866905318
2.8600000000000001e-06,0.57287588657769661
2.8605e-06,0.43852151332381462
2.8609999999999998e-06,0.28691373577820778
2.8615e-06,0.1796467319508244
2.8619999999999999e-06,0.126208609641043
2.8625000000000001e-06,0.085672035307831795
2.8629999999999999e-06,-0.0013041576674079347
2.8635000000000002e-06,-0.16888794873863933
2.864e-06,-0.39613255688958193
2.8644999999999998e-06,-0.6085144847644659
2.8650000000000001e-06,-0.71149615159115542
2.8654999999999999e-06,-0.63887984586749325
2.8660000000000002e-06,-0.39014820268959843
2.8665e-06,-0.036345669709421741
2.8669999999999998e-06,0.30947380871888186
2.8675000000000001e-06,0.54247183686901379
2.8679999999999999e-06,0.61125117948174557
2.8685000000000001e-06,0.53519648058416291
2.869e-06,0.38600780736255791
2.8694999999999998e-06,0.24455478156996194
2.8700000000000001e-06,0.15704017035829643
2.8704999999999999e-06,0.1142350208286885
2.8710000000000001e-06,0.064440094345954671
2.8715e-06,-0.047970094625588711
2.8720000000000002e-06,-0.2407913983843509
2.8725e-06,-0.47328628134676876
2.8729999999999999e-06,-0.65930788794733453
2.8735000000000001e-06,-0.70839602193451967
2.8739999999999999e-06,-0.57335508457081985
2.8745000000000002e-06,-0.27872839831212237
2.875e-06,0.08567203530789122
2.8754999999999998e-06,0.40363285028538959
2.8760000000000001e-06,0.58411386778293151
2.8764999999999999e-06,0.59917720082291293
2.8770000000000002e-06,0.48931491650658959
2.8775e-06,0.33466601633351245
2.8779999999999998e-06,0.20868472118598222
2.8785000000000001e-06,0.13978083882227474
2.8789999999999999e-06,0.10152088721165101
2.8795000000000001e-06,0.035914932837778218
2.88e-06,-0.10409194065259819
2.8805000000000002e-06,-0.31750953857046865
2.881e-06,-0.54531949521743595
2.8814999999999999e-06,-0.69450816843890828
2.8820000000000001e-06,-0.6842059364824189
2.8824999999999999e-06,-0.48952360716357868
2.8830000000000002e-06,-0.15932385505274832
2.8835e-06,0.20230665126666547
2.8839999999999998e-06,0.48195894688607899
2.8845000000000001e-06,0.6067731686690705
2.8849999999999999e-06,0.572875886577772
2.8855000000000002e-06,0.438521513323747
2.886e-06,0.28691373577814905
2.8864999999999998e-06,0.17964673195088415
2.8870000000000001e-06,0.12620860964102698
2.8874999999999999e-06,0.085672035307874067
2.8880000000000001e-06,-0.0013041576674621691
2.8885e-06,-0.1688879487384797
2.8890000000000002e-06,-0.39613255688968357
2.8895e-06,-0.60851448476454051
2.8899999999999999e-06,-0.71149615159113855
2.8905000000000001e-06,-0.63887984586742108
2.8909999999999999e-06,-0.39014820268984485
2.8915000000000002e-06,-0.036345669709262188
2.892e-06,0.30947380871901287
2.8924999999999998e-06,0.54247183686889489
2.8930000000000001e-06,0.61125117948174024
2.8934999999999999e-06,0.53519648058426128
2.8940000000000002e-06,0.38600780736267964
2.8945e-06,0.24455478156991114
2.8949999999999998e-06,0.15704017035827086
2.8955000000000001e-06,0.11423502082867304
2.8959999999999999e-06,0.06444009434601182
2.8965000000000001e-06,-0.047970094625655296
2.897e-06,-0.24079139838417718
2.8975000000000002e-06,-0.47328628134686612
2.898e-06,-0.65930788794739081
2.8984999999999999e-06,-0.7083960219345512
2.8990000000000001e-06,-0.57335508457072271
2.8994999999999999e-06,-0.27872839831239227
2.9000000000000002e-06,0.08567203530804661
2.9005e-06,0.40363285028550178
2.9009999999999998e-06,0.58411386778297303
2.9015000000000001e-06,0.5991772008228875
2.9019999999999999e-06,0.48931491650670328
2.9025000000000002e-06,0.33466601633344784
2.903e-06,0.20868472118594017
2.9034999999999998e-06,0.13978083882225523
2.9040000000000001e-06,0.10152088721163302
2.9044999999999999e-06,0.035914932837735891
2.9050000000000001e-06,-0.10409194065267671
2.9055e-06,-0.31750953857028696
2.9059999999999998e-06,-0.54531949521727741
2.9065e-06,-0.69450816843894247
2.9069999999999999e-06,-0.68420593648237382
2.9075000000000001e-06,-0.48952360716345933
2.9079999999999999e-06,-0.1593238550530317
2.9085000000000002e-06,0.20230665126681119
2.909e-06,0.48195894688616914
2.9094999999999998e-06,0.6067731686690393
2.9100000000000001e-06,0.57287588657773003
2.9104999999999999e-06,0.43852151332367956
2.9110000000000002e-06,0.28691373577809043
2.9115e-06,0.17964673195085082
2.9119999999999998e-06,0.12620860964105579
2.9125000000000001e-06,0.085672035307850516
2.9129999999999999e-06,-0.001304157667516348
2.9135000000000001e-06,-0.16888794873856861
2.914e-06,-0.39613255688950116
2.9144999999999998e-06,-0.60851448476440673
2.915e-06,-0.71149615159114799
2.9154999999999999e-06,-0.63887984586755042
2.9160000000000001e-06,-0.39014820268970762
2.9164999999999999e-06,-0.0363456697091026
2.9170000000000002e-06,0.30947380871914387
2.9175e-06,0.54247183686896117
2.9179999999999998e-06,0.6112511794817499
2.9185000000000001e-06,0.53519648058420655
2.9189999999999999e-06,0.38600780736261187
2.9195000000000002e-06,0.24455478156986032
2.92e-06,0.15704017035824541
2.9204999999999998e-06,0.1142350208287008
2.9210000000000001e-06,0.064440094345979998
2.9214999999999999e-06,-0.047970094625535697
2.9220000000000001e-06,-0.24079139838427394
2.9225e-06,-0.47328628134696349
2.9229999999999998e-06,-0.65930788794728967
2.9235e-06,-0.70839602193453366
2.9239999999999999e-06,-0.57335508457089712
2.9245000000000001e-06,-0.27872839831224194
2.9249999999999999e-06,0.085672035307767638
2.9255000000000002e-06,0.40363285028561391
2.926e-06,0.58411386778301466
2.9264999999999998e-06,0.59917720082293313
2.9270000000000001e-06,0.48931491650663994
2.9274999999999999e-06,0.3346660163335638
2.9280000000000002e-06,0.20868472118589818
2.9285e-06,0.13978083882223566
2.9289999999999998e-06,0.10152088721166531
2.9295000000000001e-06,0.035914932837811886
2.9299999999999999e-06,-0.10409194065253569
2.9305000000000001e-06,-0.31750953857038822
2.931e-06,-0.54531949521736578
2.9314999999999998e-06,-0.69450816843888097
2.932e-06,-0.68420593648232864
2.9324999999999999e-06,-0.48952360716367349
2.9330000000000001e-06,-0.15932385505287383
2.9335e-06,0.20230665126654962
2.9340000000000002e-06,0.48195894688625934
2.9345e-06,0.60677316866905673
2.9349999999999999e-06,0.57287588657780553
2.9355000000000001e-06,0.438521513323612
2.9359999999999999e-06,0.28691373577819568
2.9365000000000002e-06,0.17964673195081757
2.937e-06,0.12620860964103969
2.9374999999999998e-06,0.085672035307892788
2.9380000000000001e-06,-0.0013041576675705546
2.9384999999999999e-06,-0.16888794873840907
2.9390000000000002e-06,-0.3961325568896028
2.9395e-06,-0.60851448476448111
2.9399999999999998e-06,-0.71149615159115731
2.9405000000000001e-06,-0.63887984586747848
2.9409999999999999e-06,-0.39014820268995398
2.9415000000000001e-06,-0.036345669708943047
2.942e-06,0.30947380871890867
2.9425000000000002e-06,0.54247183686902745
2.943e-06,0.61125117948174446
2.9434999999999999e-06,0.53519648058430491
2.9440000000000001e-06,0.38600780736254403
2.9444999999999999e-06,0.24455478156995153
2.9450000000000002e-06,0.15704017035829121
2.9455e-06,0.11423502082868531
2.9459999999999998e-06,0.064440094345948148
2.9465000000000001e-06,-0.047970094625602339
2.9469999999999999e-06,-0.24079139838410021
2.9475000000000002e-06,-0.47328628134706086
2.948e-06,-0.65930788794734607
2.9484999999999998e-06,-0.70839602193451612
2.9490000000000001e-06,-0.57335508457079998
2.9494999999999999e-06,-0.27872839831251184
2.9500000000000001e-06,0.085672035307923042
2.9505e-06,0.40363285028541251
2.9510000000000002e-06,0.58411386778294005
2.9515e-06,0.59917720082290771
2.9519999999999999e-06,0.48931491650657671
2.9525000000000001e-06,0.33466601633349924
2.9529999999999999e-06,0.20868472118597359
2.9535000000000002e-06,0.13978083882221606
2.954e-06,0.10152088721164731
2.9544999999999998e-06,0.035914932837769559
2.9550000000000001e-06,-0.10409194065261426
2.9554999999999999e-06,-0.31750953857020636
2.9560000000000002e-06,-0.54531949521745415
2.9565e-06,-0.69450816843891527
2.9569999999999998e-06,-0.68420593648240957
2.9575000000000001e-06,-0.48952360716355414
2.9579999999999999e-06,-0.15932385505271596
2.9585000000000001e-06,0.20230665126669528
2.959e-06,0.48195894688609742
2.9595000000000002e-06,0.60677316866907394
2.96e-06,0.57287588657776345
2.9604999999999999e-06,0.43852151332373324
2.9610000000000001e-06,0.286913735778137
2.9614999999999999e-06,0.17964673195078429
2.9620000000000002e-06,0.12620860964102365
2.9625e-06,0.085672035307869238
2.9629999999999998e-06,-0.0013041576674732713
2.9635000000000001e-06,-0.16888794873849794
2.9639999999999999e-06,-0.39613255688970439
2.9645000000000002e-06,-0.60851448476455572
2.965e-06,-0.71149615159114066
2.9654999999999998e-06,-0.63887984586760771
2.9660000000000001e-06,-0.39014820268981676
2.9664999999999999e-06,-0.036345669709229506
2.9670000000000001e-06,0.30947380871903968
2.9675e-06,0.54247183686909373
2.9679999999999998e-06,0.61125117948175411
2.9685e-06,0.53519648058424996
2.9689999999999999e-06,0.38600780736266582
2.9695000000000001e-06,0.24455478156990074
2.9699999999999999e-06,0.15704017035826565
2.9705000000000002e-06,0.11423502082866988
2.971e-06,0.064440094346005311
2.9714999999999998e-06,-0.04797009462548274
2.9720000000000001e-06,-0.24079139838419697
2.9724999999999999e-06,-0.47328628134688605
2.9730000000000002e-06,-0.65930788794740236
2.9735e-06,-0.70839602193449847
2.9739999999999998e-06,-0.5733550845709745
2.9745000000000001e-06,-0.27872839831236146
2.9749999999999999e-06,0.085672035307644057
2.9755000000000001e-06,0.40363285028552476
2.976e-06,0.58411386778298158
2.9764999999999998e-06,0.59917720082295334
2.977e-06,0.48931491650651332
2.9774999999999999e-06,0.33466601633361515
2.9780000000000001e-06,0.20868472118593159
2.9784999999999999e-06,0.1397808388222512
2.9790000000000002e-06,0.10152088721162936
2.9795e-06,0.035914932837727231
2.9799999999999998e-06,-0.10409194065247329
2.9805000000000001e-06,-0.31750953857030761
2.9809999999999999e-06,-0.5453194952172955
2.9815000000000002e-06,-0.69450816843894958
2.982e-06,-0.6842059364823645
2.9824999999999998e-06,-0.4895236071637683
2.9830000000000001e-06,-0.15932385505255811
2.9834999999999999e-06,0.20230665126643371
2.9840000000000001e-06,0.48195894688618762
2.9845e-06,0.60677316866904296
2.9849999999999998e-06,0.57287588657783894
2.9855e-06,0.43852151332366579
2.9859999999999999e-06,0.28691373577824231
2.9865000000000001e-06,0.17964673195084405
2.9869999999999999e-06,0.12620860964105249
2.9875000000000002e-06,0.085672035307845701
2.988e-06,-0.001304157667527478
2.9884999999999998e-06,-0.16888794873833834
2.9890000000000001e-06,-0.39613255688980598
2.9894999999999999e-06,-0.60851448476442194
2.9900000000000002e-06,-0.71149615159114987
2.9905e-06,-0.63887984586753577
2.9909999999999998e-06,-0.39014820269006323
2.9915000000000001e-06,-0.036345669709069918
2.9919999999999999e-06,0.30947380871880448
2.9925000000000001e-06,0.5424718368691599
2.993e-06,0.61125117948174879
2.9934999999999998e-06,0.53519648058419533
2.994e-06,0.38600780736259793
2.9944999999999999e-06,0.24455478156999194
2.9950000000000001e-06,0.15704017035824014
2.9954999999999999e-06,0.11423502082869763
2.9960000000000002e-06,0.064440094345973475
2.9965e-06,-0.047970094625549381
2.9969999999999999e-06,-0.24079139838429373
2.9975000000000001e-06,-0.47328628134698342
2.9979999999999999e-06,-0.65930788794730133
2.9985000000000002e-06,-0.70839602193448092
2.999e-06,-0.57335508457087725
2.9994999999999998e-06,-0.27872839831221113
3.0000000000000001e-06,0.085672035307799446
3.0004999999999999e-06,0.40363285028532336
3.0010000000000002e-06,0.5841138677830231
3.0015e-06,0.59917720082292791
3.0019999999999998e-06,0.48931491650662706
3.0025000000000001e-06,0.33466601633355059
3.0029999999999999e-06,0.20868472118588954
3.0035000000000001e-06,0.13978083882223166
3.004e-06,0.10152088721166162
3.0045000000000002e-06,0.035914932837684904
3.005e-06,-0.10409194065255181
3.0054999999999999e-06,-0.31750953857040892
3.0060000000000001e-06,-0.54531949521738388
3.0064999999999999e-06,-0.69450816843888796
3.0070000000000002e-06,-0.68420593648231942
3.0075e-06,-0.48952360716364907
3.0079999999999998e-06,-0.1593238550528415
3.0085000000000001e-06,0.20230665126657946
3.0089999999999999e-06,0.48195894688627783
3.0095000000000002e-06,0.60677316866906017
3.01e-06,0.57287588657779698
3.0104999999999998e-06,0.43852151332378692
3.0110000000000001e-06,0.28691373577818369
3.0114999999999999e-06,0.17964673195081074
3.0120000000000001e-06,0.12620860964103645
3.0125e-06,0.08567203530782215
3.0130000000000002e-06,-0.0013041576675816846
3.0135e-06,-0.16888794873842719
3.0139999999999999e-06,-0.39613255688962362
3.0145000000000001e-06,-0.60851448476449654
3.0149999999999999e-06,-0.71149615159115909
3.0155000000000002e-06,-0.63887984586746371
3.016e-06,-0.39014820268992589
3.0164999999999998e-06,-0.036345669709356383
3.0170000000000001e-06,0.30947380871893548
3.0174999999999999e-06,0.54247183686904099
3.0180000000000002e-06,0.61125117948174335
3.0185e-06,0.53519648058414049
3.0189999999999998e-06,0.38600780736271978
3.0195000000000001e-06,0.24455478156994115
3.0199999999999999e-06,0.15704017035828594
3.0205000000000001e-06,0.11423502082868216
3.021e-06,0.064440094345941626
3.0215000000000002e-06,-0.047970094625615967
3.022e-06,-0.24079139838412011
3.0224999999999999e-06,-0.47328628134680861
3.0230000000000001e-06,-0.65930788794735751
3.0234999999999999e-06,-0.70839602193451245
3.0240000000000002e-06,-0.57335508457077999
3.0245e-06,-0.27872839831206075
3.0249999999999998e-06,0.085672035307520475
3.0255000000000001e-06,0.4036328502854355
3.0259999999999999e-06,0.58411386778294849
3.0265000000000002e-06,0.59917720082290249
3.027e-06,0.48931491650656367
3.0274999999999998e-06,0.33466601633366655
3.0280000000000001e-06,0.20868472118584758
3.0284999999999999e-06,0.13978083882226677
3.0290000000000001e-06,0.10152088721164365
3.0295e-06,0.035914932837760899
3.0299999999999998e-06,-0.10409194065241084
3.0305e-06,-0.31750953857051012
3.0309999999999999e-06,-0.54531949521722534
3.0315000000000001e-06,-0.69450816843892227
3.0319999999999999e-06,-0.68420593648240036
3.0325000000000002e-06,-0.48952360716352972
3.033e-06,-0.15932385505268359
3.0334999999999998e-06,0.20230665126631792
3.0340000000000001e-06,0.48195894688636809
3.0344999999999999e-06,0.60677316866902919
3.0350000000000002e-06,0.5728758865777549
3.0355e-06,0.43852151332371947
3.0359999999999998e-06,0.28691373577828894
3.0365000000000001e-06,0.17964673195077746
3.0369999999999999e-06,0.12620860964106526
3.0375000000000001e-06,0.085672035307864422
3.038e-06,-0.0013041576674843736
3.0384999999999998e-06,-0.16888794873851609
3.039e-06,-0.39613255688972521
3.0394999999999999e-06,-0.60851448476436265
3.0400000000000001e-06,-0.71149615159116841
3.0404999999999999e-06,-0.63887984586759305
3.0410000000000002e-06,-0.39014820268978861
3.0415e-06,-0.03634566970919681
3.0419999999999998e-06,0.30947380871870028
3.0425000000000001e-06,0.54247183686910727
3.0429999999999999e-06,0.611251179481753
3.0435000000000002e-06,0.53519648058423885
3.044e-06,0.38600780736265183
3.0444999999999998e-06,0.24455478156989038
3.0450000000000001e-06,0.15704017035826048
3.0454999999999999e-06,0.1142350208287099
3.0460000000000001e-06,0.06444009434590979
3.0465e-06,-0.047970094625496368
3.0469999999999998e-06,-0.24079139838421679
3.0475e-06,-0.47328628134690598
3.0479999999999999e-06,-0.65930788794725648
3.0485000000000001e-06,-0.70839602193449491
3.0489999999999999e-06,-0.57335508457095452
3.0495000000000002e-06,-0.27872839831191043
3.05e-06,0.085672035307675878
3.0504999999999998e-06,0.40363285028554774
3.0510000000000001e-06,0.58411386778299001
3.0514999999999999e-06,0.59917720082294812
3.0520000000000002e-06,0.48931491650650044
3.0525e-06,0.33466601633360193
3.0529999999999998e-06,0.20868472118592302
3.0535000000000001e-06,0.13978083882224718
3.0539999999999999e-06,0.10152088721162567
3.0545000000000001e-06,0.035914932837718572
3.055e-06,-0.10409194065248945
3.0554999999999998e-06,-0.31750953857032838
3.056e-06,-0.5453194952173136
3.0564999999999999e-06,-0.69450816843895657
3.0570000000000001e-06,-0.68420593648235517
3.0574999999999999e-06,-0.48952360716374388
3.0580000000000002e-06,-0.15932385505252575
3.0585e-06,0.20230665126646361
3.0589999999999998e-06,0.48195894688620611
3.0595000000000001e-06,0.60677316866904651
3.0599999999999999e-06,0.57287588657771271
3.0605000000000002e-06,0.43852151332365186
3.061e-06,0.28691373577823032
3.0614999999999998e-06,0.17964673195083722
3.0620000000000001e-06,0.12620860964104919
3.0624999999999999e-06,0.085672035307840885
3.0630000000000002e-06,-0.0013041576675385524
3.0635e-06,-0.16888794873835652
3.0639999999999998e-06,-0.3961325568895428
3.0645000000000001e-06,-0.60851448476443726
3.0649999999999999e-06,-0.71149615159115165
3.0655000000000001e-06,-0.638879845867521
3.066e-06,-0.39014820268965134
3.0665000000000002e-06,-0.036345669709037243
3.067e-06,0.30947380871883134
3.0674999999999999e-06,0.54247183686898826
3.0680000000000001e-06,0.61125117948174768
3.0684999999999999e-06,0.53519648058418412
3.0690000000000002e-06,0.38600780736258417
3.0695e-06,0.24455478156983956
3.0699999999999998e-06,0.15704017035830628
3.0705000000000001e-06,0.11423502082869445
3.0709999999999999e-06,0.064440094345966953
3.0715000000000002e-06,-0.047970094625562981
3.072e-06,-0.24079139838431357
3.0724999999999998e-06,-0.47328628134673123
3.0730000000000001e-06,-0.65930788794731277
3.0734999999999999e-06,-0.70839602193452644
3.0740000000000001e-06,-0.57335508457085738
3.0745e-06,-0.27872839831218033
3.0750000000000002e-06,0.085672035307831296
3.0755e-06,0.40363285028565987
3.0759999999999999e-06,0.58411386778291552
3.0765000000000001e-06,0.59917720082292281
3.0769999999999999e-06,0.48931491650661402
3.0775000000000002e-06,0.33466601633353732
3.078e-06,0.20868472118588097
3.0784999999999998e-06,0.13978083882228229
3.0790000000000001e-06,0.10152088721165795
3.0794999999999999e-06,0.035914932837794539
3.0800000000000002e-06,-0.10409194065256791
3.0805e-06,-0.31750953857042963
3.0809999999999998e-06,-0.54531949521715506
3.0815000000000001e-06,-0.69450816843899088
3.0819999999999999e-06,-0.68420593648243622
3.0825000000000001e-06,-0.48952360716362459
3.083e-06,-0.15932385505280916
3.0835000000000002e-06,0.20230665126660929
3.084e-06,0.48195894688629637
3.0844999999999999e-06,0.60677316866901543
3.0850000000000001e-06,0.57287588657767063
3.0854999999999999e-06,0.43852151332377315
3.0860000000000002e-06,0.2869137357781717
3.0865e-06,0.17964673195080397
3.0869999999999998e-06,0.126208609641078
3.0875000000000001e-06,0.085672035307817335
3.0879999999999999e-06,-0.0013041576674412414
3.0885000000000002e-06,-0.16888794873844543
3.089e-06,-0.39613255688964444
3.0894999999999998e-06,-0.60851448476451175
3.0900000000000001e-06,-0.71149615159116097
3.0904999999999999e-06,-0.63887984586765034
3.0910000000000001e-06,-0.39014820268951411
3.0915e-06,-0.036345669709323701
3.0920000000000002e-06,0.30947380871896235
3.0925e-06,0.54247183686905454
3.0929999999999999e-06,0.61125117948175722
3.0935000000000001e-06,0.53519648058412927
3.0939999999999999e-06,0.3860078073627059
3.0945000000000002e-06,0.24455478156993074
3.095e-06,0.15704017035828072
3.0954999999999998e-06,0.11423502082867898
3.0960000000000001e-06,0.064440094345935103
3.0964999999999999e-06,-0.047970094625443382
3.0970000000000002e-06,-0.24079139838441041
3.0975e-06,-0.4732862813468286
3.0979999999999998e-06,-0.65930788794736916
3.0985000000000001e-06,-0.7083960219345089
3.0989999999999999e-06,-0.57335508457103179
3.0995000000000001e-06,-0.27872839831203
3.1e-06,0.085672035307552297
3.1004999999999998e-06,0.40363285028545848
3.101e-06,0.58411386778295704
3.1014999999999999e-06,0.59917720082289727
3.1020000000000001e-06,0.48931491650655079
3.1024999999999999e-06,0.33466601633365334
3.1030000000000002e-06,0.208684721185839
3.1035e-06,0.13978083882226272
3.1039999999999998e-06,0.10152088721163996
3.1045000000000001e-06,0.035914932837752211
3.1049999999999999e-06,-0.10409194065264649
3.1055000000000002e-06,-0.31750953857053094
3.106e-06,-0.54531949521724343
3.1064999999999998e-06,-0.69450816843892926
3.1070000000000001e-06,-0.68420593648239114
3.1074999999999999e-06,-0.48952360716350535
3.1080000000000001e-06,-0.15932385505265129
3.1085e-06,0.20230665126634773
3.1089999999999998e-06,0.48195894688613439
3.1095e-06,0.60677316866903275
3.1099999999999999e-06,0.57287588657774613
3.1105000000000001e-06,0.43852151332370554
3.1109999999999999e-06,0.28691373577811308
3.1115000000000002e-06,0.17964673195077069
3.112e-06,0.12620860964106195
3.1124999999999998e-06,0.085672035307859606
3.1130000000000001e-06,-0.0013041576674954758
3.1134999999999999e-06,-0.16888794873853433
3.1140000000000002e-06,-0.39613255688974602
3.1145e-06,-0.60851448476437797
3.1149999999999998e-06,-0.71149615159114421
3.1155000000000001e-06,-0.63887984586757818
3.1159999999999999e-06,-0.39014820268976047
3.1165000000000001e-06,-0.03634566970916412
3.117e-06,0.30947380871909336
3.1174999999999998e-06,0.54247183686893563
3.118e-06,0.61125117948175189
3.1184999999999999e-06,0.53519648058422764
3.1190000000000001e-06,0.38600780736263796
3.1194999999999999e-06,0.24455478156987998
3.1200000000000002e-06,0.15704017035825521
3.1205e-06,0.11423502082866353
3.1209999999999998e-06,0.064440094345992294
3.1215000000000001e-06,-0.047970094625510024
3.1219999999999999e-06,-0.24079139838423663
3.1225000000000002e-06,-0.47328628134692596
3.123e-06,-0.65930788794742534
3.1234999999999998e-06,-0.70839602193454043
3.1240000000000001e-06,-0.57335508457093465
3.1244999999999999e-06,-0.2787283983122999
3.1250000000000001e-06,0.085672035307707714
3.1255e-06,0.40363285028557072
3.1259999999999998e-06,0.58411386778288243
3.1265000000000001e-06,0.59917720082287196
3.1269999999999999e-06,0.48931491650666437
3.1275000000000001e-06,0.33466601633358872
3.128e-06,0.20868472118591438
3.1285000000000002e-06,0.13978083882224321
3.129e-06,0.10152088721162199
3.1294999999999999e-06,0.035914932837828206
3.1300000000000001e-06,-0.10409194065250546
3.1304999999999999e-06,-0.31750953857034914
3.1310000000000002e-06,-0.5453194952173317
3.1315e-06,-0.69450816843896357
3.1319999999999998e-06,-0.68420593648247208
3.1325000000000001e-06,-0.48952360716338605
3.1329999999999999e-06,-0.15932385505293467
3.1335000000000002e-06,0.20230665126649344
3.134e-06,0.48195894688622454
3.1344999999999998e-06,0.60677316866900166
3.1350000000000001e-06,0.57287588657770405
3.1354999999999999e-06,0.43852151332382683
3.1360000000000001e-06,0.28691373577821833
3.1365e-06,0.17964673195083039
3.1370000000000002e-06,0.12620860964104591
3.1375e-06,0.085672035307836056
3.1379999999999999e-06,-0.001304157667398137
3.1385000000000001e-06,-0.16888794873862328
3.1389999999999999e-06,-0.39613255688956361
3.1395000000000002e-06,-0.60851448476445247
3.14e-06,-0.71149615159115365
3.1404999999999998e-06,-0.63887984586750624
3.1410000000000001e-06,-0.39014820268962325
3.1414999999999999e-06,-0.036345669709450579
3.1420000000000002e-06,0.30947380871922436
3.1425e-06,0.5424718368690018
3.1429999999999998e-06,0.61125117948174656
3.1435000000000001e-06,0.5351964805841728
3.1439999999999999e-06,0.38600780736275975
3.1445000000000001e-06,0.24455478156982915
3.145e-06,0.15704017035830101
3.1455000000000002e-06,0.11423502082869127
3.146e-06,0.064440094345960458
3.1464999999999999e-06,-0.047970094625576665
3.1470000000000001e-06,-0.24079139838433344
3.1474999999999999e-06,-0.47328628134675116
3.1480000000000002e-06,-0.65930788794748174
3.1485e-06,-0.70839602193452289
3.1489999999999998e-06,-0.5733550845708375
3.1495000000000001e-06,-0.27872839831214952
3.1499999999999999e-06,0.085672035307428715
3.1505000000000002e-06,0.40363285028568285
3.151e-06,0.58411386778292407
3.1514999999999998e-06,0.59917720082291748
3.1520000000000001e-06,0.48931491650660114
3.1524999999999999e-06,0.33466601633352411
3.1530000000000001e-06,0.20868472118587233
3.1535e-06,0.13978083882227824
3.1540000000000002e-06,0.10152088721160399
3.1545e-06,0.035914932837785851
3.1549999999999999e-06,-0.10409194065258398
3.1555000000000001e-06,-0.31750953857045039
3.1559999999999999e-06,-0.54531949521717316
3.1565000000000002e-06,-0.69450816843899787
3.157e-06,-0.684205936482427
3.1574999999999998e-06,-0.48952360716360016
3.1580000000000001e-06,-0.15932385505277682
3.1584999999999999e-06,0.20230665126663916
3.1590000000000002e-06,0.4819589468863148
3.1595e-06,0.60677316866901898
3.1599999999999998e-06,0.57287588657777966
3.1605000000000001e-06,0.43852151332375933
3.1609999999999999e-06,0.2869137357781596
3.1615000000000001e-06,0.17964673195079719
3.162e-06,0.12620860964102987
3.1624999999999998e-06,0.085672035307878328
3.163e-06,-0.0013041576674523436
3.1634999999999999e-06,-0.16888794873846366
3.1640000000000001e-06,-0.39613255688966514
3.1644999999999999e-06,-0.60851448476452707
3.1650000000000002e-06,-0.71149615159116297
3.1655e-06,-0.63887984586763558
3.1659999999999998e-06,-0.39014820268986966
3.1665000000000001e-06,-0.036345669709291026
3.1669999999999999e-06,0.30947380871898916
3.1675000000000002e-06,0.54247183686906819
3.168e-06,0.61125117948174112
3.1684999999999998e-06,0.53519648058427127
3.1690000000000001e-06,0.38600780736269186
3.1694999999999999e-06,0.24455478156992033
3.1700000000000001e-06,0.15704017035827547
3.1705e-06,0.1142350208286758
3.1709999999999998e-06,0.064440094346017579
3.1715e-06,-0.047970094625457066
3.1719999999999999e-06,-0.24079139838415969
3.1725000000000001e-06,-0.47328628134684853
3.1729999999999999e-06,-0.6593078879473806
3.1735000000000002e-06,-0.70839602193450535
3.174e-06,-0.57335508457074025
3.1744999999999998e-06,-0.27872839831241941
3.1750000000000001e-06,0.085672035307584132
3.1754999999999999e-06,0.40363285028548146
3.1760000000000002e-06,0.58411386778296559
3.1765e-06,0.59917720082289205
3.1769999999999998e-06,0.48931491650671477
3.1775000000000001e-06,0.33466601633345949
3.1779999999999999e-06,0.20868472118594777
3.1785000000000001e-06,0.13978083882225872
3.179e-06,0.10152088721163628
3.1794999999999998e-06,0.035914932837861846
3.18e-06,-0.10409194065266253
3.1804999999999999e-06,-0.31750953857026865
3.1810000000000001e-06,-0.54531949521726153
3.1814999999999999e-06,-0.69450816843893626
3.1820000000000002e-06,-0.68420593648238193
3.1825e-06,-0.48952360716348092
3.1829999999999998e-06,-0.15932385505306024
3.1835000000000001e-06,0.20230665126678482
3.1839999999999999e-06,0.48195894688615282
3.1845000000000002e-06,0.6067731686690363
3.185e-06,0.57287588657773758
3.1854999999999998e-06,0.43852151332388045
3.1860000000000001e-06,0.28691373577810098
3.1864999999999999e-06,0.17964673195085681
3.1870000000000001e-06,0.12620860964105868
3.1875e-06,0.085672035307854777
3.1879999999999998e-06,-0.001304157667506578
3.1885000000000001e-06,-0.16888794873855256
3.1889999999999999e-06,-0.39613255688948279
3.1895000000000001e-06,-0.60851448476460146
3.19e-06,-0.71149615159114621
3.1905000000000002e-06,-0.63887984586756352
3.191e-06,-0.39014820268973238
3.1914999999999999e-06,-0.03634566970957747
3.1920000000000001e-06,0.30947380871912017
3.1924999999999999e-06,0.54247183686894918
3.1930000000000002e-06,0.6112511794817358
3.1935e-06,0.53519648058421632
3.1939999999999998e-06,0.38600780736262419
3.1945000000000001e-06,0.24455478156986951
3.1949999999999999e-06,0.15704017035832132
3.1955000000000002e-06,0.11423502082866036
3.196e-06,0.064440094345985743
3.1964999999999998e-06,-0.047970094625523652
3.1970000000000001e-06,-0.24079139838425642
3.1974999999999999e-06,-0.47328628134694589
3.1980000000000001e-06,-0.659307887947437
3.1985e-06,-0.70839602193453677
3.1990000000000002e-06,-0.57335508457064299
3.1995e-06,-0.27872839831226909
3.1999999999999999e-06,0.08567203530773955
3.2005000000000001e-06,0.4036328502855937
3.2009999999999999e-06,0.58411386778289098
3.2015000000000002e-06,0.59917720082286663
3.202e-06,0.48931491650665138
3.2024999999999998e-06,0.33466601633357551
3.2030000000000001e-06,0.20868472118590575
3.2034999999999999e-06,0.13978083882223921
3.2040000000000002e-06,0.1015208872116183
3.2045e-06,0.035914932837819519
3.2049999999999998e-06,-0.10409194065252153
3.2055000000000001e-06,-0.3175095385703699
3.2059999999999999e-06,-0.54531949521734979
3.2065000000000001e-06,-0.69450816843897056
3.207e-06,-0.68420593648246286
3.2075000000000002e-06,-0.48952360716336163
3.208e-06,-0.15932385505290236
3.2084999999999999e-06,0.20230665126652331
3.2090000000000001e-06,0.48195894688624308
3.2094999999999999e-06,0.60677316866905351
3.2100000000000002e-06,0.5728758865776955
3.2105e-06,0.43852151332381301
3.2109999999999998e-06,0.28691373577820628
3.2115000000000001e-06,0.17964673195082356
3.2119999999999999e-06,0.12620860964104264
3.2125000000000002e-06,0.085672035307831226
3.213e-06,-0.0013041576675607847
3.2134999999999998e-06,-0.16888794873839291
3.2140000000000001e-06,-0.39613255688958443
3.2144999999999999e-06,-0.60851448476446779
3.2150000000000001e-06,-0.71149615159115565
3.2155e-06,-0.63887984586749147
3.2160000000000002e-06,-0.39014820268959516
3.2165e-06,-0.036345669709417897
3.2169999999999999e-06,0.30947380871888497
3.2175000000000001e-06,0.54247183686901546
3.2179999999999999e-06,0.61125117948174545
3.2185000000000002e-06,0.53519648058416169
3.219e-06,0.38600780736255624
3.2194999999999998e-06,0.24455478156996074
3.2200000000000001e-06,0.15704017035829579
3.2204999999999999e-06,0.11423502082868812
3.2210000000000002e-06,0.064440094345953922
3.2215e-06,-0.04797009462559032
3.2219999999999998e-06,-0.24079139838408276
3.2225000000000001e-06,-0.47328628134677109
3.2229999999999999e-06,-0.65930788794733575
3.2235000000000001e-06,-0.70839602193451923
3.224e-06,-0.57335508457081752
3.2244999999999998e-06,-0.27872839831253893
3.225e-06,0.085672035307894953
3.2254999999999999e-06,0.40363285028539231
3.2260000000000001e-06,0.58411386778293251
3.2264999999999999e-06,0.59917720082291226
3.2270000000000002e-06,0.48931491650658815
3.2275e-06,0.3346660163335109
3.2279999999999998e-06,0.20868472118598119
3.2285000000000001e-06,0.13978083882221967
3.2289999999999999e-06,0.10152088721165056
3.2295000000000002e-06,0.035914932837777191
3.23e-06,-0.10409194065260013
3.2304999999999998e-06,-0.31750953857018815
3.2310000000000001e-06,-0.54531949521743817
3.2314999999999999e-06,-0.69450816843890906
3.2320000000000001e-06,-0.68420593648241779
3.2325e-06,-0.48952360716357579
3.2329999999999998e-06,-0.15932385505274449
3.2335e-06,0.20230665126666897
3.2339999999999999e-06,0.4819589468860811
3.2345000000000001e-06,0.60677316866907083
3.2349999999999999e-06,0.572875886577771
3.2355000000000002e-06,0.43852151332374545
3.236e-06,0.28691373577814766
3.2364999999999998e-06,0.17964673195088329
3.2370000000000001e-06,0.12620860964102659
3.2374999999999999e-06,0.085672035307873498
3.2380000000000002e-06,-0.0013041576674634459
3.2385e-06,-0.16888794873848187
3.2389999999999998e-06,-0.39613255688968602
3.2395000000000001e-06,-0.60851448476454228
3.2399999999999999e-06,-0.71149615159113888
3.2405000000000001e-06,-0.63887984586741942
3.241e-06,-0.39014820268984157
3.2414999999999998e-06,-0.03634566970925833
3.242e-06,0.30947380871901597
3.2424999999999999e-06,0.54247183686889655
3.2430000000000001e-06,0.61125117948174013
3.2434999999999999e-06,0.53519648058426006
3.2440000000000002e-06,0.38600780736267803
3.2445e-06,0.24455478156990992
3.2449999999999998e-06,0.15704017035827028
3.2455000000000001e-06,0.11423502082867265
3.2459999999999999e-06,0.064440094346011084
3.2465000000000002e-06,-0.047970094625656906
3.247e-06,-0.24079139838417951
3.2474999999999998e-06,-0.47328628134686845
3.2480000000000001e-06,-0.65930788794739215
3.2484999999999999e-06,-0.70839602193455076
3.2490000000000001e-06,-0.57335508457072026
3.2495e-06,-0.2787283983123886
3.2499999999999998e-06,0.085672035307615954
3.2505e-06,0.40363285028550444
3.2509999999999999e-06,0.58411386778297403
3.2515000000000001e-06,0.59917720082288684
3.252e-06,0.48931491650670172
3.2525000000000002e-06,0.33466601633344628
3.253e-06,0.2086847211859392
3.2534999999999999e-06,0.13978083882225475
3.2540000000000001e-06,0.1015208872116326
3.2544999999999999e-06,0.035914932837734864
3.2550000000000002e-06,-0.10409194065267857
3.2555e-06,-0.31750953857028935
3.2559999999999998e-06,-0.54531949521727963
3.2565000000000001e-06,-0.69450816843894336
3.2569999999999999e-06,-0.68420593648237271
3.2575000000000002e-06,-0.4895236071634565
3.258e-06,-0.1593238550530279
3.2584999999999998e-06,0.2023066512664074
3.2590000000000001e-06,0.48195894688617136
3.2594999999999999e-06,0.60677316866903974
3.2600000000000001e-06,0.57287588657772903
3.2605e-06,0.43852151332367795
3.2610000000000002e-06,0.28691373577808899
3.2615e-06,0.17964673195084999
3.2619999999999999e-06,0.1262086096410554
3.2625000000000001e-06,0.085672035307849947
3.2629999999999999e-06,-0.0013041576675176525
3.2635000000000002e-06,-0.1688879487385708
3.264e-06,-0.39613255688950361
3.2644999999999998e-06,-0.6085144847644085
3.2650000000000001e-06,-0.71149615159114821
3.2654999999999999e-06,-0.63887984586754876
3.2660000000000002e-06,-0.39014820268970429
3.2665e-06,-0.036345669709098756
3.2669999999999998e-06,0.30947380871878083
3.2675000000000001e-06,0.54247183686896272
3.2679999999999999e-06,0.61125117948174967
3.2685000000000001e-06,0.5351964805842051
3.269e-06,0.38600780736261026
3.2695000000000002e-06,0.2445547815698591
3.27e-06,0.15704017035824477
3.2704999999999999e-06,0.11423502082870039
3.2710000000000001e-06,0.064440094345979249
3.2714999999999999e-06,-0.047970094625537335
3.2720000000000002e-06,-0.2407913983842763
3.2725e-06,-0.47328628134696582
3.2729999999999998e-06,-0.65930788794729112
3.2735000000000001e-06,-0.70839602193453322
3.2739999999999999e-06,-0.57335508457089479
3.2745000000000002e-06,-0.27872839831223828
3.275e-06,0.085672035307771371
3.2754999999999998e-06,0.40363285028530305
3.2760000000000001e-06,0.58411386778301555
3.2764999999999999e-06,0.59917720082293247
3.2770000000000001e-06,0.48931491650663839
3.2775e-06,0.33466601633356224
3.2780000000000002e-06,0.20868472118589715
3.2785e-06,0.13978083882223519
3.2789999999999999e-06,0.10152088721166487
3.2795000000000001e-06,0.035914932837810859
3.2799999999999999e-06,-0.10409194065253763
3.2805000000000002e-06,-0.31750953857039066
3.281e-06,-0.54531949521736789
3.2814999999999998e-06,-0.69450816843888175
3.2820000000000001e-06,-0.68420593648232753
3.2824999999999999e-06,-0.4895236071636706
3.2830000000000002e-06,-0.15932385505287003
3.2835e-06,0.20230665126655312
3.2839999999999998e-06,0.48195894688600938
3.2845000000000001e-06,0.60677316866905706
3.2849999999999999e-06,0.57287588657780442
3.2855000000000001e-06,0.43852151332361039
3.286e-06,0.28691373577819423
3.2864999999999998e-06,0.17964673195081676
3.287e-06,0.12620860964103936
3.2874999999999999e-06,0.085672035307892219
3.2880000000000001e-06,-0.0013041576675718869
3.2884999999999999e-06,-0.16888794873841115
3.2890000000000002e-06,-0.39613255688960525
3.2895e-06,-0.608514484764483
3.2899999999999998e-06,-0.71149615159115742
3.2905000000000001e-06,-0.6388798458674767
3.2909999999999999e-06,-0.39014820268995071
3.2915000000000002e-06,-0.036345669708939203
3.292e-06,0.30947380871891184
3.2924999999999998e-06,0.54247183686902911
3.2930000000000001e-06,0.61125117948174434
3.2934999999999999e-06,0.53519648058430347
3.2940000000000001e-06,0.38600780736254248
3.2945e-06,0.24455478156995034
3.2949999999999998e-06,0.15704017035829054
3.2955e-06,0.11423502082868495
3.2959999999999999e-06,0.064440094345947371
3.2965000000000001e-06,-0.047970094625603948
3.2969999999999999e-06,-0.2407913983841026
3.2975000000000002e-06,-0.47328628134706319
3.298e-06,-0.65930788794734729
3.2984999999999998e-06,-0.70839602193451567
3.2990000000000001e-06,-0.57335508457079754
3.2994999999999999e-06,-0.27872839831250817
3.3000000000000002e-06,0.085672035307926803
3.3005e-06,0.40363285028541529
3.3009999999999998e-06,0.58411386778294105
3.3015000000000001e-06,0.59917720082290704
3.3019999999999999e-06,0.48931491650657516
3.3025000000000001e-06,0.33466601633349763
3.303e-06,0.20868472118597262
3.3034999999999998e-06,0.1397808388222703
3.304e-06,0.1015208872116469
3.3044999999999999e-06,0.035914932837768532
3.3050000000000001e-06,-0.10409194065261618
3.3054999999999999e-06,-0.3175095385704918
3.3060000000000002e-06,-0.54531949521745626
3.3065e-06,-0.69450816843891605
3.3069999999999998e-06,-0.68420593648240846
3.3075000000000001e-06,-0.48952360716355137
3.3079999999999999e-06,-0.15932385505271215
3.3085000000000002e-06,0.20230665126669883
3.309e-06,0.48195894688609958
3.3094999999999998e-06,0.60677316866902609
3.3100000000000001e-06,0.57287588657776245
3.3104999999999999e-06,0.43852151332373163
3.3110000000000001e-06,0.28691373577813561
3.3115e-06,0.17964673195078351
3.3119999999999998e-06,0.12620860964106817
3.3125e-06,0.085672035307868682
3.3129999999999999e-06,-0.0013041576674745481
3.3135000000000001e-06,-0.1688879487385001
3.3139999999999999e-06,-0.39613255688970683
3.3145000000000002e-06,-0.6085144847645575
3.315e-06,-0.71149615159114077
3.3154999999999999e-06,-0.63887984586760604
3.3160000000000001e-06,-0.39014820268981343
3.3164999999999999e-06,-0.036345669709225634
3.3170000000000002e-06,0.30947380871904284
3.3175e-06,0.54247183686909528
3.3179999999999998e-06,0.61125117948175389
3.3185000000000001e-06,0.53519648058424873
3.3189999999999999e-06,0.38600780736266416
3.3195000000000002e-06,0.24455478156989952
3.32e-06,0.15704017035826506
3.3204999999999998e-06,0.11423502082871272
3.3210000000000001e-06,0.06444009434591555
3.3214999999999999e-06,-0.047970094625484322
3.3220000000000001e-06,-0.24079139838419936
3.3225e-06,-0.47328628134688838
3.3230000000000002e-06,-0.65930788794740358
3.3235e-06,-0.70839602193449813
3.3239999999999999e-06,-0.57335508457097206
3.3245000000000001e-06,-0.27872839831235785
3.3249999999999999e-06,0.085672035307647804
3.3255000000000002e-06,0.40363285028552742
3.326e-06,0.58411386778298258
3.3264999999999998e-06,0.59917720082295267
3.3270000000000001e-06,0.48931491650651177
3.3274999999999999e-06,0.33466601633361359
3.3280000000000002e-06,0.20868472118593057
3.3285e-06,0.13978083882225073
3.3289999999999998e-06,0.10152088721167918
3.3295000000000001e-06,0.035914932837726232
3.3299999999999999e-06,-0.10409194065247518
3.3305000000000001e-06,-0.31750953857031011
3.331e-06,-0.54531949521729772
3.3315000000000002e-06,-0.69450816843895036
3.332e-06,-0.68420593648236339
3.3324999999999999e-06,-0.48952360716376542
3.3330000000000001e-06,-0.15932385505255428
3.3334999999999999e-06,0.20230665126643727
3.3340000000000002e-06,0.48195894688618979
3.3345e-06,0.60677316866904341
3.3349999999999998e-06,0.57287588657783794
3.3355000000000001e-06,0.43852151332366407
3.3359999999999999e-06,0.28691373577824086
3.3365000000000002e-06,0.17964673195084327
3.337e-06,0.12620860964105207
3.3374999999999998e-06,0.085672035307845132
3.3380000000000001e-06,-0.0013041576675287547
3.3384999999999999e-06,-0.16888794873834045
3.3390000000000001e-06,-0.39613255688980842
3.3395e-06,-0.60851448476442371
3.3400000000000002e-06,-0.71149615159114998
3.3405e-06,-0.63887984586753399
3.3409999999999999e-06,-0.3901482026900599
3.3415000000000001e-06,-0.036345669709066081
3.3419999999999999e-06,0.30947380871880764
3.3425000000000002e-06,0.54247183686916156
3.343e-06,0.61125117948174856
3.3434999999999998e-06,0.535196480584194
3.3440000000000001e-06,0.38600780736259638
3.3444999999999999e-06,0.24455478156999069
3.3450000000000002e-06,0.15704017035823956
3.3455e-06,0.11423502082869724
3.3459999999999998e-06,0.064440094345972726
3.3465000000000001e-06,-0.047970094625550991
3.3469999999999999e-06,-0.24079139838429614
3.3475000000000001e-06,-0.4732862813469858
3.348e-06,-0.65930788794730255
3.3484999999999998e-06,-0.70839602193452966
3.349e-06,-0.57335508457087492
3.3494999999999999e-06,-0.27872839831220747
3.3500000000000001e-06,0.085672035307803221
3.3504999999999999e-06,0.40363285028532603
3.3510000000000002e-06,0.5841138677830241
3.3515e-06,0.59917720082292725
3.3519999999999998e-06,0.48931491650662551
3.3525000000000001e-06,0.33466601633354898
3.3529999999999999e-06,0.20868472118588852
3.3535000000000002e-06,0.13978083882223119
3.354e-06,0.10152088721166119
3.3544999999999998e-06,0.035914932837802199
3.3550000000000001e-06,-0.10409194065255373
3.3554999999999999e-06,-0.31750953857041136
3.3560000000000001e-06,-0.54531949521738599
3.3565e-06,-0.69450816843888885
3.3569999999999998e-06,-0.68420593648244432
3.3575e-06,-0.48952360716364618
3.3579999999999999e-06,-0.15932385505283769
3.3585000000000001e-06,0.20230665126658298
3.3589999999999999e-06,0.48195894688627999
3.3595000000000002e-06,0.60677316866906061
3.36e-06,0.57287588657779598
3.3604999999999998e-06,0.43852151332378531
3.3610000000000001e-06,0.28691373577818224
3.3614999999999999e-06,0.17964673195080999
3.3620000000000002e-06,0.12620860964103603
3.3625e-06,0.085672035307821581
3.3629999999999998e-06,-0.0013041576674314714
3.3635000000000001e-06,-0.16888794873842938
3.3639999999999999e-06,-0.39613255688962601
3.3645000000000001e-06,-0.60851448476449832
3.365e-06,-0.71149615159115931
3.3654999999999998e-06,-0.63887984586766333
3.366e-06,-0.39014820268992262
3.3664999999999999e-06,-0.036345669709352532
3.3670000000000001e-06,0.30947380871893865
3.3674999999999999e-06,0.54247183686904266
3.3680000000000002e-06,0.61125117948174323
3.3685e-06,0.53519648058413904
3.3689999999999998e-06,0.38600780736271806
3.3695000000000001e-06,0.2445547815699399
3.3699999999999999e-06,0.15704017035828532
3.3705000000000002e-06,0.11423502082868177
3.371e-06,0.064440094345940876
3.3714999999999998e-06,-0.047970094625431364
3.3720000000000001e-06,-0.24079139838412239
3.3724999999999999e-06,-0.473286281346811
3.3730000000000001e-06,-0.65930788794735895
3.3735e-06,-0.70839602193451201
3.3739999999999998e-06,-0.57335508457104933
3.3745e-06,-0.27872839831205715
3.3749999999999999e-06,0.085672035307524222
3.3755000000000001e-06,0.40363285028543827
3.3759999999999999e-06,0.58411386778294949
3.3765000000000002e-06,0.59917720082290193
3.377e-06,0.48931491650656211
3.3774999999999998e-06,0.334666016333665
3.3780000000000001e-06,0.20868472118584661
3.3784999999999999e-06,0.13978083882226625
3.3790000000000002e-06,0.10152088721164321
3.3795e-06,0.035914932837759872
3.3799999999999998e-06,-0.10409194065241278
3.3805000000000001e-06,-0.31750953857051256
3.3809999999999999e-06,-0.54531949521722745
3.3815000000000002e-06,-0.69450816843892305
3.382e-06,-0.68420593648239925
3.3824999999999998e-06,-0.48952360716352694
3.3830000000000001e-06,-0.15932385505267982
3.3834999999999999e-06,0.20230665126632141
3.3840000000000001e-06,0.4819589468863702
3.3845e-06,0.60677316866902964
3.3850000000000002e-06,0.57287588657775379
3.3855e-06,0.43852151332371775
3.3859999999999999e-06,0.28691373577828749
3.3865000000000001e-06,0.17964673195077668
3.3869999999999999e-06,0.12620860964106484
3.3875000000000002e-06,0.085672035307863853
3.388e-06,-0.0013041576674856781
3.3884999999999998e-06,-0.16888794873851828
3.3890000000000001e-06,-0.39613255688972765
3.3894999999999999e-06,-0.60851448476436443
3.3900000000000002e-06,-0.71149615159116864
3.3905e-06,-0.63887984586759128
3.3909999999999998e-06,-0.39014820268978534
3.3915000000000001e-06,-0.036345669709192958
3.3919999999999999e-06,0.30947380871870345
3.3925000000000001e-06,0.54247183686910883
3.393e-06,0.61125117948175289
3.3935000000000002e-06,0.53519648058408442
3.394e-06,0.38600780736265028
3.3944999999999999e-06,0.24455478156988913
3.3950000000000001e-06,0.15704017035825985
3.3954999999999999e-06,0.11423502082870954
3.3960000000000002e-06,0.064440094345908999
3.3965e-06,-0.047970094625498005
3.3969999999999998e-06,-0.24079139838421915
3.3975000000000001e-06,-0.47328628134690837
3.3979999999999999e-06,-0.65930788794741524
3.3985000000000002e-06,-0.70839602193449447
3.399e-06,-0.57335508457095219
3.3994999999999998e-06,-0.27872839831232704
3.4000000000000001e-06,0.085672035307679639
3.4004999999999999e-06,0.4036328502855504
3.4010000000000001e-06,0.58411386778299101
3.4015e-06,0.59917720082294756
3.4020000000000002e-06,0.48931491650649889
3.4025e-06,0.33466601633360038
3.4029999999999999e-06,0.20868472118592193
3.4035000000000001e-06,0.13978083882224671
3.4039999999999999e-06,0.10152088721162525
3.4045000000000002e-06,0.035914932837717545
3.405e-06,-0.10409194065249125
3.4054999999999998e-06,-0.31750953857033082
3.4060000000000001e-06,-0.54531949521731582
3.4064999999999999e-06,-0.69450816843895735
3.4070000000000002e-06,-0.68420593648235417
3.4075e-06,-0.48952360716374099
3.4079999999999998e-06,-0.1593238550529632
3.4085000000000001e-06,0.20230665126646713
3.4089999999999999e-06,0.48195894688620827
3.4095000000000001e-06,0.60677316866904685
3.41e-06,0.57287588657771171
3.4105000000000002e-06,0.4385215133236503
3.411e-06,0.28691373577822887
3.4114999999999999e-06,0.17964673195083644
3.4120000000000001e-06,0.12620860964104882
3.4124999999999999e-06,0.085672035307840302
3.4130000000000002e-06,-0.0013041576675398847
3.4135e-06,-0.16888794873860719
3.4139999999999998e-06,-0.3961325568895453
3.4145000000000001e-06,-0.60851448476443903
3.4149999999999999e-06,-0.71149615159115198
3.4155000000000002e-06,-0.63887984586751922
3.416e-06,-0.39014820268964806
3.4164999999999998e-06,-0.036345669709479417
3.4170000000000001e-06,0.30947380871883445
3.4174999999999999e-06,0.54247183686898992
3.4180000000000001e-06,0.61125117948174756
3.4185e-06,0.53519648058418268
3.4189999999999998e-06,0.38600780736277202
3.4195e-06,0.24455478156983831
3.4199999999999999e-06,0.15704017035830561
3.4205000000000001e-06,0.11423502082869409
3.4209999999999999e-06,0.064440094345966176
3.4215000000000002e-06,-0.047970094625564619
3.422e-06,-0.24079139838431593
3.4224999999999998e-06,-0.47328628134673356
3.4230000000000001e-06,-0.6593078879473141
3.4234999999999999e-06,-0.708396021934526
3.4240000000000002e-06,-0.57335508457085493
3.4245e-06,-0.27872839831217666
3.4249999999999998e-06,0.08567203530740064
3.4255000000000001e-06,0.40363285028566259
3.4259999999999999e-06,0.58411386778291652
3.4265000000000001e-06,0.59917720082292214
3.427e-06,0.48931491650661252
3.4274999999999998e-06,0.3346660163337164
3.428e-06,0.20868472118587994
3.4284999999999999e-06,0.13978083882228184
3.4290000000000001e-06,0.1015208872116575
3.4294999999999999e-06,0.035914932837793512
3.4300000000000002e-06,-0.10409194065256983
3.4305e-06,-0.31750953857043207
3.4309999999999998e-06,-0.54531949521715728
3.4315000000000001e-06,-0.69450816843899166
3.4319999999999999e-06,-0.68420593648243511
3.4325000000000002e-06,-0.4895236071636217
3.433e-06,-0.15932385505280536
3.4334999999999998e-06,0.20230665126661285
3.4340000000000001e-06,0.48195894688629848
3.4344999999999999e-06,0.60677316866901576
3.4350000000000001e-06,0.57287588657766964
3.4355e-06,0.43852151332377154
3.4359999999999998e-06,0.28691373577817025
3.4365e-06,0.17964673195080316
3.4369999999999999e-06,0.12620860964107763
3.4375000000000001e-06,0.085672035307816766
3.4379999999999999e-06,-0.0013041576674425737
3.4385000000000002e-06,-0.16888794873844762
3.439e-06,-0.39613255688964688
3.4394999999999998e-06,-0.60851448476451353
3.4400000000000001e-06,-0.7114961515911612
3.4404999999999999e-06,-0.63887984586764857
3.4410000000000002e-06,-0.39014820268951078
3.4415e-06,-0.036345669709319843
3.4419999999999998e-06,0.30947380871896546
3.4425000000000001e-06,0.54247183686905609
3.4429999999999999e-06,0.61125117948175711
3.4435000000000001e-06,0.53519648058412783
3.444e-06,0.38600780736270424
3.4444999999999998e-06,0.24455478156992949
3.4450000000000001e-06,0.15704017035828013
3.4454999999999999e-06,0.11423502082867862
3.4460000000000001e-06,0.06444009434593434
3.4465e-06,-0.047970094625444992
3.4470000000000002e-06,-0.24079139838441269
3.4475e-06,-0.47328628134683093
3.4479999999999999e-06,-0.6593078879473705
3.4485000000000001e-06,-0.70839602193450846
3.4489999999999999e-06,-0.57335508457102946
3.4495000000000002e-06,-0.27872839831202634
3.45e-06,0.085672035307556058
3.4504999999999998e-06,0.40363285028546125
3.4510000000000001e-06,0.58411386778295804
3.4514999999999999e-06,0.59917720082289672
3.4520000000000002e-06,0.48931491650654924
3.4525e-06,0.33466601633365173
3.4529999999999998e-06,0.20868472118595541
3.4535000000000001e-06,0.13978083882226225
3.4539999999999999e-06,0.10152088721163953
3.4545000000000001e-06,0.035914932837751185
3.455e-06,-0.10409194065264829
3.4555000000000002e-06,-0.31750953857053332
3.456e-06,-0.54531949521724554
3.4564999999999999e-06,-0.69450816843893015
3.4570000000000001e-06,-0.68420593648239003
3.4574999999999999e-06,-0.48952360716350252
3.4580000000000002e-06,-0.15932385505264748
3.4585e-06,0.20230665126635122
3.4589999999999998e-06,0.48195894688613655
3.4595000000000001e-06,0.60677316866903308
3.4599999999999999e-06,0.57287588657774513
3.4605000000000002e-06,0.43852151332370393
3.461e-06,0.28691373577811163
3.4614999999999998e-06,0.17964673195086286
3.4620000000000001e-06,0.12620860964106156
3.4624999999999999e-06,0.085672035307859024
3.4630000000000001e-06,-0.0013041576674967525
3.4635e-06,-0.16888794873853652
3.4640000000000002e-06,-0.39613255688974847
3.4645e-06,-0.60851448476437975
3.4649999999999999e-06,-0.71149615159114454
3.4655000000000001e-06,-0.63887984586757651
3.4659999999999999e-06,-0.3901482026897572
3.4665000000000002e-06,-0.036345669709160276
3.467e-06,0.30947380871909647
3.4674999999999998e-06,0.54247183686893719
3.4680000000000001e-06,0.61125117948175178
3.4684999999999999e-06,0.53519648058422631
3.4690000000000002e-06,0.3860078073626364
3.4695e-06,0.24455478156987873
3.4699999999999998e-06,0.1570401703583259
3.4705000000000001e-06,0.11423502082866314
3.4709999999999999e-06,0.064440094345991517
3.4715000000000001e-06,-0.047970094625511661
3.472e-06,-0.24079139838423899
3.4725000000000002e-06,-0.47328628134692829
3.473e-06,-0.65930788794742679
3.4734999999999999e-06,-0.70839602193453999
3.4740000000000001e-06,-0.57335508457093221
3.4744999999999999e-06,-0.27872839831229623
3.4750000000000002e-06,0.085672035307711461
3.4755e-06,0.40363285028557339
3.4759999999999998e-06,0.58411386778288343
3.4765000000000001e-06,0.59917720082287129
3.4769999999999999e-06,0.48931491650666281
3.4775000000000002e-06,0.33466601633358717
3.478e-06,0.20868472118591336
3.4784999999999998e-06,0.13978083882229736
3.4790000000000001e-06,0.10152088721162156
3.4794999999999999e-06,0.035914932837827152
3.4800000000000001e-06,-0.10409194065250738
3.4805e-06,-0.31750953857035158
3.4809999999999998e-06,-0.54531949521733392
3.4815e-06,-0.69450816843896435
3.4819999999999999e-06,-0.68420593648247097
3.4825000000000001e-06,-0.48952360716338317
3.4829999999999999e-06,-0.1593238550529309
3.4835000000000002e-06,0.20230665126649694
3.484e-06,0.48195894688622676
3.4844999999999998e-06,0.60677316866900199
3.4850000000000001e-06,0.57287588657770305
3.4854999999999999e-06,0.43852151332382522
3.4860000000000002e-06,0.28691373577805301
3.4865e-06,0.17964673195082961
3.4869999999999998e-06,0.12620860964104552
3.4875000000000001e-06,0.085672035307835487
3.4879999999999999e-06,-0.0013041576673994415
3.4885000000000001e-06,-0.16888794873862537
3.489e-06,-0.39613255688956611
3.4894999999999998e-06,-0.60851448476445424
3.49e-06,-0.71149615159115376
3.4904999999999999e-06,-0.63887984586750446
3.4910000000000001e-06,-0.39014820268961992
3.4914999999999999e-06,-0.036345669709446735
3.4920000000000002e-06,0.30947380871922753
3.4925e-06,0.54247183686900347
3.4929999999999998e-06,0.61125117948174645
3.4935000000000001e-06,0.53519648058417146
3.4939999999999999e-06,0.38600780736275808
3.4945000000000002e-06,0.24455478156982791
3.495e-06,0.1570401703583004
3.4954999999999998e-06,0.11423502082869091
3.4960000000000001e-06,0.064440094345959681
3.4964999999999999e-06,-0.047970094625578247
3.4970000000000001e-06,-0.24079139838433572
3.4975e-06,-0.47328628134675349
3.4979999999999998e-06,-0.65930788794732575
3.4985e-06,-0.70839602193452245
3.4989999999999999e-06,-0.57335508457083506
3.4995000000000001e-06,-0.27872839831214591
3.4999999999999999e-06,0.085672035307432476
3.5005000000000002e-06,0.40363285028568557
3.501e-06,0.58411386778292496
3.5014999999999998e-06,0.59917720082291692
3.5020000000000001e-06,0.48931491650659958
3.5024999999999999e-06,0.33466601633352255
3.5030000000000002e-06,0.20868472118587136
3.5035e-06,0.13978083882227776
3.5039999999999998e-06,0.10152088721165381
3.5045000000000001e-06,0.035914932837784852
3.5049999999999999e-06,-0.1040919406525859
3.5055000000000001e-06,-0.31750953857045283
3.506e-06,-0.54531949521742218
3.5064999999999998e-06,-0.69450816843890273
3.507e-06,-0.68420593648242589
3.5074999999999999e-06,-0.48952360716359727
3.5080000000000001e-06,-0.15932385505277299
3.5085e-06,0.20230665126664266
3.5090000000000002e-06,0.48195894688631696
3.5095e-06,0.60677316866901931
3.5099999999999999e-06,0.57287588657777855
3.5105000000000001e-06,0.43852151332375761
3.5109999999999999e-06,0.28691373577815826
3.5115000000000002e-06,0.17964673195079633
3.512e-06,0.12620860964102948
3.5124999999999998e-06,0.085672035307877745
3.5130000000000001e-06,-0.0013041576674536481
3.5134999999999999e-06,-0.16888794873846583
3.5140000000000002e-06,-0.3961325568896677
3.5145e-06,-0.60851448476452885
3.5149999999999998e-06,-0.7114961515911371
3.5155000000000001e-06,-0.6388798458676338
3.5159999999999999e-06,-0.39014820268986633
3.5165000000000001e-06,-0.036345669709287161
3.517e-06,0.30947380871899233
3.5175000000000002e-06,0.54247183686906975
3.518e-06,0.61125117948174101
3.5184999999999999e-06,0.53519648058426983
3.5190000000000001e-06,0.3860078073626903
3.5194999999999999e-06,0.24455478156991908
3.5200000000000002e-06,0.15704017035827492
3.5205e-06,0.11423502082867547
3.5209999999999998e-06,0.064440094346016802
3.5215000000000001e-06,-0.047970094625644888
3.5219999999999999e-06,-0.24079139838416203
3.5225000000000002e-06,-0.47328628134685086
3.523e-06,-0.65930788794738193
3.5234999999999998e-06,-0.70839602193455398
3.5240000000000001e-06,-0.57335508457073792
3.5244999999999999e-06,-0.2787283983124158
3.5250000000000001e-06,0.085672035307587865
3.5255e-06,0.40363285028548423
3.5260000000000002e-06,0.58411386778296648
3.5265e-06,0.5991772008228915
3.5269999999999999e-06,0.48931491650671322
3.5275000000000001e-06,0.33466601633345794
3.5279999999999999e-06,0.20868472118594672
3.5285000000000002e-06,0.13978083882225828
3.529e-06,0.10152088721163585
3.5294999999999998e-06,0.035914932837860847
3.5300000000000001e-06,-0.10409194065266444
3.5304999999999999e-06,-0.31750953857027109
3.5310000000000002e-06,-0.54531949521726353
3.5315e-06,-0.69450816843893715
3.5319999999999998e-06,-0.68420593648238082
3.5325000000000001e-06,-0.48952360716347809
3.5329999999999999e-06,-0.15932385505305643
3.5335000000000001e-06,0.20230665126678837
3.534e-06,0.48195894688615504
3.5345000000000002e-06,0.60677316866903674
3.535e-06,0.57287588657773647
3.5354999999999999e-06,0.4385215133238789
3.5360000000000001e-06,0.28691373577809964
3.5364999999999999e-06,0.17964673195085609
3.5370000000000002e-06,0.12620860964105829
3.5375e-06,0.085672035307854208
3.5379999999999998e-06,-0.0013041576675078825
3.5385000000000001e-06,-0.16888794873855476
3.5389999999999999e-06,-0.39613255688948529
3.5395000000000002e-06,-0.60851448476460335
3.54e-06,-0.71149615159114654
3.5404999999999998e-06,-0.63887984586756175
3.5410000000000001e-06,-0.39014820268972911
3.5414999999999999e-06,-0.036345669709573626
3.5420000000000001e-06,0.30947380871912333
3.5425e-06,0.54247183686895084
3.5429999999999998e-06,0.61125117948175056
3.5435e-06,0.5351964805842151
3.5439999999999999e-06,0.38600780736262252
3.5445000000000001e-06,0.24455478156986832
3.5449999999999999e-06,0.15704017035832066
3.5455000000000002e-06,0.11423502082865999
3.546e-06,0.064440094345984994
3.5464999999999998e-06,-0.047970094625525345
3.5470000000000001e-06,-0.24079139838425884
3.5474999999999999e-06,-0.47328628134694822
3.5480000000000002e-06,-0.65930788794743833
3.5485e-06,-0.70839602193453644
3.5489999999999998e-06,-0.57335508457091233
3.5495000000000001e-06,-0.27872839831226542
3.5499999999999999e-06,0.085672035307743297
3.5505000000000001e-06,0.40363285028559637
3.551e-06,0.58411386778289187
3.5514999999999998e-06,0.59917720082293713
3.552e-06,0.48931491650664982
3.5524999999999999e-06,0.33466601633357396
3.5530000000000001e-06,0.20868472118590478
3.5534999999999999e-06,0.13978083882223871
3.5540000000000002e-06,0.10152088721161785
3.5545e-06,0.035914932837818492
3.5549999999999998e-06,-0.10409194065252347
3.5555000000000001e-06,-0.31750953857037234
3.5559999999999999e-06,-0.54531949521735201
3.5565000000000002e-06,-0.69450816843897134
3.557e-06,-0.68420593648246175
3.5574999999999998e-06,-0.48952360716369214
3.5580000000000001e-06,-0.15932385505289856
3.5584999999999999e-06,0.2023066512665268
3.5590000000000001e-06,0.48195894688624524
3.5595e-06,0.60677316866905395
3.5599999999999998e-06,0.57287588657781208
3.5605e-06,0.4385215133238114
3.5609999999999999e-06,0.28691373577820489
3.5615000000000001e-06,0.17964673195082284
3.5619999999999999e-06,0.12620860964104225
3.5625000000000002e-06,0.085672035307830671
3.563e-06,-0.0013041576675621169
3.5634999999999998e-06,-0.16888794873839511
3.5640000000000001e-06,-0.39613255688958687
3.5644999999999999e-06,-0.60851448476446957
3.5650000000000002e-06,-0.71149615159115587
3.5655e-06,-0.63887984586748969
3.5659999999999998e-06,-0.39014820268997552
3.5665000000000001e-06,-0.036345669709414052
3.5669999999999999e-06,0.30947380871888813
3.5675000000000001e-06,0.54247183686901701
3.568e-06,0.61125117948174534
3.5684999999999998e-06,0.53519648058431346
3.569e-06,0.38600780736255469
3.5694999999999999e-06,0.24455478156995955
3.5700000000000001e-06,0.15704017035829518
3.5705e-06,0.11423502082868774
3.5710000000000002e-06,0.064440094345953144
3.5715e-06,-0.04797009462559193
3.5719999999999999e-06,-0.24079139838408509
3.5725000000000001e-06,-0.47328628134677342
3.5729999999999999e-06,-0.65930788794733719
3.5735000000000002e-06,-0.70839602193451889
3.574e-06,-0.57335508457081508
3.5744999999999998e-06,-0.27872839831253532
3.5750000000000001e-06,0.085672035307898714
3.5754999999999999e-06,0.40363285028539497
3.5760000000000002e-06,0.5841138677829335
3.5765e-06,0.5991772008229117
3.5769999999999998e-06,0.48931491650676356
3.5775000000000001e-06,0.33466601633350934
3.5779999999999999e-06,0.20868472118598022
3.5785000000000001e-06,0.1397808388222192
3.579e-06,0.10152088721165015
3.5795000000000002e-06,0.035914932837776165
3.58e-06,-0.10409194065260194
3.5804999999999999e-06,-0.3175095385701906
3.5810000000000001e-06,-0.54531949521744028
3.5814999999999999e-06,-0.69450816843890995
3.5820000000000002e-06,-0.68420593648241668
3.5825e-06,-0.4895236071635729
3.5829999999999998e-06,-0.15932385505274069
3.5835000000000001e-06,0.20230665126667247
3.5839999999999999e-06,0.48195894688608332
3.5845000000000002e-06,0.60677316866907127
3.585e-06,0.57287588657777
3.5854999999999998e-06,0.43852151332374384
3.5860000000000001e-06,0.28691373577814622
3.5864999999999999e-06,0.17964673195088254
3.5870000000000001e-06,0.1262086096410262
3.5875e-06,0.085672035307872943
3.5880000000000002e-06,-0.0013041576674647504
3.5885e-06,-0.16888794873848401
3.5889999999999999e-06,-0.39613255688968846
3.5895000000000001e-06,-0.60851448476454406
3.5899999999999999e-06,-0.7114961515911391
3.5905000000000002e-06,-0.63887984586741764
3.591e-06,-0.3901482026898383
3.5914999999999998e-06,-0.036345669709254479
3.5920000000000001e-06,0.30947380871901919
3.5924999999999999e-06,0.54247183686889811
3.5930000000000002e-06,0.6112511794817399
3.5935e-06,0.53519648058425862
3.5939999999999998e-06,0.38600780736267637
3.5945000000000001e-06,0.24455478156990867
3.5949999999999999e-06,0.1570401703582697
3.5955000000000001e-06,0.11423502082867229
3.596e-06,0.064440094346010307
3.5965000000000002e-06,-0.047970094625658516
3.597e-06,-0.24079139838418184
3.5974999999999999e-06,-0.47328628134687079
3.5980000000000001e-06,-0.65930788794739348
3.5984999999999999e-06,-0.70839602193450135
3.5990000000000002e-06,-0.57335508457071804
3.5995e-06,-0.278728398312385
3.5999999999999998e-06,0.085672035307619715
3.6005000000000001e-06,0.40363285028550716
3.6009999999999999e-06,0.58411386778297503
3.6015000000000002e-06,0.59917720082288628
3.602e-06,0.48931491650670017
3.6024999999999998e-06,0.3346660163336253
3.6030000000000001e-06,0.20868472118593812
3.6034999999999999e-06,0.13978083882225428
3.6040000000000001e-06,0.10152088721163216
3.6045e-06,0.035914932837733865
3.6049999999999998e-06,-0.10409194065246102
3.6055e-06,-0.31750953857029185
3.6059999999999999e-06,-0.54531949521728174
3.6065000000000001e-06,-0.69450816843894403
3.6069999999999999e-06,-0.6842059364823716
3.6075000000000002e-06,-0.48952360716345356
3.608e-06,-0.15932385505302407
3.6084999999999998e-06,0.20230665126641093
3.6090000000000001e-06,0.48195894688617347
3.6094999999999999e-06,0.60677316866904019
3.6100000000000002e-06,0.57287588657772803
3.6105e-06,0.43852151332367623
3.6109999999999998e-06,0.28691373577825152
3.6115000000000001e-06,0.17964673195084926
3.6119999999999999e-06,0.12620860964105501
3.6125000000000001e-06,0.085672035307849392
3.613e-06,-0.0013041576675189848
3.6134999999999998e-06,-0.16888794873832441
3.614e-06,-0.39613255688979004
3.6144999999999999e-06,-0.60851448476441039
3.6150000000000001e-06,-0.71149615159114843
3.6154999999999999e-06,-0.63887984586754698
3.6160000000000002e-06,-0.39014820268970096
3.6165e-06,-0.036345669709094912
3.6169999999999998e-06,0.30947380871878394
3.6175000000000001e-06,0.54247183686896439
3.6179999999999999e-06,0.61125117948174956
3.6185000000000002e-06,0.53519648058420388
3.619e-06,0.38600780736260859
3.6194999999999998e-06,0.24455478156999991
3.6200000000000001e-06,0.15704017035824414
3.6204999999999999e-06,0.11423502082870006
3.6210000000000001e-06,0.064440094345978471
3.6215e-06,-0.047970094625538945
3.6219999999999998e-06,-0.24079139838400812
3.6225e-06,-0.47328628134696815
3.6229999999999999e-06,-0.65930788794729234
3.6235000000000001e-06,-0.70839602193453277
3.6239999999999999e-06,-0.57335508457089246
3.6245000000000002e-06,-0.27872839831223462
3.625e-06,0.085672035307775132
3.6254999999999998e-06,0.40363285028530582
3.6260000000000001e-06,0.58411386778301666
3.6264999999999999e-06,0.59917720082293191
3.6270000000000002e-06,0.48931491650663694
3.6275e-06,0.33466601633356069
3.6279999999999998e-06,0.20868472118601356
3.6285000000000001e-06,0.13978083882223472
3.6289999999999999e-06,0.10152088721166444
3.6295000000000001e-06,0.035914932837809804
3.63e-06,-0.10409194065253954
3.6304999999999998e-06,-0.3175095385703931
3.631e-06,-0.54531949521737
3.6314999999999999e-06,-0.69450816843888263
3.6320000000000001e-06,-0.68420593648232653
3.6324999999999999e-06,-0.48952360716366772
3.6330000000000002e-06,-0.15932385505286623
3.6335e-06,0.20230665126655661
3.6339999999999999e-06,0.4819589468860116
3.6345000000000001e-06,0.60677316866905751
3.6349999999999999e-06,0.57287588657780342
3.6355000000000002e-06,0.43852151332360878
3.636e-06,0.2869137357781929
3.6364999999999998e-06,0.17964673195081596
3.6370000000000001e-06,0.12620860964103894
3.6374999999999999e-06,0.085672035307891664
3.6380000000000002e-06,-0.0013041576675731636
3.6385e-06,-0.16888794873841334
3.6389999999999998e-06,-0.39613255688960769
3.6395000000000001e-06,-0.60851448476448478
3.6399999999999999e-06,-0.71149615159115764
3.6405000000000001e-06,-0.63887984586747493
3.641e-06,-0.39014820268994743
3.6415000000000002e-06,-0.036345669708935359
3.642e-06,0.30947380871891494
3.6424999999999999e-06,0.54247183686903055
3.6430000000000001e-06,0.61125117948174423
3.6434999999999999e-06,0.53519648058430225
3.6440000000000002e-06,0.38600780736254081
3.6445e-06,0.24455478156994909
3.6449999999999998e-06,0.15704017035828996
3.6455000000000001e-06,0.11423502082868459
3.6459999999999999e-06,0.064440094345946608
3.6465000000000002e-06,-0.047970094625605531
3.647e-06,-0.24079139838410488
3.6474999999999998e-06,-0.4732862813467934
3.6480000000000001e-06,-0.65930788794734874
3.6484999999999999e-06,-0.70839602193451523
3.6490000000000001e-06,-0.57335508457079531
3.6495e-06,-0.27872839831250451
3.6500000000000002e-06,0.085672035307930536
3.6505e-06,0.40363285028541795
3.6509999999999999e-06,0.58411386778294194
3.6515000000000001e-06,0.59917720082290649
3.6519999999999999e-06,0.48931491650657372
3.6525000000000002e-06,0.33466601633349613
3.653e-06,0.20868472118597159
3.6534999999999998e-06,0.13978083882226983
3.6540000000000001e-06,0.10152088721164645
3.6544999999999999e-06,0.035914932837767505
3.6550000000000002e-06,-0.10409194065261806
3.6555e-06,-0.31750953857049424
3.6559999999999998e-06,-0.54531949521721146
3.6565000000000001e-06,-0.69450816843891694
3.6569999999999999e-06,-0.68420593648240735
3.6575000000000001e-06,-0.48952360716354848
3.658e-06,-0.15932385505270832
3.6585000000000002e-06,0.20230665126670233
3.659e-06,0.48195894688610175
3.6594999999999999e-06,0.60677316866902642
3.6600000000000001e-06,0.57287588657776145
3.6604999999999999e-06,0.43852151332373002
3.6610000000000002e-06,0.28691373577813417
3.6615e-06,0.17964673195078268
3.6619999999999998e-06,0.12620860964106778
3.6625000000000001e-06,0.085672035307868113
3.6629999999999999e-06,-0.0013041576674758526
3.6635000000000002e-06,-0.16888794873850216
3.664e-06,-0.39613255688970933
3.6644999999999998e-06,-0.60851448476435099
3.6650000000000001e-06,-0.7114961515911411
3.6654999999999999e-06,-0.63887984586760438
3.6660000000000001e-06,-0.3901482026898101
3.6665e-06,-0.03634566970922179
3.6669999999999998e-06,0.3094738087186798
3.6675e-06,0.54247183686909684
3.6679999999999999e-06,0.61125117948175389
3.6685000000000001e-06,0.5351964805842474
3.6689999999999999e-06,0.38600780736266249
3.6695000000000002e-06,0.24455478156989827
3.67e-06,0.15704017035826442
3.6704999999999998e-06,0.11423502082871233
3.6710000000000001e-06,0.064440094345914772
3.6714999999999999e-06,-0.047970094625485932
3.6720000000000002e-06,-0.24079139838420163
3.6725e-06,-0.47328628134689077
3.6729999999999998e-06,-0.65930788794724771
3.6735000000000001e-06,-0.70839602193449769
3.6739999999999999e-06,-0.57335508457096973
3.6745000000000001e-06,-0.27872839831235419
3.675e-06,0.085672035307651551
3.6754999999999998e-06,0.4036328502855302
3.676e-06,0.58411386778298358
3.6764999999999999e-06,0.59917720082295212
3.6770000000000001e-06,0.48931491650651032
3.6774999999999999e-06,0.33466601633361204
3.6780000000000002e-06,0.20868472118592954
3.6785e-06,0.13978083882225026
3.6789999999999998e-06,0.10152088721167873
3.6795000000000001e-06,0.035914932837725178
3.6799999999999999e-06,-0.10409194065247709
3.6805000000000002e-06,-0.31750953857031256
3.681e-06,-0.54531949521729983
3.6814999999999998e-06,-0.69450816843895125
3.6820000000000001e-06,-0.68420593648236228
3.6824999999999999e-06,-0.48952360716376253
3.6830000000000001e-06,-0.15932385505255048
3.6835e-06,0.20230665126644082
3.6839999999999998e-06,0.48195894688619201
3.6845e-06,0.60677316866904374
3.6849999999999999e-06,0.57287588657783695
3.6855000000000001e-06,0.43852151332366246
3.6859999999999999e-06,0.28691373577823948
3.6865000000000002e-06,0.1796467319507494
3.687e-06,0.12620860964105174
3.6874999999999998e-06,0.085672035307844577
3.6880000000000001e-06,-0.001304157667530087
3.6884999999999999e-06,-0.16888794873834265
3.6890000000000002e-06,-0.39613255688981092
3.6895e-06,-0.6085144847644256
3.6899999999999998e-06,-0.71149615159115021
3.6905000000000001e-06,-0.63887984586753221
3.6909999999999999e-06,-0.39014820268967287
3.6915000000000001e-06,-0.03634566970906223
3.692e-06,0.30947380871881081
3.6924999999999998e-06,0.54247183686897793
3.693e-06,0.61125117948174845
3.6934999999999999e-06,0.53519648058419267
3.6940000000000001e-06,0.38600780736259466
3.6944999999999999e-06,0.2445547815699895
3.6950000000000002e-06,0.15704017035823897
3.6955e-06,0.11423502082869688
3.6959999999999998e-06,0.064440094345971949
3.6965000000000001e-06,-0.047970094625552573
3.6969999999999999e-06,-0.24079139838429844
3.6975000000000002e-06,-0.47328628134698814
3.698e-06,-0.65930788794730399
3.6984999999999998e-06,-0.70839602193452922
3.6990000000000001e-06,-0.57335508457087259
3.6994999999999999e-06,-0.27872839831220386
3.7000000000000002e-06,0.085672035307806954
3.7005e-06,0.4036328502853288
3.7009999999999998e-06,0.58411386778290897
3.7015000000000001e-06,0.59917720082292669
3.7019999999999999e-06,0.48931491650662395
3.7025000000000001e-06,0.33466601633354742
3.703e-06,0.20868472118588757
3.7035000000000002e-06,0.13978083882223072
3.704e-06,0.10152088721166076
3.7044999999999999e-06,0.035914932837801172
3.7050000000000001e-06,-0.10409194065255556
3.7054999999999999e-06,-0.31750953857041386
3.7060000000000002e-06,-0.54531949521738821
3.7065e-06,-0.69450816843898533
3.7069999999999998e-06,-0.68420593648244332
3.7075000000000001e-06,-0.48952360716364329
3.7079999999999999e-06,-0.15932385505283386
3.7085000000000002e-06,0.20230665126658648
3.709e-06,0.48195894688628216
3.7094999999999998e-06,0.60677316866901265
3.7100000000000001e-06,0.57287588657779498
3.7104999999999999e-06,0.43852151332378375
3.7110000000000001e-06,0.2869137357781808
3.7115e-06,0.17964673195080916
3.7120000000000002e-06,0.12620860964103564
3.7125e-06,0.085672035307821012
3.7129999999999999e-06,-0.0013041576674327482
3.7135000000000001e-06,-0.16888794873843155
3.7139999999999999e-06,-0.39613255688962851
3.7145000000000002e-06,-0.6085144847645001
3.715e-06,-0.71149615159115953
3.7154999999999998e-06,-0.63887984586766167
3.7160000000000001e-06,-0.39014820268991934
3.7164999999999999e-06,-0.036345669709348681
3.7170000000000002e-06,0.30947380871894181
3.7175e-06,0.54247183686904421
3.7179999999999998e-06,0.61125117948175811
3.7185000000000001e-06,0.53519648058413782
3.7189999999999999e-06,0.38600780736271639
3.7195000000000001e-06,0.24455478156993868
3.72e-06,0.15704017035828474
3.7205000000000002e-06,0.11423502082868141
3.721e-06,0.064440094345940085
3.7214999999999999e-06,-0.047970094625432974
3.7220000000000001e-06,-0.24079139838439517
3.7224999999999999e-06,-0.47328628134681333
3.7230000000000002e-06,-0.65930788794736017
3.7235e-06,-0.70839602193451168
3.7239999999999998e-06,-0.573355084571047
3.7245000000000001e-06,-0.27872839831205354
3.7249999999999999e-06,0.085672035307527969
3.7255000000000002e-06,0.40363285028544094
3.726e-06,0.58411386778295049
3.7264999999999998e-06,0.59917720082290127
3.7270000000000001e-06,0.48931491650656067
3.7274999999999999e-06,0.33466601633366344
3.7280000000000001e-06,0.20868472118584552
3.7285e-06,0.13978083882226583
3.7290000000000002e-06,0.10152088721164278
3.7295e-06,0.035914932837758845
3.7299999999999999e-06,-0.10409194065241464
3.7305000000000001e-06,-0.317509538570515
3.7309999999999999e-06,-0.54531949521722967
3.7315000000000002e-06,-0.69450816843892382
3.732e-06,-0.68420593648239814
3.7324999999999998e-06,-0.489523607163524
3.7330000000000001e-06,-0.15932385505267602
3.7334999999999999e-06,0.20230665126632491
3.7340000000000002e-06,0.48195894688637242
3.7345e-06,0.60677316866902997
3.7349999999999998e-06,0.57287588657775279
3.7355000000000001e-06,0.43852151332371614
3.7359999999999999e-06,0.28691373577828616
3.7365000000000001e-06,0.17964673195077588
3.737e-06,0.12620860964106448
3.7374999999999998e-06,0.085672035307863284
3.738e-06,-0.0013041576674869548
3.7384999999999999e-06,-0.16888794873852042
3.7390000000000001e-06,-0.39613255688973009
3.7394999999999999e-06,-0.6085144847643662
3.7400000000000002e-06,-0.71149615159116886
3.7405e-06,-0.63887984586758961
3.7409999999999998e-06,-0.39014820268978201
3.7415000000000001e-06,-0.036345669709189107
3.7419999999999999e-06,0.30947380871870667
3.7425000000000002e-06,0.54247183686911049
3.743e-06,0.61125117948175278
3.7434999999999998e-06,0.53519648058423619
3.7440000000000001e-06,0.38600780736264861
3.7444999999999999e-06,0.24455478156988791
3.7450000000000001e-06,0.15704017035825918
3.7455e-06,0.11423502082870918
3.7459999999999998e-06,0.064440094345997262
3.7465e-06,-0.047970094625499615
3.7469999999999999e-06,-0.24079139838422153
3.7475000000000001e-06,-0.4732862813469107
3.7479999999999999e-06,-0.65930788794741657
3.7485000000000002e-06,-0.70839602193449402
3.749e-06,-0.57335508457094975
3.7494999999999998e-06,-0.27872839831232338
3.7500000000000001e-06,0.085672035307683372
3.7504999999999999e-06,0.40363285028555312
3.7510000000000002e-06,0.58411386778299201
3.7515e-06,0.5991772008229469
3.7519999999999998e-06,0.4893149165066743
3.7525000000000001e-06,0.33466601633359883
3.7529999999999999e-06,0.20868472118592096
3.7535000000000001e-06,0.13978083882224623
3.754e-06,0.10152088721162481
3.7544999999999998e-06,0.035914932837834812
3.755e-06,-0.10409194065249319
3.7554999999999999e-06,-0.31750953857033326
3.7560000000000001e-06,-0.54531949521731782
3.7564999999999999e-06,-0.69450816843895824
3.7570000000000002e-06,-0.68420593648235306
3.7575e-06,-0.48952360716373811
3.7579999999999998e-06,-0.15932385505295943
3.7585000000000001e-06,0.20230665126647063
3.7589999999999999e-06,0.48195894688621044
3.7595000000000002e-06,0.60677316866904718
3.76e-06,0.5728758865777106
3.7604999999999998e-06,0.43852151332383738
3.7610000000000001e-06,0.28691373577822749
3.7614999999999999e-06,0.17964673195083558
3.7620000000000001e-06,0.12620860964104844
3.7625e-06,0.085672035307839733
3.7629999999999998e-06,-0.001304157667389616
3.7635000000000001e-06,-0.16888794873860932
3.7639999999999999e-06,-0.39613255688954768
3.7645000000000001e-06,-0.60851448476444081
3.765e-06,-0.7114961515911522
3.7655000000000002e-06,-0.63887984586751756
3.766e-06,-0.39014820268964479
3.7664999999999999e-06,-0.036345669709475573
3.7670000000000001e-06,0.30947380871883767
3.7674999999999999e-06,0.54247183686899147
3.7680000000000002e-06,0.61125117948174745
3.7685e-06,0.53519648058418134
3.7689999999999998e-06,0.38600780736277029
3.7695000000000001e-06,0.24455478156983712
3.7699999999999999e-06,0.15704017035830503
3.7705000000000002e-06,0.1142350208286937
3.771e-06,0.064440094345965454
3.7714999999999998e-06,-0.047970094625380016
3.7720000000000001e-06,-0.24079139838431829
3.7724999999999999e-06,-0.47328628134673589
3.7730000000000001e-06,-0.65930788794731554
3.7735e-06,-0.70839602193452555
3.7740000000000002e-06,-0.5733550845708526
3.7745e-06,-0.27872839831217305
3.7749999999999999e-06,0.085672035307404387
3.7755000000000001e-06,0.40363285028566531
3.7759999999999999e-06,0.58411386778291741
3.7765000000000002e-06,0.59917720082292147
3.777e-06,0.48931491650661096
3.7774999999999998e-06,0.33466601633371479
3.7780000000000001e-06,0.20868472118587897
3.7784999999999999e-06,0.13978083882228137
3.7790000000000002e-06,0.10152088721160682
3.7795e-06,0.035914932837792485
3.7799999999999998e-06,-0.10409194065257169
3.7805000000000001e-06,-0.31750953857043457
3.7809999999999999e-06,-0.54531949521715928
3.7815000000000001e-06,-0.69450816843899255
3.782e-06,-0.68420593648243411
3.7825000000000002e-06,-0.48952360716361887
3.783e-06,-0.15932385505280156
3.7834999999999999e-06,0.20230665126661634
3.7840000000000001e-06,0.4819589468863007
3.7844999999999999e-06,0.60677316866901632
3.7850000000000002e-06,0.57287588657766864
3.7855e-06,0.43852151332376982
3.7859999999999998e-06,0.28691373577816881
3.7865000000000001e-06,0.17964673195080233
3.7869999999999999e-06,0.12620860964107722
3.7875000000000002e-06,0.085672035307816183
3.788e-06,-0.0013041576674438504
3.7884999999999998e-06,-0.16888794873844973
3.7890000000000001e-06,-0.39613255688964932
3.7894999999999999e-06,-0.60851448476451542
3.7900000000000001e-06,-0.71149615159116153
3.7905e-06,-0.63887984586764679
3.7910000000000002e-06,-0.39014820268950745
3.7915e-06,-0.036345669709315999
3.7919999999999999e-06,0.30947380871896868
3.7925000000000001e-06,0.54247183686905776
3.7929999999999999e-06,0.611251179481757
3.7935000000000002e-06,0.53519648058412661
3.794e-06,0.38600780736270252
3.7944999999999998e-06,0.24455478156992827
3.7950000000000001e-06,0.15704017035827947
3.7954999999999999e-06,0.11423502082867823
3.7960000000000002e-06,0.064440094345933563
3.7965e-06,-0.047970094625446658
3.7969999999999998e-06,-0.24079139838414451
3.7975000000000001e-06,-0.47328628134683326
3.7979999999999999e-06,-0.65930788794737172
3.7985000000000001e-06,-0.70839602193450801
3.799e-06,-0.57335508457075546
3.7994999999999998e-06,-0.27872839831244295
3.8e-06,0.085672035307559791
3.8004999999999999e-06,0.40363285028546392
3.8010000000000001e-06,0.58411386778295904
3.8014999999999999e-06,0.59917720082289605
3.8020000000000002e-06,0.48931491650654768
3.8025e-06,0.33466601633365023
3.8029999999999998e-06,0.20868472118595432
3.8035000000000001e-06,0.13978083882226178
3.8039999999999999e-06,0.1015208872116391
3.8045000000000002e-06,0.035914932837750185
3.805e-06,-0.10409194065265021
3.8054999999999998e-06,-0.31750953857025277
3.8060000000000001e-06,-0.54531949521724765
3.8064999999999999e-06,-0.69450816843893093
3.8070000000000001e-06,-0.68420593648238892
3.8075e-06,-0.48952360716349957
3.8079999999999998e-06,-0.15932385505308494
3.8085e-06,0.20230665126635478
3.8089999999999999e-06,0.48195894688613872
3.8095000000000001e-06,0.60677316866903352
3.8099999999999999e-06,0.57287588657774413
3.8105000000000002e-06,0.43852151332370232
3.811e-06,0.28691373577811019
3.8114999999999998e-06,0.17964673195086209
3.8120000000000001e-06,0.12620860964106118
3.8124999999999999e-06,0.085672035307858468
3.8130000000000002e-06,-0.0013041576674980571
3.8135e-06,-0.16888794873853866
3.8139999999999998e-06,-0.39613255688946691
3.8145000000000001e-06,-0.6085144847645898
3.8149999999999999e-06,-0.71149615159114477
3.8155000000000001e-06,-0.63887984586757485
3.8160000000000004e-06,-0.39014820268937023
3.8164999999999998e-06,-0.036345669709602457
3.817e-06,0.30947380871909969
3.8175000000000003e-06,0.54247183686912404
3.8179999999999997e-06,0.61125117948175167
3.8184999999999999e-06,0.53519648058422498
3.8190000000000002e-06,0.38600780736263474
3.8194999999999996e-06,0.24455478157001947
3.8199999999999998e-06,0.15704017035832527
3.8205000000000001e-06,0.11423502082866278
3.8210000000000003e-06,0.064440094345901727
3.8214999999999997e-06,-0.047970094625513243
3.822e-06,-0.24079139838424132
3.8225000000000002e-06,-0.47328628134693063
3.8229999999999997e-06,-0.65930788794727069
3.8234999999999999e-06,-0.70839602193453954
3.8240000000000001e-06,-0.57335508457092987
3.8245000000000004e-06,-0.27872839831187235
3.8249999999999998e-06,0.085672035307715222
3.8255e-06,0.40363285028557611
3.8260000000000003e-06,0.58411386778300056
3.8264999999999997e-06,0.59917720082294168
3.827e-06,0.48931491650666126
3.8275000000000002e-06,0.33466601633358561
3.8279999999999996e-06,0.20868472118602974
3.8284999999999999e-06,0.13978083882229689
3.8290000000000001e-06,0.1015208872116211
3.8295000000000004e-06,0.03591493283770783
3.8299999999999998e-06,-0.10409194065250929
3.8305e-06,-0.31750953857035402
3.8310000000000003e-06,-0.54531949521733591
3.8314999999999997e-06,-0.69450816843886942
3.8319999999999999e-06,-0.68420593648246986
3.8325000000000002e-06,-0.48952360716338028
3.8330000000000004e-06,-0.15932385505248581
3.8334999999999998e-06,0.20230665126650049
3.8340000000000001e-06,0.48195894688622898
3.8345000000000003e-06,0.60677316866905084
3.8349999999999997e-06,0.57287588657781963
3.8355e-06,0.43852151332382361
3.8360000000000002e-06,0.28691373577805157
3.8364999999999996e-06,0.17964673195092179
3.8369999999999999e-06,0.12620860964104513
3.8375000000000001e-06,0.085672035307834918
3.8380000000000004e-06,-0.0013041576675522637
3.8384999999999998e-06,-0.16888794873837901
3.839e-06,-0.3961325568895685
3.8395000000000003e-06,-0.60851448476445602
3.8399999999999997e-06,-0.711496151591128
3.8404999999999999e-06,-0.63887984586750268
3.8410000000000002e-06,-0.39014820268961659
3.8415000000000004e-06,-0.036345669708996872
3.8419999999999998e-06,0.30947380871886443
3.8425000000000001e-06,0.54247183686900513
3.8430000000000003e-06,0.61125117948174634
3.8434999999999997e-06,0.53519648058432334
3.844e-06,0.38600780736275642
3.8445000000000002e-06,0.24455478156982671
3.8449999999999996e-06,0.15704017035829981
3.8454999999999999e-06,0.11423502082869055
3.8460000000000001e-06,0.064440094345958876
3.8465000000000004e-06,-0.047970094625579884
3.8469999999999998e-06,-0.24079139838406757
3.8475e-06,-0.47328628134675582
3.8480000000000003e-06,-0.65930788794748441
3.8484999999999997e-06,-0.70839602193457107
3.8489999999999999e-06,-0.57335508457083273
3.8495000000000002e-06,-0.27872839831214224
3.8500000000000004e-06,0.085672035307870625
3.8504999999999998e-06,0.40363285028537471
3.8510000000000001e-06,0.58411386778292596
3.8515000000000003e-06,0.59917720082284531
3.8519999999999997e-06,0.48931491650677489
3.8525e-06,0.334666016333521
3.8530000000000002e-06,0.20868472118587028
3.8534999999999996e-06,0.13978083882227738
3.8539999999999999e-06,0.10152088721165339
3.8545000000000001e-06,0.035914932837783825
3.8550000000000004e-06,-0.10409194065258776
3.8554999999999998e-06,-0.31750953857017228
3.856e-06,-0.54531949521742429
3.8565000000000003e-06,-0.69450816843899954
3.8569999999999997e-06,-0.68420593648242478
3.8574999999999999e-06,-0.48952360716359444
3.8580000000000002e-06,-0.15932385505276919
3.8585000000000004e-06,0.20230665126664615
3.8589999999999998e-06,0.481958946886067
3.8595000000000001e-06,0.60677316866901976
3.8600000000000003e-06,0.57287588657766009
3.8604999999999997e-06,0.438521513323756
3.861e-06,0.28691373577815682
3.8615000000000002e-06,0.1796467319507955
3.8619999999999996e-06,0.12620860964107394
3.8624999999999999e-06,0.08567203530787719
3.8630000000000001e-06,-0.0013041576674549804
3.8635000000000004e-06,-0.16888794873871646
3.8639999999999998e-06,-0.39613255688938614
3.8645e-06,-0.60851448476453063
3.8650000000000003e-06,-0.71149615159116353
3.8654999999999997e-06,-0.63887984586763213
3.8659999999999999e-06,-0.39014820268986306
3.8665000000000002e-06,-0.036345669709283317
3.8670000000000004e-06,0.3094738087193617
3.8674999999999998e-06,0.54247183686888611
3.8680000000000001e-06,0.6112511794817409
3.8685000000000003e-06,0.5351964805841154
3.8689999999999997e-06,0.38600780736268858
3.8695e-06,0.24455478156991786
3.8700000000000002e-06,0.15704017035827425
3.8704999999999996e-06,0.11423502082871829
3.8709999999999999e-06,0.064440094346016052
3.8715000000000001e-06,-0.04797009462564647
3.8720000000000004e-06,-0.24079139838443483
3.8724999999999998e-06,-0.47328628134685319
3.873e-06,-0.65930788794738338
3.8735000000000003e-06,-0.70839602193450446
3.8739999999999997e-06,-0.57335508457100726
3.8744999999999999e-06,-0.27872839831241214
3.8750000000000002e-06,0.08567203530759164
3.8755000000000004e-06,0.40363285028580043
3.8759999999999998e-06,0.58411386778296759
3.8765000000000001e-06,0.59917720082289094
3.8770000000000003e-06,0.48931491650653469
3.8774999999999997e-06,0.33466601633363696
3.878e-06,0.20868472118594575
3.8785000000000002e-06,0.13978083882225781
3.8789999999999996e-06,0.10152088721168566
3.8794999999999999e-06,0.035914932837859792
3.8800000000000001e-06,-0.10409194065266636
3.8805000000000004e-06,-0.31750953857055653
3.8809999999999998e-06,-0.54531949521726575
3.8815e-06,-0.69450816843893803
3.8820000000000003e-06,-0.68420593648237971
3.8824999999999997e-06,-0.48952360716380855
3.8829999999999999e-06,-0.15932385505305263
3.8835000000000002e-06,0.20230665126679187
3.8840000000000004e-06,0.48195894688640928
3.8844999999999998e-06,0.60677316866903708
3.8850000000000001e-06,0.57287588657773558
3.8855000000000003e-06,0.43852151332368855
3.8859999999999997e-06,0.28691373577826207
3.8865e-06,0.17964673195085526
3.8870000000000002e-06,0.12620860964101305
3.8874999999999996e-06,0.085672035307919461
3.8879999999999999e-06,-0.001304157667509187
3.8885000000000001e-06,-0.16888794873855686
3.8890000000000004e-06,-0.39613255688977178
3.8894999999999998e-06,-0.60851448476439685
3.89e-06,-0.71149615159114676
3.8905000000000003e-06,-0.63887984586755997
3.8909999999999997e-06,-0.39014820269010952
3.8914999999999999e-06,-0.03634566970912375
3.8920000000000002e-06,0.3094738087191265
3.8924999999999996e-06,0.54247183686895251
3.8929999999999998e-06,0.61125117948175056
3.8935000000000001e-06,0.53519648058421376
3.8940000000000003e-06,0.38600780736262091
3.8944999999999997e-06,0.24455478157000907
3.895e-06,0.1570401703583201
3.8955000000000002e-06,0.11423502082865961
3.8959999999999996e-06,0.064440094345984245
3.8964999999999999e-06,-0.047970094625526871
3.8970000000000001e-06,-0.24079139838426114
3.8975000000000004e-06,-0.47328628134695061
3.8979999999999998e-06,-0.65930788794728223
3.8985e-06,-0.70839602193453599
3.8990000000000003e-06,-0.57335508457063833
3.8994999999999997e-06,-0.27872839831268204
3.8999999999999999e-06,0.085672035307747058
3.9005000000000002e-06,0.40363285028559909
3.9009999999999996e-06,0.58411386778289298
3.9014999999999998e-06,0.59917720082293657
3.9020000000000001e-06,0.48931491650664838
3.9025000000000003e-06,0.33466601633339177
3.9029999999999997e-06,0.20868472118602116
3.9035e-06,0.13978083882223824
3.9040000000000002e-06,0.10152088721161742
3.9044999999999996e-06,0.035914932837817465
3.9049999999999999e-06,-0.10409194065252539
3.9055000000000001e-06,-0.31750953857037473
3.9060000000000004e-06,-0.54531949521735401
3.9064999999999998e-06,-0.69450816843887642
3.907e-06,-0.68420593648233452
3.9075000000000003e-06,-0.48952360716335586
3.9079999999999997e-06,-0.15932385505289473
3.9084999999999999e-06,0.2023066512665303
3.9090000000000002e-06,0.48195894688624741
3.9094999999999996e-06,0.60677316866900599
3.9099999999999998e-06,0.57287588657781108
3.9105000000000001e-06,0.43852151332380979
3.9110000000000003e-06,0.28691373577803958
3.9114999999999997e-06,0.17964673195082198
3.912e-06,0.12620860964104186
3.9125000000000002e-06,0.085672035307830102
3.9129999999999996e-06,-0.001304157667411876
3.9134999999999999e-06,-0.16888794873839724
3.9140000000000001e-06,-0.39613255688958932
3.9145000000000004e-06,-0.60851448476467962
3.9149999999999998e-06,-0.71149615159112989
3.9155e-06,-0.63887984586748803
3.9160000000000003e-06,-0.3901482026895885
3.9164999999999997e-06,-0.036345669709410201
3.9169999999999999e-06,0.3094738087188913
3.9175000000000002e-06,0.54247183686901868
3.9179999999999996e-06,0.61125117948176011
3.9184999999999998e-06,0.53519648058431202
3.9190000000000001e-06,0.38600780736255302
3.9195000000000003e-06,0.24455478156981628
3.9199999999999997e-06,0.15704017035829454
3.9205e-06,0.11423502082868738
3.9210000000000002e-06,0.064440094345952353
3.9214999999999996e-06,-0.047970094625407328
3.9219999999999999e-06,-0.24079139838408742
3.9225000000000001e-06,-0.47328628134677581
3.9230000000000004e-06,-0.65930788794749595
3.9234999999999998e-06,-0.70839602193451845
3.924e-06,-0.57335508457081286
3.9245000000000003e-06,-0.27872839831211149
3.9249999999999997e-06,0.085672035307468059
3.9254999999999999e-06,0.40363285028539769
3.9260000000000002e-06,0.5841138677829345
3.9264999999999996e-06,0.59917720082298209
3.9269999999999998e-06,0.48931491650658504
3.9275000000000001e-06,0.33466601633350779
3.9280000000000003e-06,0.2086847211858617
3.9284999999999997e-06,0.13978083882227332
3.929e-06,0.1015208872116497
3.9295000000000002e-06,0.035914932837775165
3.9299999999999996e-06,-0.10409194065238436
3.9304999999999999e-06,-0.31750953857019304
3.9310000000000001e-06,-0.54531949521744238
3.9315000000000004e-06,-0.69450816843900653
3.9319999999999998e-06,-0.68420593648241557
3.9325e-06,-0.48952360716357002
3.9330000000000003e-06,-0.15932385505273686
3.9334999999999997e-06,0.20230665126626876
3.9339999999999999e-06,0.48195894688608548
3.9345000000000002e-06,0.60677316866907161
3.9349999999999996e-06,0.57287588657788657
3.9354999999999998e-06,0.43852151332374223
3.9360000000000001e-06,0.28691373577814483
3.9365000000000003e-06,0.17964673195078878
3.9369999999999997e-06,0.12620860964107067
3.9375e-06,0.08567203530787236
3.9380000000000002e-06,-0.0013041576674660826
3.9384999999999996e-06,-0.16888794873823765
3.9389999999999999e-06,-0.3961325568896909
3.9395000000000001e-06,-0.60851448476454584
3.9400000000000004e-06,-0.7114961515911653
3.9404999999999998e-06,-0.63887984586761737
3.941e-06,-0.39014820268983497
3.9415000000000003e-06,-0.036345669709250641
3.9419999999999997e-06,0.30947380871865615
3.9424999999999999e-06,0.54247183686889966
3.9430000000000002e-06,0.61125117948173979
3.9434999999999996e-06,0.53519648058425739
3.9439999999999998e-06,0.3860078073626747
3.9445000000000001e-06,0.24455478156990743
3.9450000000000003e-06,0.15704017035826903
3.9454999999999997e-06,0.11423502082871514
3.946e-06,0.06444009434600953
3.9465000000000002e-06,-0.047970094625660153
3.9469999999999996e-06,-0.2407913983839137
3.9474999999999999e-06,-0.47328628134687317
3.9480000000000001e-06,-0.65930788794739492
3.9485000000000004e-06,-0.70839602193450091
3.9489999999999998e-06,-0.57335508457098727
3.9495e-06,-0.27872839831238139
3.9500000000000003e-06,0.085672035308057864
3.9504999999999997e-06,0.40363285028519635
3.9509999999999999e-06,0.58411386778297603
3.9515000000000002e-06,0.59917720082288561
3.9519999999999996e-06,0.48931491650669862
3.9524999999999999e-06,0.33466601633362369
3.9530000000000001e-06,0.20868472118593717
3.9535000000000003e-06,0.13978083882225376
3.9539999999999998e-06,0.10152088721168198
3.9545e-06,0.035914932837732866
3.9550000000000002e-06,-0.10409194065268237
3.9554999999999997e-06,-0.31750953857029429
3.9559999999999999e-06,-0.54531949521728385
3.9565000000000002e-06,-0.69450816843894503
3.9570000000000004e-06,-0.68420593648237049
3.9574999999999998e-06,-0.48952360716378412
3.9580000000000001e-06,-0.15932385505302027
3.9585000000000003e-06,0.20230665126682174
3.9589999999999997e-06,0.48195894688617563
3.9595e-06,0.60677316866904052
3.9600000000000002e-06,0.57287588657772703
3.9604999999999996e-06,0.43852151332386347
3.9609999999999999e-06,0.28691373577825013
3.9615000000000001e-06,0.17964673195084843
3.9620000000000004e-06,0.12620860964100972
3.9624999999999998e-06,0.085672035307914632
3.963e-06,-0.0013041576675202893
3.9635000000000003e-06,-0.16888794873857504
3.9639999999999997e-06,-0.39613255688950849
3.9644999999999999e-06,-0.60851448476441217
3.9650000000000002e-06,-0.71149615159114865
3.9655000000000004e-06,-0.63887984586734381
3.9659999999999998e-06,-0.39014820269008138
3.9665000000000001e-06,-0.036345669709091068
3.9670000000000003e-06,0.30947380871915331
3.9674999999999997e-06,0.54247183686896594
3.968e-06,0.61125117948174945
3.9685000000000002e-06,0.53519648058420255
3.9689999999999996e-06,0.38600780736279655
3.9694999999999999e-06,0.24455478156999866
3.9700000000000001e-06,0.15704017035824355
3.9705000000000004e-06,0.11423502082865646
3.9709999999999998e-06,0.064440094345977694
3.9715e-06,-0.047970094625540555
3.9720000000000003e-06,-0.24079139838428099
3.9724999999999997e-06,-0.47328628134669837
3.9729999999999999e-06,-0.65930788794729378
3.9735000000000002e-06,-0.70839602193453233
3.9740000000000004e-06,-0.57335508457061846
3.9744999999999998e-06,-0.27872839831223106
3.9750000000000001e-06,0.085672035307778865
3.9755000000000003e-06,0.40363285028562207
3.9759999999999997e-06,0.58411386778290153
3.9765e-06,0.59917720082293124
3.9770000000000002e-06,0.48931491650663539
3.9774999999999996e-06,0.33466601633373971
3.9779999999999999e-06,0.20868472118601253
3.9785000000000001e-06,0.13978083882223424
3.9790000000000004e-06,0.10152088721161374
3.9794999999999998e-06,0.035914932837808805
3.98e-06,-0.1040919406525414
3.9805000000000003e-06,-0.31750953857039554
3.9809999999999997e-06,-0.54531949521712531
3.9814999999999999e-06,-0.69450816843888341
3.9820000000000002e-06,-0.68420593648232542
3.9825000000000004e-06,-0.48952360716333143
3.9829999999999998e-06,-0.15932385505286242
3.9835000000000001e-06,0.20230665126656017
3.9840000000000003e-06,0.48195894688626584
3.9844999999999997e-06,0.60677316866900965
3.985e-06,0.57287588657780253
3.9855000000000002e-06,0.43852151332360717
3.9859999999999996e-06,0.28691373577835538
3.9864999999999999e-06,0.17964673195081515
3.9870000000000001e-06,0.12620860964103858
3.9875000000000004e-06,0.085672035307825273
3.9879999999999998e-06,-0.0013041576674229505
3.9885e-06,-0.16888794873841545
3.9890000000000003e-06,-0.39613255688961013
3.9894999999999997e-06,-0.60851448476427827
3.9899999999999999e-06,-0.71149615159115787
3.9905000000000002e-06,-0.63887984586747315
3.9910000000000004e-06,-0.39014820268956041
3.9914999999999998e-06,-0.036345669709377519
3.9920000000000001e-06,0.30947380871891816
3.9925000000000003e-06,0.54247183686903222
3.9929999999999997e-06,0.611251179481759
3.9935e-06,0.53519648058430092
3.9940000000000002e-06,0.38600780736253915
3.9944999999999996e-06,0.24455478156994789
3.9949999999999999e-06,0.15704017035828932
3.9955000000000001e-06,0.1142350208286842
3.9960000000000004e-06,0.064440094345945859
3.9964999999999998e-06,-0.047970094625420956
3.997e-06,-0.24079139838410721
3.9975000000000003e-06,-0.47328628134706791
3.9979999999999997e-06,-0.65930788794719275
3.9984999999999999e-06,-0.70839602193451479
3.9990000000000002e-06,-0.57335508457079287
3.9995000000000004e-06,-0.27872839831208068
3.9999999999999998e-06,0.085672035307499866
4.0005000000000001e-06,0.40363285028542067
4.0010000000000003e-06,0.58411386778305907
4.0014999999999997e-06,0.59917720082297687
4.002e-06,0.48931491650657216
4.0025000000000002e-06,0.33466601633349452
4.0029999999999996e-06,0.20868472118597053
4.0034999999999999e-06,0.13978083882226935
4.0040000000000001e-06,0.10152088721164604
4.0045000000000004e-06,0.035914932837766478
4.0049999999999998e-06,-0.10409194065240043
4.0055e-06,-0.31750953857049674
4.0060000000000003e-06,-0.54531949521746048
4.0064999999999997e-06,-0.69450816843891772
4.0069999999999999e-06,-0.68420593648240624
4.0075000000000002e-06,-0.48952360716354559
4.0080000000000004e-06,-0.15932385505270452
4.0084999999999998e-06,0.2023066512662986
4.0090000000000001e-06,0.48195894688610397
4.0095000000000003e-06,0.60677316866907527
4.0099999999999997e-06,0.57287588657776045
4.0105e-06,0.43852151332372835
4.0110000000000002e-06,0.28691373577813284
4.0114999999999996e-06,0.17964673195087486
4.0119999999999999e-06,0.12620860964106739
4.0125000000000001e-06,0.085672035307867545
4.0130000000000004e-06,-0.0013041576676287303
4.0134999999999998e-06,-0.16888794873825583
4.014e-06,-0.39613255688971172
4.0145000000000003e-06,-0.60851448476456116
4.0149999999999997e-06,-0.71149615159114132
4.0154999999999999e-06,-0.6388798458676026
4.0160000000000002e-06,-0.39014820268980677
4.0165000000000004e-06,-0.036345669708771934
4.0169999999999998e-06,0.30947380871868291
4.0175000000000001e-06,0.54247183686909839
4.0180000000000003e-06,0.61125117948173879
4.0184999999999997e-06,0.53519648058424607
4.019e-06,0.38600780736266094
4.0195000000000002e-06,0.24455478156989702
4.0199999999999996e-06,0.15704017035833512
4.0204999999999999e-06,0.11423502082871197
4.0210000000000001e-06,0.064440094345913995
4.0215000000000004e-06,-0.047970094625673809
4.0219999999999998e-06,-0.24079139838420402
4.0225e-06,-0.4732862813468931
4.0230000000000003e-06,-0.65930788794740636
4.0234999999999997e-06,-0.70839602193454632
4.0239999999999999e-06,-0.5733550845709674
4.0245000000000002e-06,-0.27872839831235058
4.0249999999999996e-06,0.085672035307220895
4.0254999999999998e-06,0.40363285028553286
4.0260000000000001e-06,0.58411386778298457
4.0265000000000003e-06,0.5991772008228804
4.0269999999999997e-06,0.48931491650668574
4.0275e-06,0.33466601633361048
4.0280000000000002e-06,0.20868472118592854
4.0284999999999996e-06,0.13978083882230444
4.0289999999999999e-06,0.10152088721167829
4.0295000000000001e-06,0.035914932837724178
4.0300000000000004e-06,-0.10409194065269847
4.0304999999999998e-06,-0.31750953857031494
4.031e-06,-0.54531949521730194
4.0315000000000003e-06,-0.69450816843895202
4.0319999999999997e-06,-0.68420593648248729
4.0324999999999999e-06,-0.48952360716375964
4.0330000000000002e-06,-0.15932385505254665
4.0334999999999996e-06,0.20230665126603703
4.0339999999999998e-06,0.48195894688619412
4.0345000000000001e-06,0.60677316866904407
4.0350000000000003e-06,0.57287588657771826
4.0354999999999997e-06,0.43852151332384959
4.036e-06,0.28691373577823809
4.0365000000000002e-06,0.17964673195074862
4.0369999999999996e-06,0.1262086096410962
4.0374999999999999e-06,0.085672035307843994
4.0380000000000001e-06,-0.0013041576675313638
4.0385000000000004e-06,-0.16888794873859325
4.0389999999999998e-06,-0.39613255688952931
4.0395e-06,-0.60851448476442738
4.0400000000000003e-06,-0.71149615159115043
4.0404999999999997e-06,-0.63887984586773183
4.0409999999999999e-06,-0.39014820268966954
4.0415000000000002e-06,-0.036345669709058386
4.0419999999999996e-06,0.30947380871881391
4.0424999999999998e-06,0.54247183686897948
4.0430000000000001e-06,0.61125117948174834
4.0435000000000003e-06,0.53519648058419134
4.0439999999999997e-06,0.38600780736278267
4.0445e-06,0.24455478156998825
4.0450000000000002e-06,0.15704017035823833
4.0454999999999996e-06,0.11423502082869652
4.0459999999999999e-06,0.064440094345971158
4.0465000000000001e-06,-0.047970094625554183
4.0470000000000004e-06,-0.24079139838430078
4.0474999999999998e-06,-0.4732862813467183
4.048e-06,-0.65930788794730533
4.0485000000000003e-06,-0.7083960219344797
4.0489999999999997e-06,-0.57335508457114193
4.0494999999999999e-06,-0.27872839831220025
4.0500000000000002e-06,0.085672035307810701
4.0504999999999996e-06,0.40363285028533147
4.0509999999999998e-06,0.58411386778290997
4.0515000000000001e-06,0.59917720082292603
4.0520000000000003e-06,0.48931491650644554
4.0524999999999997e-06,0.3346660163337265
4.053e-06,0.2086847211858866
4.0535000000000002e-06,0.13978083882223025
4.0539999999999996e-06,0.10152088721166033
4.0544999999999999e-06,0.035914932837800145
4.0550000000000001e-06,-0.1040919406525575
4.0555000000000004e-06,-0.31750953857041625
4.0559999999999998e-06,-0.5453194952171434
4.0565e-06,-0.69450816843898622
4.0570000000000003e-06,-0.68420593648231609
4.0574999999999997e-06,-0.48952360716364041
4.0579999999999999e-06,-0.15932385505283006
4.0585000000000002e-06,0.20230665126658998
4.0589999999999996e-06,0.48195894688603225
4.0594999999999998e-06,0.6067731686690131
4.0600000000000001e-06,0.57287588657779376
4.0605000000000003e-06,0.43852151332359329
4.0609999999999997e-06,0.28691373577817936
4.0615e-06,0.17964673195080838
4.0620000000000002e-06,0.12620860964103528
4.0624999999999996e-06,0.085672035307886266
4.0629999999999999e-06,-0.0013041576674340527
4.0635000000000001e-06,-0.16888794873843369
4.0640000000000004e-06,-0.39613255688991494
4.0644999999999998e-06,-0.6085144847642936
4.065e-06,-0.71149615159115975
4.0655000000000003e-06,-0.63887984586745838
4.0659999999999997e-06,-0.39014820268991596
4.0664999999999999e-06,-0.036345669709344837
4.0670000000000002e-06,0.30947380871894498
4.0674999999999996e-06,0.54247183686886058
4.0679999999999998e-06,0.61125117948175789
4.0685000000000001e-06,0.53519648058413638
4.0690000000000003e-06,0.38600780736252532
4.0694999999999997e-06,0.24455478156993743
4.07e-06,0.1570401703582841
4.0705000000000002e-06,0.11423502082868105
4.0709999999999996e-06,0.064440094346028334
4.0714999999999999e-06,-0.047970094625434584
4.0720000000000001e-06,-0.24079139838439753
4.0725000000000004e-06,-0.47328628134708783
4.0729999999999998e-06,-0.65930788794736161
4.0735e-06,-0.70839602193451123
4.0740000000000003e-06,-0.573355084570773
4.0744999999999997e-06,-0.27872839831247009
4.0749999999999999e-06,0.085672035307531716
4.0755000000000002e-06,0.40363285028544366
4.0759999999999996e-06,0.58411386778283536
4.0764999999999998e-06,0.59917720082290071
4.0770000000000001e-06,0.48931491650655912
4.0775000000000003e-06,0.33466601633348125
4.0779999999999997e-06,0.2086847211859619
4.0785e-06,0.13978083882226533
4.0790000000000002e-06,0.10152088721164235
4.0794999999999997e-06,0.035914932837876112
4.0799999999999999e-06,-0.10409194065241656
4.0805000000000001e-06,-0.31750953857051745
4.0810000000000004e-06,-0.54531949521747858
4.0814999999999998e-06,-0.69450816843892471
4.0820000000000001e-06,-0.68420593648239714
4.0825000000000003e-06,-0.48952360716352117
4.0829999999999997e-06,-0.1593238550531135
4.0835e-06,0.20230665126632844
4.0840000000000002e-06,0.48195894688637453
4.0844999999999996e-06,0.60677316866898201
4.0849999999999999e-06,0.57287588657775168
4.0855000000000001e-06,0.43852151332371453
4.0860000000000004e-06,0.28691373577812074
4.0864999999999998e-06,0.17964673195086808
4.087e-06,0.12620860964106412
4.0875000000000003e-06,0.085672035307796907
4.0879999999999997e-06,-0.0013041576673367139
4.0884999999999999e-06,-0.16888794873852259
4.0890000000000002e-06,-0.39613255688973259
4.0895000000000004e-06,-0.60851448476457637
4.0899999999999998e-06,-0.7114961515911431
4.0905000000000001e-06,-0.63887984586758773
4.0910000000000003e-06,-0.39014820268977868
4.0914999999999997e-06,-0.036345669709631295
4.092e-06,0.30947380871907598
4.0925000000000002e-06,0.54247183686911205
4.0929999999999996e-06,0.61125117948175267
4.0934999999999999e-06,0.53519648058423486
4.0940000000000001e-06,0.38600780736264695
4.0945000000000004e-06,0.24455478156988666
4.0949999999999998e-06,0.15704017035832996
4.0955e-06,0.11423502082870879
4.0960000000000003e-06,0.0644400943459075
4.0964999999999997e-06,-0.047970094625501225
4.0969999999999999e-06,-0.24079139838422384
4.0975000000000002e-06,-0.47328628134691303
4.0980000000000004e-06,-0.6593078879474179
4.0984999999999998e-06,-0.70839602193454265
4.0990000000000001e-06,-0.57335508457094753
4.0995000000000003e-06,-0.27872839831189955
4.0999999999999997e-06,0.085672035307252717
4.1005e-06,0.40363285028555584
4.1010000000000002e-06,0.58411386778299301
4.1014999999999996e-06,0.59917720082294634
4.1019999999999999e-06,0.48931491650667275
4.1025000000000001e-06,0.33466601633359727
4.1030000000000004e-06,0.2086847211858025
4.1034999999999998e-06,0.13978083882230041
4.104e-06,0.10152088721162436
4.1045000000000003e-06,0.035914932837715491
4.1049999999999997e-06,-0.10409194065249505
4.1054999999999999e-06,-0.3175095385703357
4.1060000000000002e-06,-0.54531949521732004
4.1065000000000004e-06,-0.69450816843895902
4.1069999999999998e-06,-0.68420593648247807
4.1075000000000001e-06,-0.48952360716340187
4.1080000000000003e-06,-0.15932385505251434
4.1084999999999997e-06,0.20230665126647412
4.109e-06,0.4819589468862126
4.1095000000000002e-06,0.60677316866904762
4.1099999999999996e-06,0.57287588657782729
4.1104999999999999e-06,0.43852151332383582
4.1110000000000001e-06,0.28691373577822604
4.1115000000000004e-06,0.17964673195074185
4.1119999999999998e-06,0.12620860964104808
4.1125e-06,0.085672035307839178
4.1130000000000003e-06,-0.0013041576675424937
4.1134999999999997e-06,-0.16888794873836296
4.1139999999999999e-06,-0.39613255688955018
4.1145000000000002e-06,-0.6085144847644427
4.1150000000000004e-06,-0.71149615159117841
4.1154999999999998e-06,-0.63887984586771718
4.1160000000000001e-06,-0.39014820268964145
4.1165000000000003e-06,-0.036345669709025696
4.1169999999999997e-06,0.30947380871884078
4.1175e-06,0.54247183686899314
4.1180000000000002e-06,0.61125117948174723
4.1184999999999996e-06,0.53519648058433333
4.1189999999999999e-06,0.38600780736276863
4.1195000000000001e-06,0.24455478156983587
4.1200000000000004e-06,0.15704017035823309
4.1204999999999998e-06,0.11423502082869333
4.121e-06,0.064440094345964663
4.1215000000000003e-06,-0.047970094625567866
4.1219999999999997e-06,-0.24079139838405009
4.1224999999999999e-06,-0.47328628134673822
4.1230000000000002e-06,-0.65930788794731676
4.1235000000000004e-06,-0.70839602193447604
4.1239999999999998e-06,-0.57335508457085027
4.1245000000000001e-06,-0.27872839831216945
4.1250000000000003e-06,0.085672035307842537
4.1254999999999997e-06,0.40363285028535445
4.126e-06,0.58411386778291852
4.1265000000000002e-06,0.59917720082292092
4.1269999999999996e-06,0.48931491650678632
4.1274999999999999e-06,0.33466601633371323
4.1280000000000001e-06,0.20868472118587791
4.1285000000000004e-06,0.13978083882222622
4.1289999999999998e-06,0.10152088721165665
4.1295e-06,0.035914932837791486
4.1300000000000003e-06,-0.10409194065257363
4.1304999999999997e-06,-0.31750953857015396
4.1309999999999999e-06,-0.5453194952171615
4.1315000000000002e-06,-0.69450816843899332
4.1320000000000004e-06,-0.68420593648230688
4.1324999999999998e-06,-0.48952360716361598
4.1330000000000001e-06,-0.15932385505279772
4.1335000000000003e-06,0.20230665126661984
4.1339999999999997e-06,0.48195894688605068
4.1345e-06,0.60677316866901665
4.1350000000000002e-06,0.57287588657766764
4.1354999999999996e-06,0.43852151332395706
4.1359999999999999e-06,0.28691373577816742
4.1365000000000001e-06,0.17964673195080152
4.1370000000000004e-06,0.12620860964103198
4.1374999999999998e-06,0.08567203530788145
4.138e-06,-0.0013041576674451549
4.1385000000000003e-06,-0.16888794873845184
4.1389999999999997e-06,-0.39613255688936777
4.1394999999999999e-06,-0.60851448476451719
4.1400000000000002e-06,-0.71149615159116164
4.1405000000000004e-06,-0.63887984586744362
4.1409999999999998e-06,-0.39014820268988792
4.1415000000000001e-06,-0.036345669709312155
4.1420000000000003e-06,0.30947380871897179
4.1424999999999997e-06,0.54247183686887424
4.143e-06,0.61125117948175678
4.1435000000000002e-06,0.53519648058412528
4.1439999999999996e-06,0.38600780736270096
4.1444999999999999e-06,0.24455478156992702
4.1450000000000001e-06,0.15704017035827883
4.1455000000000004e-06,0.1142350208286779
4.1459999999999998e-06,0.064440094346021839
4.1465e-06,-0.047970094625448267
4.1470000000000003e-06,-0.24079139838441738
4.1474999999999997e-06,-0.47328628134656348
4.1479999999999999e-06,-0.65930788794737316
4.1485000000000002e-06,-0.70839602193450757
4.1489999999999996e-06,-0.5733550845710248
4.1494999999999998e-06,-0.27872839831243934
4.1500000000000001e-06,0.085672035307563552
4.1505000000000003e-06,0.40363285028578016
4.1509999999999997e-06,0.58411386778284391
4.1515e-06,0.59917720082289549
4.1520000000000002e-06,0.48931491650654624
4.1524999999999996e-06,0.33466601633364867
4.1529999999999999e-06,0.20868472118595333
4.1535000000000001e-06,0.13978083882226131
4.1540000000000004e-06,0.10152088721163866
4.1544999999999998e-06,0.035914932837867453
4.155e-06,-0.10409194065265209
4.1555000000000003e-06,-0.31750953857053821
4.1559999999999997e-06,-0.54531949521724976
4.1564999999999999e-06,-0.69450816843893182
4.1570000000000002e-06,-0.68420593648238781
4.1574999999999996e-06,-0.48952360716383003
4.1579999999999998e-06,-0.15932385505308116
4.1585000000000001e-06,0.20230665126635827
4.1590000000000003e-06,0.48195894688639301
4.1594999999999997e-06,0.60677316866903386
4.16e-06,0.57287588657774313
4.1605000000000002e-06,0.43852151332370071
4.1609999999999996e-06,0.28691373577827273
4.1614999999999999e-06,0.17964673195086123
4.1620000000000001e-06,0.12620860964106081
4.1625000000000004e-06,0.085672035307792077
4.1629999999999998e-06,-0.0013041576673478161
4.1635e-06,-0.16888794873854082
4.1640000000000003e-06,-0.39613255688975341
4.1644999999999997e-06,-0.6085144847643833
4.1649999999999999e-06,-0.71149615159114499
4.1655000000000002e-06,-0.63887984586757307
4.1659999999999996e-06,-0.39014820269013428
4.1664999999999998e-06,-0.036345669709598599
4.1670000000000001e-06,0.30947380871910285
4.1675000000000003e-06,0.54247183686912559
4.1679999999999997e-06,0.61125117948175156
4.1685e-06,0.53519648058422375
4.1690000000000002e-06,0.38600780736263307
4.1694999999999996e-06,0.24455478157001825
4.1699999999999999e-06,0.15704017035832465
4.1705000000000001e-06,0.11423502082866242
4.1710000000000004e-06,0.064440094345900978
4.1714999999999998e-06,-0.047970094625514853
4.172e-06,-0.24079139838424363
4.1725000000000003e-06,-0.47328628134693296
4.1729999999999997e-06,-0.65930788794727213
4.1734999999999999e-06,-0.7083960219345391
4.1740000000000002e-06,-0.57335508457092754
4.1744999999999996e-06,-0.27872839831270924
4.1749999999999998e-06,0.085672035307718955
4.1755000000000001e-06,0.40363285028557883
4.1760000000000003e-06,0.58411386778300156
4.1764999999999997e-06,0.59917720082294101
4.177e-06,0.4893149165066597
4.1775000000000002e-06,0.33466601633358406
4.1779999999999996e-06,0.20868472118602879
4.1784999999999999e-06,0.13978083882229644
4.1790000000000001e-06,0.10152088721162067
4.1795000000000004e-06,0.035914932837706831
4.1799999999999998e-06,-0.10409194065251112
4.1805e-06,-0.31750953857035646
4.1810000000000003e-06,-0.54531949521733813
4.1814999999999997e-06,-0.6945081684388702
4.1819999999999999e-06,-0.68420593648246886
4.1825000000000002e-06,-0.48952360716337745
4.1829999999999996e-06,-0.15932385505336458
4.1834999999999998e-06,0.20230665126650399
4.1840000000000001e-06,0.48195894688623109
4.1845000000000003e-06,0.60677316866905129
4.1849999999999997e-06,0.57287588657781863
4.1855e-06,0.43852151332382189
4.1860000000000002e-06,0.28691373577805013
4.1864999999999996e-06,0.17964673195092093
4.1869999999999999e-06,0.12620860964104477
4.1875000000000001e-06,0.085672035307834349
4.1880000000000004e-06,-0.001304157667553596
4.1884999999999998e-06,-0.16888794873838117
4.189e-06,-0.396132556889571
4.1895000000000003e-06,-0.60851448476445791
4.1899999999999997e-06,-0.71149615159112822
4.1904999999999999e-06,-0.63887984586750102
4.1910000000000002e-06,-0.39014820268961325
4.1914999999999996e-06,-0.036345669709439032
4.1919999999999998e-06,0.30947380871886765
4.1925000000000001e-06,0.54247183686900668
4.1930000000000003e-06,0.61125117948174623
4.1934999999999997e-06,0.53519648058432201
4.194e-06,0.38600780736275486
4.1945000000000002e-06,0.24455478156982546
4.1949999999999996e-06,0.15704017035829917
4.1954999999999999e-06,0.11423502082869016
4.1960000000000001e-06,0.064440094345958127
4.1965000000000004e-06,-0.047970094625581494
4.1969999999999998e-06,-0.24079139838406988
4.1975e-06,-0.47328628134675821
4.1980000000000003e-06,-0.65930788794748574
4.1984999999999997e-06,-0.70839602193457063
4.1989999999999999e-06,-0.5733550845708304
4.1995000000000002e-06,-0.27872839831213864
4.1999999999999996e-06,0.08567203530743997
4.2004999999999998e-06,0.40363285028537743
4.2010000000000001e-06,0.58411386778292695
4.2015000000000003e-06,0.59917720082284465
4.2019999999999997e-06,0.48931491650677333
4.2025e-06,0.33466601633351944
4.2030000000000002e-06,0.20868472118586931
4.2034999999999996e-06,0.1397808388222769
4.2039999999999999e-06,0.10152088721165295
4.2045000000000001e-06,0.035914932837782798
4.2050000000000004e-06,-0.1040919406525897
4.2054999999999998e-06,-0.31750953857017472
4.206e-06,-0.5453194952174264
4.2065000000000003e-06,-0.69450816843900032
4.2069999999999997e-06,-0.68420593648242378
4.2074999999999999e-06,-0.48952360716359156
4.2080000000000002e-06,-0.15932385505276542
4.2084999999999996e-06,0.20230665126624245
4.2089999999999999e-06,0.48195894688606922
4.2095000000000001e-06,0.6067731686690202
4.2100000000000003e-06,0.57287588657765909
4.2104999999999998e-06,0.43852151332375444
4.211e-06,0.28691373577815543
4.2115000000000003e-06,0.1796467319507947
4.2119999999999997e-06,0.12620860964107358
4.2124999999999999e-06,0.085672035307876607
4.2130000000000002e-06,-0.0013041576674562572
4.2135000000000004e-06,-0.16888794873871857
4.2139999999999998e-06,-0.39613255688938859
4.2145000000000001e-06,-0.6085144847645324
4.2150000000000003e-06,-0.71149615159116353
4.2154999999999997e-06,-0.63887984586763036
4.216e-06,-0.39014820268985972
4.2165000000000002e-06,-0.036345669709279473
4.2169999999999996e-06,0.30947380871863245
4.2174999999999999e-06,0.54247183686888778
4.2180000000000001e-06,0.61125117948174079
4.2185000000000004e-06,0.53519648058411406
4.2189999999999998e-06,0.38600780736268703
4.2195e-06,0.24455478156991661
4.2200000000000003e-06,0.15704017035827367
4.2204999999999997e-06,0.11423502082871792
4.2209999999999999e-06,0.064440094346015303
4.2215000000000002e-06,-0.04797009462564808
4.2220000000000004e-06,-0.24079139838443719
4.2224999999999998e-06,-0.47328628134685558
4.2230000000000001e-06,-0.6593078879473846
4.2235000000000003e-06,-0.70839602193450402
4.2239999999999997e-06,-0.57335508457100481
4.2245e-06,-0.27872839831240853
4.2250000000000002e-06,0.085672035307595373
4.2254999999999996e-06,0.40363285028517604
4.2259999999999999e-06,0.58411386778296848
4.2265000000000001e-06,0.59917720082289028
4.2270000000000004e-06,0.48931491650653314
4.2274999999999998e-06,0.33466601633363541
4.228e-06,0.20868472118594475
4.2285000000000003e-06,0.13978083882225734
4.2289999999999997e-06,0.10152088721168523
4.2294999999999999e-06,0.035914932837858765
4.2300000000000002e-06,-0.10409194065266816
4.2305000000000004e-06,-0.31750953857055897
4.2309999999999998e-06,-0.54531949521726786
4.2315000000000001e-06,-0.69450816843893881
4.2320000000000003e-06,-0.6842059364823786
4.2324999999999997e-06,-0.48952360716380572
4.233e-06,-0.1593238550530488
4.2335000000000002e-06,0.20230665126679537
4.2339999999999996e-06,0.48195894688590724
4.2344999999999999e-06,0.60677316866903752
4.2350000000000001e-06,0.57287588657773458
4.2355000000000004e-06,0.43852151332368683
4.2359999999999998e-06,0.28691373577826074
4.2365e-06,0.17964673195085445
4.2370000000000003e-06,0.12620860964101266
4.2374999999999997e-06,0.085672035307918892
4.2379999999999999e-06,-0.0013041576675104638
4.2385000000000002e-06,-0.16888794873855903
4.2390000000000004e-06,-0.39613255688977417
4.2394999999999998e-06,-0.60851448476439851
4.2400000000000001e-06,-0.71149615159114699
4.2405000000000003e-06,-0.63887984586755819
4.2409999999999997e-06,-0.39014820269010619
4.2415e-06,-0.036345669709119906
4.2420000000000002e-06,0.30947380871912966
4.2424999999999996e-06,0.54247183686895395
4.2429999999999999e-06,0.61125117948175034
4.2435000000000001e-06,0.53519648058421232
4.2440000000000004e-06,0.38600780736261925
4.2444999999999998e-06,0.24455478157000785
4.245e-06,0.15704017035831944
4.2455000000000003e-06,0.11423502082865925
4.2459999999999997e-06,0.064440094345983454
4.2464999999999999e-06,-0.047970094625528453
4.2470000000000002e-06,-0.24079139838426347
4.2475000000000004e-06,-0.47328628134695294
4.2479999999999998e-06,-0.65930788794728368
4.2485000000000001e-06,-0.70839602193453555
4.2490000000000003e-06,-0.573355084570636
4.2494999999999997e-06,-0.27872839831267843
4.25e-06,0.085672035307750791
4.2505000000000002e-06,0.40363285028560181
4.2509999999999996e-06,0.58411386778289398
4.2514999999999999e-06,0.59917720082293591
4.2520000000000001e-06,0.48931491650664682
4.2525000000000004e-06,0.33466601633339021
4.2529999999999998e-06,0.20868472118602022
4.2535e-06,0.13978083882223777
4.2540000000000003e-06,0.10152088721161701
4.2544999999999997e-06,0.035914932837816438
4.2549999999999999e-06,-0.10409194065252728
4.2555000000000002e-06,-0.31750953857037717
4.2560000000000004e-06,-0.54531949521735623
4.2564999999999998e-06,-0.69450816843887719
4.2570000000000001e-06,-0.68420593648233341
4.2575000000000003e-06,-0.48952360716335297
4.2579999999999997e-06,-0.15932385505289093
4.2585e-06,0.2023066512665338
4.2590000000000002e-06,0.48195894688624963
4.2594999999999996e-06,0.60677316866900644
4.2599999999999999e-06,0.57287588657781008
4.2605000000000001e-06,0.43852151332380807
4.2610000000000004e-06,0.28691373577803814
4.2614999999999998e-06,0.1796467319508212
4.262e-06,0.12620860964104147
4.2625000000000003e-06,0.085672035307829519
4.2629999999999997e-06,-0.0013041576674131805
4.2634999999999999e-06,-0.16888794873839941
4.2640000000000002e-06,-0.39613255688959176
4.2645000000000004e-06,-0.6085144847646814
4.2649999999999998e-06,-0.71149615159113022
4.2655000000000001e-06,-0.63887984586748625
4.2660000000000003e-06,-0.39014820268958517
4.2664999999999997e-06,-0.03634566970940635
4.267e-06,0.30947380871889446
4.2675000000000002e-06,0.54247183686902023
4.2679999999999996e-06,0.61125117948176
4.2684999999999999e-06,0.5351964805843108
4.2690000000000001e-06,0.38600780736255136
4.2695000000000004e-06,0.24455478156981506
4.2699999999999998e-06,0.1570401703582939
4.2705e-06,0.114235020828687
4.2710000000000003e-06,0.064440094345951576
4.2714999999999997e-06,-0.04797009462540891
4.2719999999999999e-06,-0.24079139838408972
4.2725000000000002e-06,-0.47328628134705031
4.2729999999999996e-06,-0.65930788794718254
4.2734999999999998e-06,-0.70839602193451801
4.2740000000000001e-06,-0.57335508457081041
4.2745000000000003e-06,-0.27872839831210783
4.2749999999999997e-06,0.085672035307471792
4.2755e-06,0.40363285028540041
4.2760000000000002e-06,0.5841138677829355
4.2764999999999996e-06,0.59917720082298143
4.2769999999999999e-06,0.48931491650658349
4.2775000000000001e-06,0.33466601633350623
4.2780000000000004e-06,0.20868472118586073
4.2784999999999998e-06,0.13978083882227285
4.279e-06,0.10152088721164926
4.2795000000000003e-06,0.035914932837774138
4.2799999999999997e-06,-0.10409194065238631
4.2804999999999999e-06,-0.31750953857019537
4.2810000000000002e-06,-0.54531949521744449
4.2814999999999996e-06,-0.6945081684389115
4.2819999999999998e-06,-0.68420593648241446
4.2825000000000001e-06,-0.48952360716356713
4.2830000000000003e-06,-0.15932385505273305
4.2834999999999997e-06,0.20230665126627226
4.284e-06,0.48195894688608765
4.2845000000000002e-06,0.60677316866907205
4.2849999999999996e-06,0.57287588657788557
4.2854999999999999e-06,0.43852151332374062
4.2860000000000001e-06,0.28691373577814339
4.2865000000000004e-06,0.17964673195078792
4.2869999999999998e-06,0.12620860964107028
4.2875e-06,0.085672035307871791
4.2880000000000003e-06,-0.0013041576676189048
4.2884999999999997e-06,-0.16888794873823976
4.2889999999999999e-06,-0.39613255688969334
4.2895000000000002e-06,-0.60851448476454773
4.2899999999999996e-06,-0.71149615159113955
4.2904999999999998e-06,-0.63887984586761548
4.2910000000000001e-06,-0.39014820268983164
4.2915000000000003e-06,-0.03634566970924679
4.2919999999999997e-06,0.30947380871865926
4.2925e-06,0.5424718368690864
4.2930000000000002e-06,0.61125117948173968
4.2934999999999996e-06,0.53519648058425606
4.2939999999999999e-06,0.38600780736267315
4.2945000000000001e-06,0.2445547815699062
4.2950000000000004e-06,0.15704017035826845
4.2954999999999998e-06,0.11423502082871476
4.296e-06,0.064440094346008753
4.2965000000000003e-06,-0.047970094625661763
4.2969999999999997e-06,-0.24079139838418653
4.2974999999999999e-06,-0.4732862813468755
4.2980000000000002e-06,-0.65930788794739614
4.2984999999999996e-06,-0.70839602193454954
4.2989999999999998e-06,-0.57335508457098494
4.2995000000000001e-06,-0.27872839831237772
4.3000000000000003e-06,0.085672035308061611
4.3004999999999997e-06,0.40363285028519902
4.301e-06,0.58411386778297703
4.3015000000000002e-06,0.59917720082288506
4.3019999999999996e-06,0.48931491650669717
4.3024999999999999e-06,0.33466601633362214
4.3030000000000001e-06,0.20868472118593612
4.3035000000000004e-06,0.13978083882225328
4.3039999999999998e-06,0.10152088721168155
4.3045e-06,0.035914932837731811
4.3050000000000003e-06,-0.10409194065268429
4.3054999999999997e-06,-0.31750953857029673
4.3059999999999999e-06,-0.54531949521728595
4.3065000000000002e-06,-0.69450816843894581
4.3069999999999996e-06,-0.68420593648249539
4.3074999999999998e-06,-0.48952360716378129
4.3080000000000001e-06,-0.15932385505257521
4.3085000000000003e-06,0.20230665126682523
4.3089999999999997e-06,0.4819589468861778
4.3095e-06,0.60677316866904096
4.3100000000000002e-06,0.57287588657772592
4.3104999999999996e-06,0.43852151332386191
4.3109999999999999e-06,0.28691373577824864
4.3115000000000001e-06,0.17964673195084763
4.3120000000000004e-06,0.12620860964100938
4.3124999999999998e-06,0.085672035307848241
4.313e-06,-0.0013041576675215938
4.3135000000000003e-06,-0.16888794873857721
4.3139999999999997e-06,-0.39613255688951099
4.3144999999999999e-06,-0.60851448476441394
4.3150000000000002e-06,-0.71149615159114876
4.3154999999999996e-06,-0.63887984586774493
4.3159999999999998e-06,-0.39014820269007811
4.3165000000000001e-06,-0.03634566970908721
4.3170000000000003e-06,0.30947380871915653
4.3174999999999997e-06,0.54247183686896761
4.318e-06,0.61125117948174923
4.3185000000000002e-06,0.53519648058420111
4.3189999999999996e-06,0.38600780736279483
4.3194999999999999e-06,0.24455478156999744
4.3200000000000001e-06,0.15704017035824289
4.3205000000000004e-06,0.11423502082865605
4.3209999999999998e-06,0.064440094345976931
4.3215e-06,-0.047970094625542165
4.3220000000000003e-06,-0.24079139838428326
4.3224999999999997e-06,-0.4732862813467007
4.3229999999999999e-06,-0.65930788794729511
4.3235000000000002e-06,-0.70839602193453199
4.3239999999999996e-06,-0.57335508457115947
4.3244999999999998e-06,-0.2787283983122274
4.3250000000000001e-06,0.085672035307782626
4.3255000000000003e-06,0.40363285028562479
4.3259999999999997e-06,0.58411386778290242
4.3265e-06,0.59917720082293069
4.3270000000000002e-06,0.48931491650663383
4.3274999999999996e-06,0.33466601633373816
4.3279999999999999e-06,0.2086847211860115
4.3285000000000001e-06,0.13978083882223377
4.3290000000000004e-06,0.10152088721161331
4.3294999999999998e-06,0.035914932837807806
4.33e-06,-0.10409194065254332
4.3305000000000003e-06,-0.31750953857039793
4.3309999999999997e-06,-0.54531949521712741
4.3314999999999999e-06,-0.6945081684388843
4.3320000000000002e-06,-0.68420593648232431
4.3324999999999996e-06,-0.48952360716399534
4.3329999999999998e-06,-0.15932385505285859
4.3335000000000001e-06,0.20230665126656366
4.3340000000000003e-06,0.48195894688626806
4.3344999999999998e-06,0.60677316866900999
4.335e-06,0.57287588657780153
4.3355000000000002e-06,0.43852151332360545
4.3359999999999997e-06,0.286913735778354
4.3364999999999999e-06,0.17964673195081438
4.3370000000000001e-06,0.12620860964103817
4.3375000000000004e-06,0.085672035307824704
4.3379999999999998e-06,-0.0013041576674242827
4.3385000000000001e-06,-0.16888794873841759
4.3390000000000003e-06,-0.39613255688961257
4.3394999999999997e-06,-0.60851448476428005
4.34e-06,-0.71149615159115809
4.3405000000000002e-06,-0.63887984586747149
4.3409999999999996e-06,-0.39014820268994077
4.3414999999999999e-06,-0.036345669709373668
4.3420000000000001e-06,0.30947380871892127
4.3425000000000004e-06,0.54247183686903377
4.3429999999999998e-06,0.61125117948175889
4.3435e-06,0.53519648058429958
4.3440000000000003e-06,0.38600780736253754
4.3444999999999997e-06,0.24455478156994667
4.3449999999999999e-06,0.15704017035828874
4.3455000000000002e-06,0.11423502082868382
4.3460000000000004e-06,0.064440094345945081
4.3464999999999998e-06,-0.047970094625422538
4.3470000000000001e-06,-0.24079139838410954
4.3475000000000003e-06,-0.47328628134707024
4.3479999999999997e-06,-0.65930788794719408
4.3485e-06,-0.70839602193451445
4.3490000000000002e-06,-0.57335508457079054
4.3494999999999996e-06,-0.27872839831249729
4.3499999999999999e-06,0.085672035307503641
4.3505000000000001e-06,0.40363285028542339
4.3510000000000004e-06,0.58411386778306018
4.3514999999999998e-06,0.59917720082297632
4.352e-06,0.48931491650657061
4.3525000000000003e-06,0.33466601633349297
4.3529999999999997e-06,0.20868472118596954
4.3534999999999999e-06,0.13978083882226883
4.3540000000000002e-06,0.10152088721164559
4.3545000000000004e-06,0.035914932837765479
4.3549999999999998e-06,-0.10409194065240238
4.3555000000000001e-06,-0.31750953857049918
4.3560000000000003e-06,-0.54531949521746259
4.3564999999999997e-06,-0.69450816843891849
4.357e-06,-0.68420593648240513
4.3575000000000002e-06,-0.48952360716354271
4.3579999999999996e-06,-0.15932385505314201
4.3584999999999999e-06,0.2023066512663021
4.3590000000000001e-06,0.48195894688610608
4.3595000000000004e-06,0.6067731686690756
4.3599999999999998e-06,0.57287588657775934
4.3605e-06,0.43852151332372674
4.3610000000000003e-06,0.2869137357781314
4.3614999999999997e-06,0.17964673195087413
4.3619999999999999e-06,0.12620860964106698
4.3625000000000002e-06,0.085672035307866976
4.3630000000000004e-06,-0.0013041576676300071
4.3634999999999998e-06,-0.16888794873825799
4.3640000000000001e-06,-0.39613255688971422
4.3645000000000003e-06,-0.60851448476456294
4.3649999999999997e-06,-0.71149615159114132
4.3655e-06,-0.63887984586760083
4.3660000000000002e-06,-0.39014820268980349
4.3664999999999996e-06,-0.036345669709660119
4.3669999999999999e-06,0.30947380871868613
4.3675000000000001e-06,0.54247183686910005
4.3680000000000004e-06,0.61125117948173857
4.3684999999999998e-06,0.53519648058424474
4.369e-06,0.38600780736265927
4.3695000000000003e-06,0.24455478156989588
4.3699999999999997e-06,0.15704017035833451
4.3704999999999999e-06,0.11423502082871159
4.3710000000000002e-06,0.064440094345913246
4.3715000000000004e-06,-0.047970094625675391
4.3719999999999998e-06,-0.24079139838420632
4.3725000000000001e-06,-0.47328628134689543
4.3730000000000003e-06,-0.6593078879474078
4.3734999999999997e-06,-0.70839602193454598
4.374e-06,-0.57335508457096507
4.3745000000000002e-06,-0.27872839831234697
4.3749999999999996e-06,0.085672035307224642
4.3754999999999999e-06,0.40363285028553553
4.3760000000000001e-06,0.58411386778298557
4.3765000000000004e-06,0.59917720082287984
4.3769999999999998e-06,0.48931491650668418
4.3775e-06,0.33466601633360893
4.3780000000000003e-06,0.20868472118592754
4.3784999999999997e-06,0.13978083882230394
4.3789999999999999e-06,0.10152088721167787
4.3795000000000002e-06,0.035914932837723151
4.3800000000000004e-06,-0.10409194065270039
4.3804999999999998e-06,-0.31750953857031738
4.3810000000000001e-06,-0.54531949521730405
4.3815000000000003e-06,-0.6945081684389528
4.3819999999999997e-06,-0.68420593648248618
4.3825e-06,-0.48952360716375687
4.3830000000000002e-06,-0.15932385505254285
4.3834999999999996e-06,0.20230665126604053
4.3839999999999999e-06,0.48195894688619634
4.3845000000000001e-06,0.60677316866904452
4.3850000000000004e-06,0.57287588657771726
4.3854999999999998e-06,0.43852151332384798
4.386e-06,0.28691373577823664
4.3865000000000003e-06,0.17964673195074779
4.3869999999999997e-06,0.12620860964109579
4.3874999999999999e-06,0.085672035307843439
4.3880000000000002e-06,-0.0013041576675327238
4.3885000000000004e-06,-0.16888794873859539
4.3889999999999998e-06,-0.39613255688953181
4.3895000000000001e-06,-0.60851448476442915
4.3900000000000003e-06,-0.71149615159115065
4.3904999999999997e-06,-0.63887984586773028
4.391e-06,-0.39014820268966621
4.3915000000000002e-06,-0.036345669709054534
4.3919999999999996e-06,0.30947380871881713
4.3924999999999999e-06,0.54247183686898115
4.3930000000000001e-06,0.61125117948174823
4.3935000000000004e-06,0.53519648058418989
4.3939999999999998e-06,0.38600780736278095
4.3945e-06,0.244554781569987
4.3950000000000003e-06,0.15704017035823767
4.3954999999999997e-06,0.11423502082869613
4.3959999999999999e-06,0.064440094345970408
4.3965000000000002e-06,-0.047970094625555793
4.3970000000000004e-06,-0.24079139838430305
4.3974999999999998e-06,-0.47328628134672063
4.3980000000000001e-06,-0.65930788794730666
4.3985000000000003e-06,-0.70839602193447937
4.3989999999999997e-06,-0.57335508457113948
4.3995e-06,-0.27872839831219665
4.4000000000000002e-06,0.085672035307814448
4.4004999999999996e-06,0.40363285028533413
4.4009999999999999e-06,0.58411386778291097
4.4015000000000001e-06,0.59917720082292547
4.4020000000000004e-06,0.48931491650644399
4.4024999999999998e-06,0.33466601633372495
4.403e-06,0.20868472118588552
4.4035000000000003e-06,0.13978083882222977
4.4039999999999997e-06,0.10152088721165989
4.4044999999999999e-06,0.035914932837799118
4.4050000000000002e-06,-0.10409194065255942
4.4054999999999996e-06,-0.3175095385701357
4.4059999999999998e-06,-0.54531949521714551
4.4065000000000001e-06,-0.69450816843898711
4.4070000000000003e-06,-0.68420593648231498
4.4074999999999997e-06,-0.48952360716363752
4.408e-06,-0.15932385505282629
4.4085000000000002e-06,0.20230665126659353
4.4089999999999996e-06,0.48195894688603436
4.4094999999999999e-06,0.60677316866901354
4.4100000000000001e-06,0.57287588657779276
4.4105000000000004e-06,0.43852151332359168
4.4109999999999998e-06,0.28691373577817803
4.4115e-06,0.17964673195080755
4.4120000000000003e-06,0.12620860964103486
4.4124999999999997e-06,0.085672035307885697
4.4129999999999999e-06,-0.001304157667435385
4.4135000000000002e-06,-0.16888794873843579
4.4139999999999996e-06,-0.3961325568893494
4.4144999999999998e-06,-0.60851448476429548
4.4150000000000001e-06,-0.71149615159115998
4.4155000000000003e-06,-0.63887984586745672
4.4159999999999997e-06,-0.39014820268991268
4.4165e-06,-0.036345669709340993
4.4170000000000002e-06,0.30947380871894814
4.4174999999999996e-06,0.54247183686886224
4.4179999999999999e-06,0.61125117948175778
4.4185000000000001e-06,0.53519648058413516
4.4190000000000004e-06,0.3860078073625236
4.4194999999999998e-06,0.24455478156993624
4.42e-06,0.15704017035828352
4.4205000000000003e-06,0.11423502082868064
4.4209999999999997e-06,0.064440094346027585
4.4214999999999999e-06,-0.047970094625436166
4.4220000000000002e-06,-0.24079139838439992
4.4224999999999996e-06,-0.47328628134654582
4.4229999999999998e-06,-0.65930788794736295
4.4235000000000001e-06,-0.70839602193451079
4.4240000000000003e-06,-0.57335508457077067
4.4244999999999997e-06,-0.27872839831246654
4.425e-06,0.085672035307535463
4.4255000000000002e-06,0.40363285028544638
4.4259999999999996e-06,0.58411386778283636
4.4264999999999999e-06,0.59917720082290005
4.4270000000000001e-06,0.48931491650655762
4.4275000000000004e-06,0.33466601633347975
4.4279999999999998e-06,0.20868472118596096
4.4285e-06,0.13978083882226486
4.4290000000000003e-06,0.1015208872116419
4.4294999999999997e-06,0.035914932837875085
4.4299999999999999e-06,-0.10409194065241845
4.4305000000000002e-06,-0.31750953857051989
4.4309999999999996e-06,-0.54531949521723388
4.4314999999999998e-06,-0.69450816843892549
4.4320000000000001e-06,-0.68420593648239603
4.4325000000000003e-06,-0.48952360716351828
4.4329999999999997e-06,-0.15932385505310967
4.4335e-06,0.20230665126633196
4.4340000000000002e-06,0.48195894688637675
4.4344999999999996e-06,0.60677316866898245
4.4349999999999999e-06,0.57287588657775068
4.4355000000000001e-06,0.43852151332371292
4.4360000000000004e-06,0.28691373577811941
4.4364999999999998e-06,0.17964673195086731
4.437e-06,0.12620860964106367
4.4375000000000003e-06,0.085672035307796338
4.4379999999999997e-06,-0.0013041576673380739
4.4384999999999999e-06,-0.16888794873852478
4.4390000000000002e-06,-0.39613255688973498
4.4394999999999996e-06,-0.60851448476436987
4.4399999999999998e-06,-0.71149615159114332
4.4405000000000001e-06,-0.63887984586758606
4.4410000000000003e-06,-0.39014820268977535
4.4414999999999997e-06,-0.036345669709627437
4.442e-06,0.30947380871907915
4.4425000000000002e-06,0.54247183686911371
4.4429999999999996e-06,0.61125117948175256
4.4434999999999999e-06,0.53519648058423352
4.4440000000000001e-06,0.38600780736264539
4.4445000000000004e-06,0.24455478156988544
4.4449999999999998e-06,0.15704017035832929
4.4455e-06,0.11423502082870841
4.4460000000000003e-06,0.064440094345906723
4.4464999999999997e-06,-0.047970094625502835
4.4469999999999999e-06,-0.24079139838422617
4.4475000000000002e-06,-0.47328628134691542
4.4479999999999996e-06,-0.65930788794726192
4.4484999999999998e-06,-0.70839602193454232
4.4490000000000001e-06,-0.57335508457094519
4.4495000000000003e-06,-0.27872839831189594
4.4499999999999997e-06,0.085672035307256478
4.4505e-06,0.40363285028555851
4.4510000000000002e-06,0.58411386778299412
4.4514999999999996e-06,0.59917720082294568
4.4519999999999999e-06,0.48931491650667119
4.4525000000000001e-06,0.33466601633359572
4.4530000000000004e-06,0.20868472118580148
4.4534999999999998e-06,0.13978083882229994
4.454e-06,0.10152088721162394
4.4545000000000003e-06,0.035914932837714464
4.4549999999999997e-06,-0.10409194065249697
4.4554999999999999e-06,-0.31750953857033815
4.4560000000000002e-06,-0.54531949521732204
4.4564999999999996e-06,-0.69450816843886398
4.4569999999999998e-06,-0.68420593648247696
4.4575000000000001e-06,-0.48952360716339899
4.4580000000000003e-06,-0.15932385505251051
4.4584999999999997e-06,0.20230665126647768
4.459e-06,0.48195894688621477
4.4595000000000002e-06,0.60677316866904818
4.4599999999999996e-06,0.57287588657782629
4.4604999999999999e-06,0.43852151332383416
4.4610000000000001e-06,0.28691373577822465
4.4615000000000004e-06,0.17964673195074102
4.4619999999999998e-06,0.12620860964104766
4.4625e-06,0.085672035307838609
4.4630000000000003e-06,-0.001304157667543826
4.4634999999999997e-06,-0.16888794873836513
4.464e-06,-0.39613255688955257
4.4645000000000002e-06,-0.60851448476444447
4.4649999999999996e-06,-0.71149615159112656
4.4654999999999999e-06,-0.63887984586771551
4.4660000000000001e-06,-0.39014820268963812
4.4665000000000004e-06,-0.036345669709021852
4.4669999999999998e-06,0.30947380871884395
4.4675e-06,0.54247183686899469
4.4680000000000003e-06,0.61125117948174712
4.4684999999999997e-06,0.53519648058433189
4.4689999999999999e-06,0.38600780736276707
4.4695000000000002e-06,0.24455478156983468
4.4700000000000004e-06,0.15704017035823251
4.4704999999999998e-06,0.11423502082869297
4.4710000000000001e-06,0.064440094345963886
4.4715000000000003e-06,-0.04797009462556942
4.4719999999999997e-06,-0.24079139838405242
4.4725e-06,-0.47328628134674061
4.4730000000000002e-06,-0.65930788794747563
4.4734999999999996e-06,-0.70839602193457374
4.4739999999999999e-06,-0.57335508457084794
4.4745000000000001e-06,-0.27872839831216584
4.4750000000000004e-06,0.085672035307846284
4.4754999999999998e-06,0.40363285028535711
4.476e-06,0.5841138677829194
4.4765000000000003e-06,0.59917720082292025
4.4769999999999997e-06,0.48931491650678488
4.4774999999999999e-06,0.3346660163335311
4.4780000000000002e-06,0.20868472118587689
4.4785000000000004e-06,0.13978083882222575
4.4789999999999998e-06,0.1015208872116562
4.4795000000000001e-06,0.035914932837790459
4.4800000000000003e-06,-0.10409194065257543
4.4804999999999997e-06,-0.3175095385701564
4.481e-06,-0.5453194952171635
4.4815000000000002e-06,-0.6945081684389941
4.4819999999999996e-06,-0.68420593648243189
4.4824999999999999e-06,-0.48952360716361309
4.4830000000000001e-06,-0.15932385505279392
4.4835000000000004e-06,0.20230665126662334
4.4839999999999998e-06,0.4819589468860529
4.4845e-06,0.60677316866901709
4.4850000000000003e-06,0.57287588657766664
4.4854999999999997e-06,0.43852151332395534
4.4859999999999999e-06,0.28691373577816592
4.4865000000000002e-06,0.17964673195080078
4.4870000000000004e-06,0.12620860964103159
4.4874999999999998e-06,0.085672035307880881
4.4880000000000001e-06,-0.0013041576674464872
4.4885000000000003e-06,-0.16888794873870253
4.4889999999999997e-06,-0.39613255688937021
4.4895e-06,-0.60851448476451897
4.4900000000000002e-06,-0.71149615159116197
4.4904999999999996e-06,-0.63887984586764346
4.4909999999999999e-06,-0.39014820268988459
4.4915000000000001e-06,-0.036345669709308311
4.4920000000000004e-06,0.30947380871897501
4.4924999999999998e-06,0.54247183686887568
4.493e-06,0.61125117948174179
4.4935000000000003e-06,0.53519648058412395
4.4939999999999997e-06,0.3860078073626993
4.4944999999999999e-06,0.24455478156992577
4.4950000000000002e-06,0.15704017035827827
4.4955000000000004e-06,0.11423502082867751
4.4959999999999998e-06,0.064440094346021062
4.4965000000000001e-06,-0.047970094625449849
4.4970000000000003e-06,-0.24079139838441971
4.4974999999999997e-06,-0.47328628134683798
4.498e-06,-0.65930788794737449
4.4985000000000002e-06,-0.70839602193450713
4.4989999999999996e-06,-0.57335508457102236
4.4994999999999999e-06,-0.27872839831243568
4.5000000000000001e-06,0.085672035307567285
4.5005000000000004e-06,0.40363285028578288
4.5009999999999998e-06,0.5841138677828448
4.5015e-06,0.59917720082289483
4.5020000000000003e-06,0.48931491650654468
4.5024999999999997e-06,0.33466601633364707
4.5029999999999999e-06,0.2086847211859523
4.5035000000000002e-06,0.13978083882226083
4.5040000000000004e-06,0.10152088721163822
4.5044999999999998e-06,0.035914932837866426
4.5050000000000001e-06,-0.10409194065265401
4.5055000000000003e-06,-0.31750953857054065
4.5059999999999997e-06,-0.54531949521725198
4.5065e-06,-0.6945081684389327
4.5070000000000002e-06,-0.68420593648238681
4.5074999999999996e-06,-0.48952360716382726
4.5079999999999999e-06,-0.15932385505307736
4.5085000000000001e-06,0.20230665126636177
4.5090000000000004e-06,0.48195894688639518
4.5094999999999998e-06,0.6067731686690343
4.51e-06,0.57287588657774213
4.5105000000000003e-06,0.43852151332369904
4.5109999999999997e-06,0.28691373577827128
4.5114999999999999e-06,0.17964673195086048
4.5120000000000002e-06,0.12620860964106045
4.5125000000000004e-06,0.085672035307791508
4.5129999999999998e-06,-0.0013041576675006938
4.5135000000000001e-06,-0.16888794873854288
4.5140000000000003e-06,-0.39613255688975579
4.5144999999999997e-06,-0.60851448476438519
4.515e-06,-0.71149615159114532
4.5155000000000002e-06,-0.63887984586757129
4.5159999999999996e-06,-0.39014820269013095
4.5164999999999999e-06,-0.036345669709594755
4.5170000000000001e-06,0.30947380871910601
4.5175000000000004e-06,0.54247183686912726
4.5179999999999998e-06,0.61125117948175145
4.5185e-06,0.53519648058422231
4.5190000000000003e-06,0.38600780736263152
4.5194999999999997e-06,0.244554781570017
4.5199999999999999e-06,0.15704017035832402
4.5205000000000002e-06,0.11423502082866202
4.5210000000000004e-06,0.064440094345900201
4.5214999999999998e-06,-0.047970094625516463
4.5220000000000001e-06,-0.24079139838424599
4.5225000000000003e-06,-0.47328628134693534
4.5229999999999997e-06,-0.65930788794727346
4.5235e-06,-0.70839602193453866
4.5240000000000002e-06,-0.57335508457092521
4.5244999999999996e-06,-0.27872839831270557
4.5249999999999999e-06,0.085672035307722702
4.5255000000000001e-06,0.40363285028558149
4.5260000000000004e-06,0.58411386778300256
4.5264999999999998e-06,0.59917720082294046
4.527e-06,0.48931491650665832
4.5275000000000003e-06,0.33466601633358251
4.5279999999999997e-06,0.20868472118602771
4.5284999999999999e-06,0.13978083882229597
4.5290000000000002e-06,0.10152088721162025
4.5294999999999996e-06,0.035914932837824098
4.5299999999999998e-06,-0.10409194065251304
4.5305000000000001e-06,-0.31750953857035891
4.5310000000000003e-06,-0.54531949521734024
4.5314999999999997e-06,-0.69450816843887109
4.532e-06,-0.68420593648246775
4.5325000000000002e-06,-0.48952360716337462
4.5329999999999996e-06,-0.15932385505336075
4.5334999999999999e-06,0.20230665126650749
4.5340000000000001e-06,0.48195894688623325
4.5345000000000004e-06,0.60677316866905162
4.5349999999999998e-06,0.57287588657781763
4.5355e-06,0.43852151332382028
4.5360000000000003e-06,0.28691373577804868
4.5364999999999997e-06,0.17964673195092021
4.5369999999999999e-06,0.12620860964104436
4.5375000000000002e-06,0.08567203530783378
4.5379999999999996e-06,-0.001304157667403355
4.5384999999999998e-06,-0.16888794873838331
4.5390000000000001e-06,-0.39613255688957344
4.5395000000000003e-06,-0.60851448476445968
4.5399999999999997e-06,-0.71149615159112845
4.5405e-06,-0.63887984586749924
4.5410000000000002e-06,-0.39014820268960998
4.5414999999999996e-06,-0.036345669709435188
4.5419999999999999e-06,0.30947380871887076
4.5425000000000001e-06,0.54247183686900824
4.5430000000000004e-06,0.61125117948174601
4.5434999999999998e-06,0.53519648058432068
4.544e-06,0.3860078073627532
4.5445000000000003e-06,0.24455478156982421
4.5449999999999997e-06,0.15704017035829859
4.5454999999999999e-06,0.11423502082868979
4.5460000000000002e-06,0.064440094345957349
4.5464999999999996e-06,-0.047970094625396892
4.5469999999999998e-06,-0.24079139838407221
4.5475000000000001e-06,-0.47328628134676054
4.5480000000000003e-06,-0.65930788794748718
4.5484999999999997e-06,-0.70839602193457019
4.549e-06,-0.57335508457082807
4.5495000000000002e-06,-0.27872839831213503
4.5499999999999996e-06,0.085672035307443703
4.5504999999999999e-06,0.40363285028538015
4.5510000000000001e-06,0.58411386778292795
4.5515000000000004e-06,0.59917720082284409
4.5519999999999998e-06,0.48931491650677189
4.5525e-06,0.33466601633351789
4.5530000000000003e-06,0.20868472118586831
4.5534999999999997e-06,0.13978083882227638
4.5539999999999999e-06,0.10152088721165252
4.5545000000000002e-06,0.035914932837781799
4.5549999999999996e-06,-0.10409194065237207
4.5554999999999998e-06,-0.31750953857017716
4.5560000000000001e-06,-0.54531949521742862
4.5565000000000003e-06,-0.69450816843900121
4.5569999999999997e-06,-0.68420593648242267
4.5575e-06,-0.48952360716358873
4.5580000000000002e-06,-0.15932385505276159
4.5584999999999996e-06,0.20230665126624595
4.5589999999999999e-06,0.48195894688607133
4.5595000000000001e-06,0.60677316866902054
4.5600000000000004e-06,0.57287588657765809
4.5604999999999998e-06,0.43852151332375278
4.561e-06,0.28691373577815393
4.5615000000000003e-06,0.17964673195079392
4.5619999999999997e-06,0.12620860964107317
4.5624999999999999e-06,0.085672035307876052
4.5630000000000002e-06,-0.0013041576674575894
4.5634999999999996e-06,-0.16888794873822371
4.5639999999999998e-06,-0.39613255688939103
4.5645000000000001e-06,-0.60851448476453429
4.5650000000000003e-06,-0.71149615159116386
4.5654999999999997e-06,-0.63887984586762858
4.566e-06,-0.39014820268985639
4.5665000000000002e-06,-0.036345669709275628
4.5669999999999996e-06,0.30947380871863561
4.5674999999999999e-06,0.54247183686888933
4.5680000000000001e-06,0.61125117948174068
4.5685000000000004e-06,0.53519648058411273
4.5689999999999998e-06,0.38600780736268536
4.5695e-06,0.24455478156991539
4.5700000000000003e-06,0.157040170358273
4.5704999999999997e-06,0.11423502082871753
4.5709999999999999e-06,0.064440094346014512
4.5715000000000002e-06,-0.04797009462564969
4.5719999999999996e-06,-0.24079139838389851
4.5724999999999998e-06,-0.47328628134685791
4.5730000000000001e-06,-0.65930788794738604
4.5735000000000003e-06,-0.70839602193450357
4.5739999999999997e-06,-0.57335508457100248
4.5745e-06,-0.27872839831240492
4.5750000000000002e-06,0.08567203530759912
4.5754999999999996e-06,0.40363285028517876
4.5759999999999999e-06,0.58411386778296959
4.5765000000000001e-06,0.59917720082288972
4.5770000000000004e-06,0.48931491650653169
4.5774999999999998e-06,0.33466601633363385
4.578e-06,0.20868472118594372
4.5785000000000003e-06,0.13978083882225686
4.5789999999999997e-06,0.1015208872116848
4.5794999999999999e-06,0.035914932837857766
4.5800000000000002e-06,-0.10409194065267011
4.5804999999999996e-06,-0.31750953857027842
4.5809999999999998e-06,-0.54531949521726997
4.5815000000000001e-06,-0.6945081684389397
4.5820000000000003e-06,-0.6842059364823776
4.5824999999999997e-06,-0.48952360716380278
4.583e-06,-0.159323855053045
4.5835000000000002e-06,0.20230665126679892
4.5839999999999996e-06,0.4819589468859094
4.5844999999999999e-06,0.60677316866903785
4.5850000000000001e-06,0.57287588657773358
4.5855000000000004e-06,0.43852151332368522
4.5859999999999998e-06,0.28691373577825918
4.5865e-06,0.17964673195085362
4.5870000000000003e-06,0.12620860964101227
4.5874999999999997e-06,0.085672035307918323
4.5879999999999999e-06,-0.0013041576675117961
4.5885000000000002e-06,-0.16888794873856111
4.5889999999999996e-06,-0.39613255688949267
4.5894999999999999e-06,-0.60851448476440029
4.5900000000000001e-06,-0.71149615159114721
4.5905000000000003e-06,-0.63887984586755653
4.5909999999999998e-06,-0.39014820269010286
4.5915e-06,-0.036345669709116048
4.5920000000000002e-06,0.30947380871913283
4.5924999999999997e-06,0.54247183686895561
4.5929999999999999e-06,0.61125117948175023
4.5935000000000002e-06,0.5351964805842111
4.5940000000000004e-06,0.38600780736261758
4.5944999999999998e-06,0.2445547815700066
4.5950000000000001e-06,0.1570401703583188
4.5955000000000003e-06,0.11423502082865887
4.5959999999999997e-06,0.064440094345982676
4.5965e-06,-0.047970094625530091
4.5970000000000002e-06,-0.24079139838426578
4.5974999999999996e-06,-0.4732862813466831
4.5979999999999999e-06,-0.6593078879472849
4.5985000000000001e-06,-0.7083960219345351
4.5990000000000004e-06,-0.57335508457063367
4.5994999999999998e-06,-0.27872839831267476
4.6e-06,0.085672035307754552
4.6005000000000003e-06,0.40363285028560447
4.6009999999999997e-06,0.58411386778289498
4.6014999999999999e-06,0.59917720082293524
4.6020000000000002e-06,0.48931491650664527
4.6025000000000004e-06,0.33466601633338866
4.6029999999999998e-06,0.20868472118601913
4.6035000000000001e-06,0.1397808388222373
4.6040000000000003e-06,0.10152088721161656
4.6044999999999997e-06,0.035914932837815439
4.605e-06,-0.10409194065252919
4.6055000000000002e-06,-0.31750953857037967
4.6059999999999996e-06,-0.54531949521711143
4.6064999999999999e-06,-0.69450816843887808
4.6070000000000001e-06,-0.68420593648233241
4.6075000000000004e-06,-0.48952360716335008
4.6079999999999998e-06,-0.15932385505288715
4.6085e-06,0.20230665126653732
4.6090000000000003e-06,0.48195894688625174
4.6094999999999997e-06,0.60677316866900677
4.6099999999999999e-06,0.57287588657780897
4.6105000000000002e-06,0.43852151332380651
4.6110000000000004e-06,0.28691373577803675
4.6114999999999998e-06,0.17964673195082034
4.6120000000000001e-06,0.12620860964104108
4.6125000000000003e-06,0.085672035307828964
4.6129999999999997e-06,-0.0013041576674144573
4.6135e-06,-0.16888794873840157
4.6140000000000002e-06,-0.39613255688959426
4.6144999999999996e-06,-0.60851448476426662
4.6149999999999999e-06,-0.71149615159113044
4.6155000000000001e-06,-0.63887984586748447
4.6160000000000004e-06,-0.39014820268958189
4.6164999999999998e-06,-0.036345669709402506
4.617e-06,0.30947380871889762
4.6175000000000003e-06,0.54247183686902178
4.6179999999999997e-06,0.61125117948175989
4.6184999999999999e-06,0.53519648058430946
4.6190000000000002e-06,0.3860078073625498
4.6195000000000004e-06,0.24455478156981381
4.6199999999999998e-06,0.15704017035829335
4.6205000000000001e-06,0.11423502082868661
4.6210000000000003e-06,0.064440094345950855
4.6214999999999997e-06,-0.04797009462541052
4.622e-06,-0.24079139838409205
4.6225000000000002e-06,-0.47328628134705264
4.6229999999999996e-06,-0.65930788794718387
4.6234999999999999e-06,-0.70839602193451756
4.6240000000000001e-06,-0.57335508457080819
4.6245000000000004e-06,-0.27872839831210422
4.6249999999999998e-06,0.085672035307475553
4.6255e-06,0.40363285028540308
4.6260000000000003e-06,0.5841138677829365
4.6264999999999997e-06,0.59917720082298087
4.6269999999999999e-06,0.48931491650658193
4.6275000000000002e-06,0.33466601633350468
4.6280000000000004e-06,0.20868472118585973
4.6284999999999998e-06,0.13978083882227238
4.6290000000000001e-06,0.10152088721164884
4.6295000000000003e-06,0.035914932837773084
4.6299999999999997e-06,-0.10409194065238817
4.6305e-06,-0.31750953857019787
4.6310000000000002e-06,-0.5453194952174466
4.6314999999999996e-06,-0.69450816843891239
4.6319999999999999e-06,-0.68420593648241335
4.6325000000000001e-06,-0.48952360716356424
4.6330000000000004e-06,-0.15932385505272925
4.6334999999999998e-06,0.20230665126627578
4.634e-06,0.48195894688608981
4.6345000000000003e-06,0.60677316866907249
4.6349999999999997e-06,0.57287588657788457
4.6354999999999999e-06,0.4385215133237389
4.6360000000000002e-06,0.28691373577814205
4.6365000000000004e-06,0.17964673195078709
4.6369999999999998e-06,0.12620860964106992
4.6375000000000001e-06,0.085672035307871236
4.6380000000000003e-06,-0.0013041576676202371
4.6384999999999997e-06,-0.16888794873824195
4.639e-06,-0.39613255688969584
4.6395000000000002e-06,-0.6085144847645495
4.6399999999999996e-06,-0.71149615159113977
4.6404999999999999e-06,-0.63887984586761382
4.6410000000000001e-06,-0.39014820268982831
4.6415000000000004e-06,-0.036345669709242925
4.6419999999999998e-06,0.30947380871866242
4.6425e-06,0.54247183686908806
4.6430000000000003e-06,0.61125117948173957
4.6434999999999997e-06,0.53519648058425462
4.6439999999999999e-06,0.38600780736267148
4.6445000000000002e-06,0.24455478156990498
4.6450000000000004e-06,0.15704017035826778
4.6454999999999998e-06,0.11423502082871438
4.6460000000000001e-06,0.064440094346008017
4.6465000000000003e-06,-0.047970094625663373
4.6469999999999997e-06,-0.24079139838418881
4.6475e-06,-0.47328628134687784
4.6480000000000002e-06,-0.65930788794739759
4.6484999999999996e-06,-0.70839602193454909
4.6489999999999999e-06,-0.57335508457098261
4.6495000000000001e-06,-0.27872839831237411
4.6500000000000004e-06,0.085672035308065372
4.6504999999999998e-06,0.40363285028520174
4.651e-06,0.58411386778297802
4.6515000000000003e-06,0.5991772008228845
4.6519999999999997e-06,0.48931491650669567
4.6524999999999999e-06,0.33466601633362059
4.6530000000000002e-06,0.20868472118593515
4.6535000000000004e-06,0.13978083882219822
4.6539999999999998e-06,0.10152088721168112
4.6545000000000001e-06,0.035914932837730784
4.6550000000000003e-06,-0.10409194065268623
4.6554999999999997e-06,-0.31750953857029912
4.656e-06,-0.54531949521728817
4.6565000000000002e-06,-0.69450816843894658
4.6569999999999996e-06,-0.68420593648249439
4.6574999999999999e-06,-0.48952360716377835
4.6580000000000001e-06,-0.15932385505257138
4.6585000000000004e-06,0.20230665126682873
4.6589999999999998e-06,0.48195894688618002
4.6595e-06,0.60677316866904152
4.6600000000000003e-06,0.57287588657772481
4.6604999999999997e-06,0.43852151332386019
4.6609999999999999e-06,0.2869137357782473
4.6615000000000002e-06,0.17964673195084685
4.6619999999999996e-06,0.1262086096410987
4.6624999999999998e-06,0.085672035307847685
4.6630000000000001e-06,-0.0013041576675228983
4.6635000000000003e-06,-0.16888794873857935
4.6639999999999997e-06,-0.39613255688951343
4.6645e-06,-0.60851448476441572
4.6650000000000002e-06,-0.71149615159114898
4.6654999999999996e-06,-0.63887984586774327
4.6659999999999999e-06,-0.39014820269007472
4.6665000000000001e-06,-0.036345669709083366
4.6670000000000004e-06,0.30947380871915964
4.6674999999999998e-06,0.54247183686896916
4.668e-06,0.61125117948174923
4.6685000000000003e-06,0.53519648058419989
4.6689999999999997e-06,0.38600780736279316
4.6694999999999999e-06,0.24455478156999619
4.6700000000000002e-06,0.1570401703582423
4.6704999999999996e-06,0.11423502082874212
4.6709999999999998e-06,0.064440094345976154
4.6715000000000001e-06,-0.047970094625543774
4.6720000000000003e-06,-0.24079139838428562
4.6724999999999997e-06,-0.47328628134670303
4.673e-06,-0.65930788794729656
4.6735000000000002e-06,-0.70839602193448248
4.6739999999999996e-06,-0.57335508457115703
4.6744999999999999e-06,-0.27872839831222379
4.6750000000000001e-06,0.085672035307786373
4.6755000000000004e-06,0.40363285028562745
4.6759999999999998e-06,0.58411386778290342
4.6765e-06,0.59917720082293002
4.6770000000000003e-06,0.48931491650663228
4.6774999999999997e-06,0.3346660163337366
4.6779999999999999e-06,0.20868472118589312
4.6785000000000002e-06,0.1397808388222333
4.6789999999999996e-06,0.10152088721166314
4.6794999999999998e-06,0.035914932837806779
4.6800000000000001e-06,-0.10409194065254521
4.6805000000000003e-06,-0.31750953857040037
4.6809999999999997e-06,-0.54531949521712964
4.6815e-06,-0.69450816843888519
4.6820000000000002e-06,-0.6842059364823232
4.6824999999999996e-06,-0.48952360716365917
4.6829999999999999e-06,-0.15932385505285479
4.6835000000000001e-06,0.20230665126656719
4.6840000000000004e-06,0.48195894688627022
4.6844999999999998e-06,0.60677316866901043
4.685e-06,0.57287588657780053
4.6855000000000003e-06,0.4385215133236039
4.6859999999999997e-06,0.28691373577835255
4.6864999999999999e-06,0.17964673195081352
4.6870000000000002e-06,0.12620860964103781
4.6874999999999996e-06,0.085672035307889943
4.6879999999999998e-06,-0.0013041576674255595
4.6885000000000001e-06,-0.1688879487384197
4.6890000000000003e-06,-0.39613255688989901
4.6894999999999997e-06,-0.60851448476428183
4.69e-06,-0.71149615159115831
4.6905000000000002e-06,-0.63887984586746971
4.6909999999999996e-06,-0.39014820268993744
4.6914999999999999e-06,-0.036345669709369831
4.6920000000000001e-06,0.30947380871892449
4.6925000000000004e-06,0.54247183686903533
4.6929999999999998e-06,0.61125117948175878
4.6935e-06,0.53519648058414504
4.6940000000000003e-06,0.38600780736253587
4.6944999999999997e-06,0.24455478156994542
4.6949999999999999e-06,0.15704017035828807
4.6955000000000002e-06,0.11423502082868346
4.6959999999999996e-06,0.06444009434603333
4.6964999999999998e-06,-0.047970094625424176
4.6970000000000001e-06,-0.24079139838411193
4.6975000000000003e-06,-0.47328628134707257
4.6979999999999997e-06,-0.65930788794735273
4.6985e-06,-0.70839602193451401
4.6990000000000002e-06,-0.57335508457078821
4.6994999999999996e-06,-0.27872839831249363
4.6999999999999999e-06,0.085672035307507374
4.7005000000000001e-06,0.40363285028542606
4.7010000000000004e-06,0.58411386778306107
4.7014999999999998e-06,0.59917720082297565
4.702e-06,0.48931491650656905
4.7025000000000003e-06,0.33466601633349141
4.7029999999999997e-06,0.20868472118596856
4.7034999999999999e-06,0.13978083882226841
4.7040000000000002e-06,0.10152088721164515
4.7044999999999996e-06,0.035914932837882746
4.7049999999999998e-06,-0.10409194065240424
4.7055000000000001e-06,-0.31750953857050163
4.7060000000000003e-06,-0.54531949521746481
4.7064999999999997e-06,-0.69450816843891938
4.707e-06,-0.68420593648240413
4.7075000000000002e-06,-0.48952360716353982
4.7079999999999996e-06,-0.15932385505313823
4.7084999999999999e-06,0.20230665126630562
4.7090000000000001e-06,0.4819589468861083
4.7095000000000004e-06,0.60677316866907605
4.7099999999999998e-06,0.57287588657775834
4.7105e-06,0.43852151332372513
4.7110000000000003e-06,0.28691373577812995
4.7114999999999997e-06,0.17964673195087327
4.7119999999999999e-06,0.12620860964106662
4.7125000000000002e-06,0.085672035307866407
4.7129999999999996e-06,-0.0013041576673282484
4.7134999999999998e-06,-0.16888794873826019
4.7140000000000001e-06,-0.3961325568897166
4.7145000000000003e-06,-0.60851448476456471
4.7149999999999997e-06,-0.71149615159114155
4.7155e-06,-0.63887984586759905
4.7160000000000002e-06,-0.39014820268980022
4.7164999999999997e-06,-0.036345669709656268
4.7169999999999999e-06,0.30947380871868924
4.7175000000000001e-06,0.54247183686910172
4.7180000000000004e-06,0.61125117948173846
4.7184999999999998e-06,0.53519648058424341
4.7190000000000001e-06,0.38600780736265761
4.7195000000000003e-06,0.24455478156989463
4.7199999999999997e-06,0.15704017035833387
4.7205e-06,0.1142350208287112
4.7210000000000002e-06,0.064440094345912483
4.7214999999999996e-06,-0.047970094625304549
4.7219999999999999e-06,-0.24079139838420868
4.7225000000000001e-06,-0.47328628134689782
4.7230000000000004e-06,-0.65930788794740902
4.7234999999999998e-06,-0.70839602193454554
4.724e-06,-0.57335508457096274
4.7245000000000003e-06,-0.27872839831234331
4.7249999999999997e-06,0.085672035307228389
4.7254999999999999e-06,0.4036328502855383
4.7260000000000002e-06,0.58411386778298657
4.7265000000000004e-06,0.59917720082287917
4.7269999999999998e-06,0.48931491650668263
4.7275000000000001e-06,0.33466601633360737
4.7280000000000003e-06,0.20868472118592646
4.7284999999999997e-06,0.13978083882230347
4.729e-06,0.10152088721167743
4.7295000000000002e-06,0.035914932837722124
4.7299999999999996e-06,-0.10409194065248281
4.7304999999999999e-06,-0.31750953857031983
4.7310000000000001e-06,-0.54531949521730627
4.7315000000000004e-06,-0.69450816843895369
4.7319999999999998e-06,-0.68420593648248507
4.7325e-06,-0.48952360716375398
4.7330000000000003e-06,-0.15932385505253904
4.7334999999999997e-06,0.20230665126604402
4.7339999999999999e-06,0.4819589468861985
4.7345000000000002e-06,0.60677316866904496
4.7350000000000004e-06,0.57287588657771626
4.7354999999999998e-06,0.43852151332384637
4.7360000000000001e-06,0.28691373577823526
4.7365000000000003e-06,0.17964673195074704
4.7369999999999997e-06,0.12620860964109543
4.7375e-06,0.085672035307842856
4.7380000000000002e-06,-0.0013041576675339728
4.7384999999999996e-06,-0.16888794873834903
4.7389999999999999e-06,-0.39613255688953425
4.7395000000000001e-06,-0.60851448476443093
4.7400000000000004e-06,-0.71149615159115087
4.7404999999999998e-06,-0.6388798458677285
4.741e-06,-0.39014820268966294
4.7415000000000003e-06,-0.036345669709050683
4.7419999999999997e-06,0.3094738087188203
4.7424999999999999e-06,0.5424718368689827
4.7430000000000002e-06,0.61125117948174812
4.7435000000000004e-06,0.53519648058418867
4.7439999999999998e-06,0.38600780736277929
4.7445000000000001e-06,0.24455478156998578
4.7450000000000003e-06,0.15704017035823709
4.7454999999999997e-06,0.11423502082869576
4.746e-06,0.064440094345969659
4.7465000000000002e-06,-0.047970094625557402
4.7469999999999996e-06,-0.2407913983840349
4.7474999999999999e-06,-0.47328628134672301
4.7480000000000001e-06,-0.6593078879473081
4.7485000000000004e-06,-0.70839602193447881
4.7489999999999998e-06,-0.57335508457113715
4.7495e-06,-0.27872839831219298
4.7500000000000003e-06,0.085672035307818209
4.7504999999999997e-06,0.40363285028533691
4.7509999999999999e-06,0.58411386778291197
4.7515000000000002e-06,0.5991772008229248
4.7520000000000004e-06,0.48931491650644243
4.7524999999999998e-06,0.33466601633372339
4.7530000000000001e-06,0.20868472118588449
4.7535000000000003e-06,0.13978083882222933
4.7539999999999997e-06,0.10152088721165946
4.7545e-06,0.035914932837798091
4.7550000000000002e-06,-0.10409194065256128
4.7554999999999996e-06,-0.31750953857013814
4.7559999999999999e-06,-0.54531949521714762
4.7565000000000001e-06,-0.69450816843898799
4.7570000000000004e-06,-0.68420593648231387
4.7574999999999998e-06,-0.48952360716363463
4.758e-06,-0.15932385505282246
4.7585000000000003e-06,0.20230665126659703
4.7589999999999997e-06,0.48195894688603658
4.7594999999999999e-06,0.60677316866901387
4.7600000000000002e-06,0.57287588657779176
4.7605000000000004e-06,0.43852151332359002
4.7609999999999998e-06,0.28691373577817658
4.7615000000000001e-06,0.17964673195080669
4.7620000000000003e-06,0.12620860964103453
4.7624999999999997e-06,0.085672035307885128
4.763e-06,-0.0013041576674366895
4.7635000000000002e-06,-0.16888794873843793
4.7639999999999996e-06,-0.39613255688935184
4.7644999999999999e-06,-0.60851448476429726
4.7650000000000001e-06,-0.7114961515911602
4.7655000000000004e-06,-0.63887984586745494
4.7659999999999998e-06,-0.39014820268990935
4.7665e-06,-0.036345669709337149
4.7670000000000003e-06,0.3094738087189513
4.7674999999999997e-06,0.5424718368688638
4.7679999999999999e-06,0.61125117948175767
4.7685000000000002e-06,0.53519648058413383
4.7690000000000004e-06,0.38600780736252194
4.7694999999999998e-06,0.24455478156993501
4.7700000000000001e-06,0.15704017035828285
4.7705000000000003e-06,0.11423502082868028
4.7709999999999997e-06,0.064440094346026822
4.7715e-06,-0.047970094625437859
4.7720000000000002e-06,-0.24079139838440219
4.7724999999999996e-06,-0.47328628134654821
4.7729999999999999e-06,-0.65930788794736439
4.7735000000000001e-06,-0.70839602193451034
4.7740000000000004e-06,-0.57335508457076834
4.7744999999999998e-06,-0.27872839831246288
4.775e-06,0.08567203530753921
4.7755000000000003e-06,0.40363285028544904
4.7759999999999997e-06,0.58411386778283736
4.7764999999999999e-06,0.59917720082289949
4.7770000000000002e-06,0.48931491650655606
4.7775000000000004e-06,0.33466601633347814
4.7779999999999998e-06,0.20868472118595993
4.7785000000000001e-06,0.13978083882226444
4.7790000000000003e-06,0.10152088721164149
4.7794999999999997e-06,0.035914932837874086
4.78e-06,-0.10409194065242033
4.7805000000000002e-06,-0.31750953857052239
4.7809999999999996e-06,-0.54531949521723588
4.7814999999999999e-06,-0.69450816843892649
4.7820000000000001e-06,-0.68420593648239492
4.7825000000000004e-06,-0.4895236071635154
4.7829999999999998e-06,-0.15932385505310587
4.7835e-06,0.20230665126633546
4.7840000000000003e-06,0.48195894688637891
4.7844999999999997e-06,0.60677316866898279
4.7849999999999999e-06,0.57287588657774968
4.7855000000000002e-06,0.43852151332371131
4.7859999999999996e-06,0.28691373577828183
4.7864999999999998e-06,0.17964673195086645
4.7870000000000001e-06,0.12620860964106331
4.7875000000000003e-06,0.085672035307795769
4.7879999999999997e-06,-0.0013041576673393507
4.7885e-06,-0.16888794873852683
4.7890000000000002e-06,-0.39613255688973747
4.7894999999999996e-06,-0.60851448476437164
4.7899999999999999e-06,-0.71149615159114354
4.7905000000000001e-06,-0.63887984586758428
4.7910000000000004e-06,-0.39014820268977207
4.7914999999999998e-06,-0.036345669709623593
4.792e-06,0.30947380871908231
4.7925000000000003e-06,0.54247183686911526
4.7929999999999997e-06,0.61125117948175234
4.7934999999999999e-06,0.53519648058423219
4.7940000000000002e-06,0.38600780736264373
4.7944999999999996e-06,0.24455478157002625
4.7949999999999998e-06,0.15704017035832865
4.7955000000000001e-06,0.11423502082870805
4.7960000000000003e-06,0.064440094345905932
4.7964999999999997e-06,-0.047970094625504417
4.797e-06,-0.24079139838422847
4.7975000000000002e-06,-0.47328628134691775
4.7979999999999996e-06,-0.65930788794726325
4.7984999999999999e-06,-0.70839602193454188
4.7990000000000001e-06,-0.57335508457094275
4.7995000000000004e-06,-0.27872839831189228
4.7999999999999998e-06,0.085672035307260211
4.8005e-06,0.40363285028556128
4.8010000000000003e-06,0.58411386778299512
4.8014999999999997e-06,0.59917720082294501
4.8019999999999999e-06,0.48931491650666975
4.8025000000000002e-06,0.33466601633359416
4.8029999999999996e-06,0.20868472118603532
4.8034999999999998e-06,0.13978083882229947
4.8040000000000001e-06,0.1015208872116235
4.8045000000000003e-06,0.035914932837713465
4.8049999999999997e-06,-0.10409194065249883
4.8055e-06,-0.31750953857034059
4.8060000000000002e-06,-0.54531949521732426
4.8064999999999996e-06,-0.69450816843886487
4.8069999999999999e-06,-0.68420593648247585
4.8075000000000001e-06,-0.48952360716339616
4.8080000000000004e-06,-0.15932385505250671
4.8084999999999998e-06,0.20230665126648117
4.809e-06,0.48195894688621699
4.8095000000000003e-06,0.60677316866904851
4.8099999999999997e-06,0.57287588657782529
4.8104999999999999e-06,0.4385215133238326
4.8110000000000002e-06,0.28691373577822321
4.8114999999999996e-06,0.1796467319509262
4.8119999999999998e-06,0.12620860964104724
4.8125000000000001e-06,0.085672035307838026
4.8130000000000003e-06,-0.001304157667545075
4.8134999999999997e-06,-0.16888794873836727
4.814e-06,-0.39613255688955507
4.8145000000000002e-06,-0.60851448476444625
4.8149999999999996e-06,-0.71149615159112678
4.8154999999999999e-06,-0.63887984586771374
4.8160000000000001e-06,-0.39014820268963479
4.8165000000000004e-06,-0.036345669709018008
4.8169999999999998e-06,0.30947380871884711
4.8175e-06,0.54247183686899625
4.8180000000000003e-06,0.61125117948174701
4.8184999999999997e-06,0.53519648058433067
4.8189999999999999e-06,0.38600780736276541
4.8195000000000002e-06,0.24455478156983346
4.8199999999999996e-06,0.1570401703583745
4.8204999999999998e-06,0.11423502082869258
4.8210000000000001e-06,0.064440094345963109
4.8215000000000003e-06,-0.047970094625571003
4.8219999999999997e-06,-0.24079139838405478
4.8225e-06,-0.47328628134674294
4.8230000000000002e-06,-0.65930788794747697
4.8234999999999996e-06,-0.70839602193457341
4.8239999999999999e-06,-0.57335508457084561
4.8245000000000001e-06,-0.27872839831216217
4.8250000000000004e-06,0.085672035307850031
4.8254999999999998e-06,0.40363285028535989
4.826e-06,0.58411386778292052
4.8265000000000003e-06,0.5991772008229197
4.8269999999999997e-06,0.48931491650678333
4.8274999999999999e-06,0.33466601633352955
4.8280000000000002e-06,0.20868472118587592
4.8284999999999996e-06,0.13978083882227996
4.8289999999999998e-06,0.10152088721165577
4.8295000000000001e-06,0.035914932837789404
4.8300000000000003e-06,-0.10409194065257735
4.8304999999999997e-06,-0.31750953857015884
4.831e-06,-0.54531949521716572
4.8315000000000002e-06,-0.69450816843899499
4.8319999999999996e-06,-0.68420593648243078
4.8324999999999999e-06,-0.48952360716361021
4.8330000000000001e-06,-0.15932385505279012
4.8335000000000004e-06,0.20230665126662689
4.8339999999999998e-06,0.48195894688605512
4.8345e-06,0.60677316866901743
4.8350000000000003e-06,0.57287588657766564
4.8354999999999997e-06,0.43852151332395373
4.8359999999999999e-06,0.28691373577816459
4.8365000000000002e-06,0.1796467319508
4.8369999999999996e-06,0.12620860964107611
4.8374999999999998e-06,0.085672035307880298
4.8380000000000001e-06,-0.0013041576674477917
4.8385000000000003e-06,-0.16888794873870469
4.8389999999999997e-06,-0.39613255688937266
4.8395e-06,-0.60851448476452075
4.8400000000000002e-06,-0.7114961515911622
4.8404999999999996e-06,-0.63887984586764168
4.8409999999999999e-06,-0.39014820268988126
4.8415000000000001e-06,-0.036345669709304453
4.8420000000000004e-06,0.30947380871897812
4.8424999999999998e-06,0.54247183686887734
4.843e-06,0.61125117948174168
4.8435000000000003e-06,0.53519648058412261
4.8439999999999997e-06,0.38600780736269769
4.8444999999999999e-06,0.24455478156992463
4.8450000000000002e-06,0.15704017035827766
4.8454999999999996e-06,0.11423502082872035
4.8459999999999999e-06,0.064440094346020285
4.8465000000000001e-06,-0.047970094625451459
4.8470000000000003e-06,-0.24079139838442201
4.8474999999999998e-06,-0.47328628134684031
4.848e-06,-0.65930788794737594
4.8485000000000003e-06,-0.70839602193450679
4.8489999999999997e-06,-0.57335508457102013
4.8494999999999999e-06,-0.27872839831243207
4.8500000000000002e-06,0.085672035307571046
4.8505000000000004e-06,0.4036328502857856
4.8509999999999998e-06,0.58411386778284591
4.8515000000000001e-06,0.59917720082289416
4.8520000000000003e-06,0.48931491650654313
4.8524999999999997e-06,0.33466601633364557
4.853e-06,0.20868472118595136
4.8535000000000002e-06,0.13978083882226036
4.8539999999999996e-06,0.10152088721168806
4.8544999999999999e-06,0.035914932837865399
4.8550000000000001e-06,-0.10409194065265587
4.8555000000000004e-06,-0.31750953857054309
4.8559999999999998e-06,-0.54531949521725398
4.8565e-06,-0.69450816843893348
4.8570000000000003e-06,-0.6842059364823857
4.8574999999999997e-06,-0.48952360716382437
4.8579999999999999e-06,-0.15932385505307353
4.8585000000000002e-06,0.20230665126677255
4.8590000000000004e-06,0.4819589468863974
4.8594999999999998e-06,0.60677316866903486
4.8600000000000001e-06,0.57287588657774113
4.8605000000000003e-06,0.43852151332369743
4.8609999999999997e-06,0.28691373577826984
4.8615e-06,0.17964673195085964
4.8620000000000002e-06,0.12620860964106001
4.8624999999999996e-06,0.085672035307922584
4.8629999999999999e-06,-0.0013041576675020261
4.8635000000000001e-06,-0.16888794873854507
4.8640000000000004e-06,-0.39613255688975829
4.8644999999999998e-06,-0.60851448476438696
4.865e-06,-0.71149615159114554
4.8655000000000003e-06,-0.63887984586756952
4.8659999999999997e-06,-0.39014820269012768
4.8664999999999999e-06,-0.036345669709590911
4.8670000000000002e-06,0.30947380871910912
4.8675000000000004e-06,0.54247183686912881
4.8679999999999998e-06,0.61125117948175123
4.8685000000000001e-06,0.53519648058422098
4.8690000000000003e-06,0.3860078073626298
4.8694999999999997e-06,0.24455478157001584
4.87e-06,0.15704017035832349
4.8705000000000002e-06,0.11423502082866166
4.8709999999999996e-06,0.064440094346077462
4.8714999999999999e-06,-0.047970094625518045
4.8720000000000001e-06,-0.24079139838424832
4.8725000000000004e-06,-0.47328628134693768
4.8729999999999998e-06,-0.65930788794727468
4.8735e-06,-0.70839602193453821
4.8740000000000003e-06,-0.57335508457065121
4.8744999999999997e-06,-0.27872839831270191
4.8749999999999999e-06,0.085672035307726449
4.8755000000000002e-06,0.40363285028558427
4.8760000000000004e-06,0.58411386778300356
4.8764999999999998e-06,0.59917720082293979
4.8770000000000001e-06,0.48931491650665676
4.8775000000000003e-06,0.3346660163335809
4.8779999999999997e-06,0.20868472118602674
4.8785e-06,0.13978083882224079
4.8790000000000002e-06,0.10152088721161981
4.8794999999999996e-06,0.035914932837823099
4.8799999999999999e-06,-0.1040919406525149
4.8805000000000001e-06,-0.31750953857036135
4.8810000000000004e-06,-0.54531949521734235
4.8814999999999998e-06,-0.69450816843887186
4.882e-06,-0.68420593648246664
4.8825000000000003e-06,-0.48952360716337173
4.8829999999999997e-06,-0.15932385505291566
4.8834999999999999e-06,0.20230665126651101
4.8840000000000002e-06,0.48195894688623542
4.8845000000000004e-06,0.60677316866905207
4.8849999999999998e-06,0.57287588657781663
4.8855000000000001e-06,0.43852151332381867
4.8860000000000003e-06,0.2869137357780473
4.8864999999999997e-06,0.17964673195091937
4.887e-06,0.12620860964104397
4.8875000000000002e-06,0.085672035307833225
4.8879999999999996e-06,-0.0013041576674046873
4.8884999999999999e-06,-0.16888794873838542
4.8890000000000001e-06,-0.39613255688957588
4.8895000000000004e-06,-0.60851448476466985
4.8899999999999998e-06,-0.71149615159112867
4.8905e-06,-0.63887984586749746
4.8910000000000003e-06,-0.39014820268960665
4.8914999999999997e-06,-0.036345669709431337
4.8919999999999999e-06,0.30947380871887398
4.8925000000000002e-06,0.54247183686900979
4.8930000000000004e-06,0.6112511794817459
4.8934999999999998e-06,0.53519648058431946
4.8940000000000001e-06,0.38600780736256202
4.8945000000000003e-06,0.24455478156982305
4.8949999999999997e-06,0.15704017035829793
4.8955e-06,0.11423502082868943
4.8960000000000002e-06,0.0644400943459566
4.8964999999999996e-06,-0.047970094625398502
4.8969999999999999e-06,-0.24079139838407462
4.8975000000000001e-06,-0.47328628134676287
4.8980000000000004e-06,-0.6593078879474884
4.8984999999999998e-06,-0.70839602193452067
4.899e-06,-0.57335508457082573
4.8995000000000003e-06,-0.27872839831213136
4.8999999999999997e-06,0.085672035307447464
4.9004999999999999e-06,0.40363285028538287
4.9010000000000002e-06,0.58411386778292895
4.9015000000000004e-06,0.59917720082284343
4.9019999999999998e-06,0.48931491650677034
4.9025000000000001e-06,0.33466601633351634
4.9030000000000003e-06,0.20868472118586734
4.9034999999999997e-06,0.1397808388222759
4.904e-06,0.10152088721165209
4.9045000000000002e-06,0.035914932837780772
4.9049999999999996e-06,-0.10409194065237393
4.9054999999999999e-06,-0.31750953857017955
4.9060000000000001e-06,-0.54531949521743062
4.9065000000000004e-06,-0.69450816843900198
4.9069999999999998e-06,-0.68420593648242156
4.9075e-06,-0.48952360716358578
4.9080000000000003e-06,-0.15932385505275778
4.9084999999999997e-06,0.20230665126624944
4.9089999999999999e-06,0.48195894688607355
4.9095000000000002e-06,0.60677316866902098
4.9099999999999996e-06,0.57287588657789212
4.9104999999999998e-06,0.43852151332375122
4.9110000000000001e-06,0.2869137357781526
4.9115000000000003e-06,0.17964673195079317
4.9119999999999997e-06,0.12620860964107278
4.9125e-06,0.085672035307875483
4.9130000000000002e-06,-0.0013041576674588939
4.9134999999999996e-06,-0.16888794873822585
4.9139999999999999e-06,-0.39613255688939353
4.9145000000000001e-06,-0.60851448476453607
4.9150000000000004e-06,-0.71149615159116397
4.9154999999999998e-06,-0.63887984586762692
4.916e-06,-0.39014820268985312
4.9165000000000003e-06,-0.03634566970927177
4.9169999999999997e-06,0.30947380871863872
4.9174999999999999e-06,0.542471836868891
4.9180000000000002e-06,0.61125117948174057
4.9184999999999996e-06,0.53519648058441771
4.9189999999999998e-06,0.3860078073626837
4.9195000000000001e-06,0.24455478156991414
4.9200000000000003e-06,0.15704017035827239
4.9204999999999997e-06,0.11423502082871717
4.921e-06,0.064440094346013735
4.9215000000000002e-06,-0.047970094625651327
4.9219999999999996e-06,-0.24079139838390087
4.9224999999999999e-06,-0.47328628134686024
4.9230000000000001e-06,-0.65930788794738737
4.9235000000000004e-06,-0.70839602193450313
4.9239999999999998e-06,-0.57335508457100026
4.9245e-06,-0.27872839831240132
4.9250000000000003e-06,0.085672035307602867
4.9254999999999997e-06,0.40363285028518148
4.9259999999999999e-06,0.58411386778297048
4.9265000000000002e-06,0.59917720082288906
4.9269999999999996e-06,0.48931491650670711
4.9274999999999998e-06,0.3346660163336323
4.9280000000000001e-06,0.20868472118594264
4.9285000000000003e-06,0.13978083882225634
4.9289999999999997e-06,0.10152088721168437
4.9295e-06,0.035914932837856739
4.9300000000000002e-06,-0.10409194065267197
4.9304999999999996e-06,-0.31750953857028086
4.9309999999999999e-06,-0.54531949521727208
4.9315000000000001e-06,-0.69450816843894048
4.9320000000000004e-06,-0.68420593648237649
4.9324999999999998e-06,-0.48952360716379989
4.933e-06,-0.1593238550530412
4.9335000000000003e-06,0.20230665126680242
4.9339999999999997e-06,0.48195894688591157
4.9344999999999999e-06,0.6067731686690383
4.9350000000000002e-06,0.57287588657773258
4.9354999999999996e-06,0.43852151332387235
4.9359999999999998e-06,0.28691373577825785
4.9365000000000001e-06,0.17964673195085287
4.9370000000000003e-06,0.12620860964101188
4.9374999999999997e-06,0.085672035307917754
4.938e-06,-0.0013041576675131006
4.9385000000000002e-06,-0.1688879487385633
4.9389999999999996e-06,-0.39613255688949511
4.9394999999999999e-06,-0.60851448476440217
4.9400000000000001e-06,-0.71149615159114743
4.9405000000000004e-06,-0.63887984586755486
4.9409999999999998e-06,-0.39014820269009953
4.9415e-06,-0.036345669709112204
4.9420000000000003e-06,0.30947380871913599
4.9424999999999997e-06,0.54247183686895717
4.9429999999999999e-06,0.61125117948175012
4.9435000000000002e-06,0.53519648058420977
4.9439999999999996e-06,0.38600780736280538
4.9444999999999998e-06,0.24455478157000535
4.9450000000000001e-06,0.15704017035831822
4.9455000000000003e-06,0.11423502082865848
4.9459999999999997e-06,0.064440094345981927
4.9465e-06,-0.047970094625531728
4.9470000000000002e-06,-0.24079139838426816
4.9474999999999996e-06,-0.47328628134668549
4.9479999999999999e-06,-0.65930788794728634
4.9485000000000001e-06,-0.70839602193453477
4.9490000000000004e-06,-0.57335508457063133
4.9494999999999998e-06,-0.27872839831267116
4.95e-06,0.085672035307758285
4.9505000000000003e-06,0.40363285028560719
4.9509999999999997e-06,0.58411386778289598
4.9514999999999999e-06,0.59917720082293469
4.9520000000000002e-06,0.48931491650664372
4.9524999999999996e-06,0.33466601633374826
4.9529999999999998e-06,0.20868472118601811
4.9535000000000001e-06,0.13978083882223682
4.9540000000000003e-06,0.10152088721161612
4.9544999999999997e-06,0.035914932837814439
4.955e-06,-0.104091940652531
4.9555000000000002e-06,-0.31750953857038211
4.9559999999999996e-06,-0.54531949521711354
4.9564999999999999e-06,-0.69450816843887897
4.9570000000000001e-06,-0.68420593648233141
4.9575000000000004e-06,-0.48952360716334731
4.9579999999999998e-06,-0.15932385505288332
4.9585e-06,0.20230665126654088
4.9590000000000003e-06,0.48195894688625396
4.9594999999999997e-06,0.60677316866900721
4.9599999999999999e-06,0.57287588657780808
4.9605000000000002e-06,0.4385215133238049
4.9609999999999996e-06,0.28691373577836315
4.9614999999999998e-06,0.17964673195081959
4.9620000000000001e-06,0.12620860964104069
4.9625000000000003e-06,0.085672035307828395
4.9629999999999997e-06,-0.0013041576674157895
4.9635e-06,-0.16888794873840365
4.9640000000000002e-06,-0.3961325568895967
4.9644999999999996e-06,-0.60851448476426839
4.9649999999999999e-06,-0.71149615159113067
4.9655000000000001e-06,-0.6388798458674827
4.9660000000000004e-06,-0.39014820268957862
4.9664999999999998e-06,-0.036345669709398662
4.967e-06,0.30947380871890073
4.9675000000000003e-06,0.54247183686902345
4.9679999999999997e-06,0.61125117948175978
4.9684999999999999e-06,0.53519648058430813
4.9690000000000002e-06,0.38600780736254814
4.9694999999999996e-06,0.24455478157009658
4.9699999999999998e-06,0.15704017035829271
4.9705000000000001e-06,0.11423502082868625
4.9710000000000003e-06,0.064440094345950077
4.9714999999999998e-06,-0.04797009462541213
4.972e-06,-0.24079139838409441
4.9725000000000002e-06,-0.47328628134705497
4.9729999999999997e-06,-0.65930788794718531
4.9734999999999999e-06,-0.70839602193451712
4.9740000000000001e-06,-0.57335508457080575
4.9745000000000004e-06,-0.27872839831210061
4.9749999999999998e-06,0.085672035307479286
4.9755000000000001e-06,0.4036328502854058
4.9760000000000003e-06,0.5841138677829375
4.9764999999999997e-06,0.59917720082298032
4.977e-06,0.48931491650658049
4.9775000000000002e-06,0.33466601633350312
4.9779999999999996e-06,0.20868472118597611
4.9784999999999999e-06,0.13978083882227194
4.9790000000000001e-06,0.1015208872116484
4.9795000000000004e-06,0.035914932837772084
4.9799999999999998e-06,-0.10409194065239008
4.9805e-06,-0.31750953857020031
4.9810000000000003e-06,-0.54531949521744882
4.9814999999999997e-06,-0.69450816843891316
4.9819999999999999e-06,-0.68420593648241235
4.9825000000000002e-06,-0.48952360716356136
4.9830000000000004e-06,-0.15932385505272545
4.9834999999999998e-06,0.20230665126627931
4.9840000000000001e-06,0.48195894688609198
4.9845000000000003e-06,0.60677316866907294
4.9849999999999997e-06,0.57287588657788358
4.9855e-06,0.43852151332373729
4.9860000000000002e-06,0.28691373577814061
4.9864999999999996e-06,0.17964673195087927
4.9869999999999999e-06,0.1262086096410695
4.9875000000000001e-06,0.085672035307870667
4.9880000000000004e-06,-0.0013041576676215416
4.9884999999999998e-06,-0.16888794873824406
4.989e-06,-0.39613255688969828
4.9895000000000003e-06,-0.60851448476455128
4.9899999999999997e-06,-0.71149615159113999
4.9904999999999999e-06,-0.63887984586761215
4.9910000000000002e-06,-0.39014820268982497
4.9915000000000004e-06,-0.036345669709239074
4.9919999999999998e-06,0.30947380871866559
4.9925000000000001e-06,0.54247183686908962
4.9930000000000003e-06,0.61125117948173946
4.9934999999999997e-06,0.5351964805842534
4.994e-06,0.38600780736266982
4.9945000000000002e-06,0.24455478156990379
4.9949999999999996e-06,0.15704017035833845
4.9954999999999999e-06,0.11423502082871399
4.9960000000000001e-06,0.06444009434600724
4.9965000000000004e-06,-0.047970094625664983
4.9969999999999998e-06,-0.24079139838419117
4.9975e-06,-0.47328628134688022
4.9980000000000003e-06,-0.65930788794739892
4.9984999999999997e-06,-0.70839602193454865
4.9989999999999999e-06,-0.57335508457098028
4.9995000000000002e-06,-0.27872839831237051
5.0000000000000004e-06,0.085672035308069105
5.0004999999999998e-06,0.40363285028520446
5.0010000000000001e-06,0.58411386778297902
5.0015000000000003e-06,0.59917720082288384
5.0019999999999997e-06,0.48931491650669412
5.0025e-06,0.33466601633361903
5.0030000000000002e-06,0.20868472118593406
5.0034999999999996e-06,0.13978083882230702
5.0039999999999999e-06,0.10152088721168068
5.0045000000000001e-06,0.035914932837729785
5.0050000000000004e-06,-0.10409194065268804
5.0054999999999998e-06,-0.31750953857030156
5.006e-06,-0.54531949521729017
5.0065000000000003e-06,-0.69450816843894747
5.0069999999999997e-06,-0.68420593648249328
5.0074999999999999e-06,-0.48952360716377552
5.0080000000000002e-06,-0.15932385505256758
5.0085000000000004e-06,0.20230665126683223
5.0089999999999998e-06,0.48195894688618224
5.0095000000000001e-06,0.60677316866904185
5.0100000000000003e-06,0.57287588657772381
5.0104999999999997e-06,0.43852151332385858
5.011e-06,0.28691373577824586
5.0115000000000002e-06,0.17964673195084604
5.0119999999999996e-06,0.12620860964109831
5.0124999999999999e-06,0.085672035307847103
5.0130000000000001e-06,-0.0013041576675242028
5.0135000000000004e-06,-0.16888794873858154
5.0139999999999998e-06,-0.39613255688951593
5.0145e-06,-0.60851448476441761
5.0150000000000003e-06,-0.71149615159114921
5.0154999999999997e-06,-0.63887984586774149
5.0159999999999999e-06,-0.39014820269007144
5.0165000000000002e-06,-0.036345669709079521
5.0170000000000004e-06,0.30947380871916286
5.0174999999999998e-06,0.54247183686897071
5.0180000000000001e-06,0.61125117948174901
5.0185000000000003e-06,0.53519648058419844
5.0189999999999997e-06,0.38600780736279161
5.0195e-06,0.24455478156999494
5.0200000000000002e-06,0.15704017035824169
5.0204999999999996e-06,0.11423502082874176
5.0209999999999999e-06,0.064440094345975404
5.0215000000000001e-06,-0.047970094625545356
5.0220000000000004e-06,-0.24079139838428798
5.0224999999999998e-06,-0.47328628134670542
5.023e-06,-0.65930788794729789
5.0235000000000003e-06,-0.70839602193448203
5.0239999999999997e-06,-0.5733550845711548
5.0244999999999999e-06,-0.27872839831222013
5.0250000000000002e-06,0.08567203530779012
5.0255000000000004e-06,0.40363285028563012
5.0259999999999998e-06,0.58411386778290453
5.0265000000000001e-06,0.59917720082292947
5.0270000000000003e-06,0.48931491650663084
5.0274999999999997e-06,0.33466601633373505
5.028e-06,0.2086847211858921
5.0285000000000002e-06,0.13978083882223286
5.0289999999999996e-06,0.10152088721166271
5.0294999999999999e-06,0.035914932837805752
5.0300000000000001e-06,-0.10409194065254712
5.0305000000000004e-06,-0.31750953857040282
5.0309999999999998e-06,-0.54531949521713163
5.0315e-06,-0.69450816843888585
5.0320000000000003e-06,-0.68420593648232209
5.0324999999999997e-06,-0.48952360716365623
5.0329999999999999e-06,-0.15932385505285099
5.0335000000000002e-06,0.20230665126657069
5.0340000000000004e-06,0.48195894688627239
5.0344999999999998e-06,0.60677316866901077
5.0350000000000001e-06,0.57287588657779942
5.0355000000000003e-06,0.43852151332360223
5.0359999999999997e-06,0.28691373577835111
5.0365e-06,0.17964673195081274
5.0370000000000002e-06,0.12620860964103742
5.0374999999999996e-06,0.085672035307889388
5.0379999999999999e-06,-0.0013041576674268918
5.0385000000000001e-06,-0.16888794873842189
5.0390000000000004e-06,-0.39613255688990145
5.0394999999999998e-06,-0.6085144847642836
5.04e-06,-0.71149615159115853
5.0405000000000003e-06,-0.63887984586746793
5.0409999999999997e-06,-0.39014820268993416
5.0414999999999999e-06,-0.036345669709365966
5.0420000000000002e-06,0.3094738087189276
5.0424999999999996e-06,0.54247183686885181
5.0429999999999998e-06,0.61125117948175867
5.0435000000000001e-06,0.53519648058414382
5.0440000000000003e-06,0.38600780736253421
5.0444999999999997e-06,0.2445547815699442
5.045e-06,0.15704017035828746
5.0455000000000002e-06,0.11423502082868307
5.0459999999999996e-06,0.064440094346032567
5.0464999999999999e-06,-0.047970094625425758
5.0470000000000001e-06,-0.2407913983841142
5.0475000000000004e-06,-0.47328628134707496
5.0479999999999998e-06,-0.65930788794735418
5.0485e-06,-0.70839602193451356
5.0490000000000003e-06,-0.57335508457078588
5.0494999999999997e-06,-0.27872839831249002
5.0499999999999999e-06,0.085672035307511121
5.0505000000000002e-06,0.40363285028542883
5.0509999999999996e-06,0.58411386778282992
5.0514999999999998e-06,0.59917720082297499
5.0520000000000001e-06,0.4893149165065675
5.0525000000000003e-06,0.33466601633348986
5.0529999999999997e-06,0.20868472118596754
5.0535e-06,0.13978083882226794
5.0540000000000002e-06,0.10152088721164473
5.0544999999999996e-06,0.035914932837881719
5.0549999999999999e-06,-0.10409194065240615
5.0555000000000001e-06,-0.31750953857050407
5.0560000000000004e-06,-0.54531949521746692
5.0564999999999998e-06,-0.69450816843892016
5.057e-06,-0.68420593648240313
5.0575000000000003e-06,-0.48952360716353693
5.0579999999999997e-06,-0.1593238550531344
5.0584999999999999e-06,0.20230665126630912
5.0590000000000002e-06,0.48195894688636265
5.0594999999999996e-06,0.60677316866897979
5.0599999999999998e-06,0.57287588657775734
5.0605000000000001e-06,0.43852151332372347
5.0610000000000003e-06,0.28691373577812851
5.0614999999999997e-06,0.17964673195087244
5.062e-06,0.12620860964106623
5.0625000000000002e-06,0.085672035307865838
5.0629999999999996e-06,-0.001304157667329553
5.0634999999999999e-06,-0.16888794873851079
5.0640000000000001e-06,-0.3961325568897191
5.0645000000000004e-06,-0.6085144847645666
5.0649999999999998e-06,-0.71149615159114177
5.0655e-06,-0.63887984586759738
5.0660000000000003e-06,-0.39014820268979694
5.0664999999999997e-06,-0.036345669709652431
5.0669999999999999e-06,0.30947380871869246
5.0675000000000002e-06,0.54247183686910327
5.0679999999999996e-06,0.61125117948175334
5.0684999999999998e-06,0.53519648058424207
5.0690000000000001e-06,0.38600780736265605
5.0695000000000003e-06,0.24455478156989338
5.0699999999999997e-06,0.15704017035833329
5.0705e-06,0.11423502082871084
5.0710000000000002e-06,0.064440094345911705
5.0714999999999996e-06,-0.047970094625306159
5.0719999999999999e-06,-0.24079139838421096
5.0725000000000001e-06,-0.47328628134690015
5.0730000000000004e-06,-0.65930788794741035
5.0734999999999998e-06,-0.70839602193454509
5.074e-06,-0.57335508457096029
5.0745000000000003e-06,-0.27872839831191948
5.0749999999999997e-06,0.085672035307232122
5.0754999999999999e-06,0.40363285028554097
5.0760000000000002e-06,0.58411386778298757
5.0764999999999996e-06,0.59917720082294956
5.0769999999999998e-06,0.48931491650668107
5.0775000000000001e-06,0.33466601633360582
5.0780000000000003e-06,0.20868472118592549
5.0784999999999997e-06,0.13978083882230299
5.079e-06,0.10152088721162675
5.0795000000000002e-06,0.035914932837721097
5.0799999999999996e-06,-0.10409194065248462
5.0804999999999999e-06,-0.31750953857032227
5.0810000000000001e-06,-0.54531949521730827
5.0815000000000004e-06,-0.69450816843895447
5.0819999999999998e-06,-0.68420593648248407
5.0825e-06,-0.4895236071637511
5.0830000000000003e-06,-0.15932385505253521
5.0834999999999997e-06,0.20230665126645486
5.0839999999999999e-06,0.48195894688620067
5.0845000000000002e-06,0.6067731686690454
5.0849999999999996e-06,0.57287588657783284
5.0854999999999998e-06,0.43852151332384465
5.0860000000000001e-06,0.28691373577823387
5.0865000000000003e-06,0.17964673195074621
5.0869999999999997e-06,0.12620860964109504
5.0875e-06,0.085672035307842287
5.0880000000000002e-06,-0.0013041576675353328
5.0884999999999996e-06,-0.1688879487383512
5.0889999999999999e-06,-0.39613255688953669
5.0895000000000001e-06,-0.60851448476443271
5.0900000000000004e-06,-0.71149615159115109
5.0904999999999998e-06,-0.63887984586772673
5.091e-06,-0.39014820268965966
5.0915000000000003e-06,-0.036345669709046846
5.0919999999999997e-06,0.30947380871882346
5.0924999999999999e-06,0.54247183686898437
5.0930000000000002e-06,0.61125117948174801
5.0934999999999996e-06,0.53519648058434044
5.0939999999999998e-06,0.38600780736277773
5.0945000000000001e-06,0.24455478156984262
5.0950000000000003e-06,0.15704017035823645
5.0954999999999997e-06,0.11423502082869537
5.096e-06,0.064440094345968882
5.0965000000000002e-06,-0.047970094625558984
5.0969999999999996e-06,-0.24079139838403726
5.0974999999999999e-06,-0.47328628134672535
5.0980000000000001e-06,-0.65930788794730932
5.0985000000000004e-06,-0.70839602193447848
5.0989999999999998e-06,-0.57335508457086315
5.0995e-06,-0.27872839831218932
5.1000000000000003e-06,0.085672035307821956
5.1004999999999997e-06,0.40363285028533957
5.101e-06,0.58411386778291297
5.1015000000000002e-06,0.59917720082292425
5.1019999999999996e-06,0.48931491650679471
5.1024999999999999e-06,0.33466601633372178
5.1030000000000001e-06,0.20868472118588349
5.1035000000000003e-06,0.1397808388222288
5.1039999999999998e-06,0.10152088721165903
5.1045e-06,0.035914932837797092
5.1050000000000003e-06,-0.10409194065256322
5.1054999999999997e-06,-0.31750953857014058
5.1059999999999999e-06,-0.54531949521714973
5.1065000000000002e-06,-0.69450816843898877
5.1070000000000004e-06,-0.68420593648231287
5.1074999999999998e-06,-0.48952360716363175
5.1080000000000001e-06,-0.15932385505281865
5.1085000000000003e-06,0.20230665126660052
5.1089999999999997e-06,0.48195894688603874
5.1095e-06,0.60677316866901432
5.1100000000000002e-06,0.57287588657779076
5.1104999999999996e-06,0.43852151332396605
5.1109999999999999e-06,0.28691373577817519
5.1115000000000001e-06,0.17964673195080597
5.1120000000000004e-06,0.12620860964103414
5.1124999999999998e-06,0.085672035307884559
5.113e-06,-0.0013041576674379662
5.1135000000000003e-06,-0.16888794873844012
5.1139999999999997e-06,-0.39613255688935434
5.1144999999999999e-06,-0.60851448476429892
5.1150000000000002e-06,-0.71149615159116042
5.1155000000000004e-06,-0.63887984586745328
5.1159999999999998e-06,-0.39014820268990608
5.1165000000000001e-06,-0.036345669709333284
5.1170000000000003e-06,0.30947380871895447
5.1174999999999997e-06,0.54247183686886546
5.118e-06,0.61125117948175756
5.1185000000000002e-06,0.53519648058413249
5.1189999999999996e-06,0.38600780736289947
5.1194999999999999e-06,0.24455478156993379
5.1200000000000001e-06,0.15704017035828222
5.1205000000000004e-06,0.11423502082867992
5.1209999999999998e-06,0.064440094346026044
5.1215e-06,-0.047970094625439441
5.1220000000000003e-06,-0.24079139838440458
5.1224999999999997e-06,-0.47328628134655054
5.1229999999999999e-06,-0.65930788794736561
5.1235000000000002e-06,-0.70839602193451001
5.1240000000000004e-06,-0.573355084570766
5.1244999999999998e-06,-0.27872839831245921
5.1250000000000001e-06,0.085672035307542971
5.1255000000000003e-06,0.40363285028545182
5.1259999999999997e-06,0.58411386778283836
5.1265e-06,0.59917720082289883
5.1270000000000002e-06,0.48931491650655451
5.1274999999999996e-06,0.33466601633365722
5.1279999999999999e-06,0.2086847211859589
5.1285000000000001e-06,0.13978083882226391
5.1290000000000004e-06,0.10152088721164104
5.1294999999999998e-06,0.035914932837873059
5.13e-06,-0.10409194065242225
5.1305000000000003e-06,-0.31750953857052483
5.1309999999999997e-06,-0.5453194952172381
5.1314999999999999e-06,-0.69450816843892715
5.1320000000000002e-06,-0.68420593648239392
5.1325000000000004e-06,-0.48952360716351251
5.1329999999999998e-06,-0.15932385505310206
5.1335000000000001e-06,0.20230665126633895
5.1340000000000003e-06,0.48195894688638108
5.1344999999999997e-06,0.60677316866898334
5.135e-06,0.57287588657774868
5.1355000000000002e-06,0.43852151332370959
5.1359999999999996e-06,0.28691373577828044
5.1364999999999999e-06,0.17964673195086567
5.1370000000000001e-06,0.12620860964106295
5.1375000000000004e-06,0.0856720353077952
5.1379999999999998e-06,-0.0013041576673406552
5.1385e-06,-0.168887948738529
5.1390000000000003e-06,-0.39613255688973986
5.1394999999999997e-06,-0.60851448476437342
5.1399999999999999e-06,-0.71149615159114377
5.1405000000000002e-06,-0.63887984586758262
5.1410000000000004e-06,-0.3901482026897688
5.1414999999999998e-06,-0.036345669709619749
5.1420000000000001e-06,0.30947380871908547
5.1425000000000003e-06,0.54247183686911682
5.1429999999999997e-06,0.61125117948175223
5.1435e-06,0.53519648058423086
5.1440000000000002e-06,0.38600780736264212
5.1444999999999996e-06,0.244554781570025
5.1449999999999999e-06,0.15704017035832807
5.1455000000000001e-06,0.11423502082870766
5.1460000000000004e-06,0.064440094345905211
5.1464999999999998e-06,-0.047970094625506027
5.147e-06,-0.24079139838423075
5.1475000000000003e-06,-0.47328628134692008
5.1479999999999997e-06,-0.65930788794726469
5.1484999999999999e-06,-0.70839602193454143
5.1490000000000002e-06,-0.57335508457094042
5.1495000000000004e-06,-0.27872839831188867
5.1499999999999998e-06,0.085672035307263972
5.1505000000000001e-06,0.40363285028556395
5.1510000000000003e-06,0.58411386778299601
5.1514999999999997e-06,0.59917720082294446
5.152e-06,0.4893149165066682
5.1525000000000002e-06,0.33466601633359261
5.1529999999999996e-06,0.20868472118603434
5.1534999999999999e-06,0.13978083882229903
5.1540000000000001e-06,0.10152088721162306
5.1545000000000004e-06,0.035914932837712438
5.1549999999999998e-06,-0.10409194065250077
5.1555e-06,-0.31750953857034303
5.1560000000000003e-06,-0.54531949521732637
5.1564999999999997e-06,-0.69450816843886565
5.1569999999999999e-06,-0.68420593648247474
5.1575000000000002e-06,-0.48952360716339322
5.1580000000000004e-06,-0.15932385505250291
5.1584999999999998e-06,0.2023066512664847
5.1590000000000001e-06,0.4819589468862191
5.1595000000000003e-06,0.60677316866904896
5.1599999999999997e-06,0.57287588657782418
5.1605e-06,0.43852151332383088
5.1610000000000002e-06,0.28691373577822182
5.1614999999999996e-06,0.17964673195092537
5.1619999999999999e-06,0.12620860964104691
5.1625000000000001e-06,0.085672035307837471
5.1630000000000004e-06,-0.001304157667546435
5.1634999999999998e-06,-0.16888794873836943
5.164e-06,-0.39613255688955751
5.1645000000000003e-06,-0.60851448476444803
5.1649999999999997e-06,-0.711496151591127
5.1654999999999999e-06,-0.63887984586771196
5.1660000000000002e-06,-0.39014820268963146
5.1664999999999996e-06,-0.036345669709460161
5.1669999999999998e-06,0.30947380871885027
5.1675000000000001e-06,0.54247183686899791
5.1680000000000003e-06,0.6112511794817469
5.1684999999999997e-06,0.53519648058432923
5.169e-06,0.38600780736276386
5.1695000000000002e-06,0.24455478156983221
5.1699999999999996e-06,0.15704017035837384
5.1704999999999999e-06,0.11423502082869222
5.1710000000000001e-06,0.064440094345962359
5.1715000000000004e-06,-0.047970094625572612
5.1719999999999998e-06,-0.24079139838405714
5.1725e-06,-0.47328628134674527
5.1730000000000003e-06,-0.6593078879474783
5.1734999999999997e-06,-0.70839602193457296
5.1739999999999999e-06,-0.57335508457084328
5.1745000000000002e-06,-0.27872839831215857
5.1749999999999996e-06,0.085672035307419389
5.1754999999999998e-06,0.40363285028536255
5.1760000000000001e-06,0.58411386778292151
5.1765000000000003e-06,0.59917720082291903
5.1769999999999997e-06,0.48931491650678183
5.1775e-06,0.33466601633352799
5.1780000000000002e-06,0.20868472118587492
5.1784999999999996e-06,0.13978083882227949
5.1789999999999999e-06,0.10152088721165534
5.1795000000000001e-06,0.035914932837788405
5.1800000000000004e-06,-0.10409194065257929
5.1804999999999998e-06,-0.31750953857016129
5.181e-06,-0.54531949521716783
5.1815000000000003e-06,-0.69450816843899577
5.1819999999999997e-06,-0.68420593648242967
5.1824999999999999e-06,-0.48952360716360732
5.1830000000000002e-06,-0.15932385505278629
5.1834999999999996e-06,0.20230665126622313
5.1839999999999998e-06,0.48195894688605723
5.1845000000000001e-06,0.60677316866901787
5.1850000000000003e-06,0.57287588657766464
5.1854999999999997e-06,0.43852151332395212
5.186e-06,0.28691373577816315
5.1865000000000002e-06,0.17964673195079914
5.1869999999999996e-06,0.12620860964107569
5.1874999999999999e-06,0.085672035307879743
5.1880000000000001e-06,-0.0013041576674490962
5.1885000000000004e-06,-0.16888794873870686
5.1889999999999998e-06,-0.3961325568893751
5.1895e-06,-0.60851448476452252
5.1900000000000003e-06,-0.71149615159116242
5.1904999999999997e-06,-0.63887984586763991
5.1909999999999999e-06,-0.39014820268987793
5.1915000000000002e-06,-0.036345669709300608
5.1919999999999996e-06,0.30947380871861507
5.1924999999999998e-06,0.54247183686887901
5.1930000000000001e-06,0.61125117948174157
5.1935000000000003e-06,0.53519648058412139
5.1939999999999997e-06,0.38600780736269602
5.1945e-06,0.24455478156992339
5.1950000000000002e-06,0.15704017035827705
5.1954999999999996e-06,0.11423502082871996
5.1959999999999999e-06,0.064440094346019508
5.1965000000000001e-06,-0.047970094625453069
5.1970000000000004e-06,-0.24079139838442437
5.1974999999999998e-06,-0.47328628134684264
5.198e-06,-0.65930788794737727
5.1985000000000003e-06,-0.70839602193450635
5.1989999999999997e-06,-0.5733550845710178
5.1994999999999999e-06,-0.27872839831242846
5.2000000000000002e-06,0.085672035307574793
5.2004999999999996e-06,0.40363285028516116
5.2009999999999998e-06,0.58411386778284691
5.2015000000000001e-06,0.59917720082289361
5.2020000000000003e-06,0.48931491650654158
5.2024999999999997e-06,0.33466601633364396
5.203e-06,0.20868472118595033
5.2035000000000002e-06,0.13978083882225992
5.2039999999999996e-06,0.10152088721168762
5.2044999999999999e-06,0.035914932837864399
5.2050000000000001e-06,-0.10409194065265778
5.2055000000000004e-06,-0.31750953857054554
5.2059999999999998e-06,-0.5453194952172562
5.2065e-06,-0.69450816843893426
5.2070000000000003e-06,-0.68420593648238459
5.2074999999999997e-06,-0.48952360716382148
5.2079999999999999e-06,-0.15932385505306973
5.2085000000000002e-06,0.20230665126677611
5.2089999999999996e-06,0.4819589468858953
5.2094999999999998e-06,0.60677316866903519
5.2100000000000001e-06,0.57287588657774013
5.2105000000000003e-06,0.43852151332369582
5.2109999999999997e-06,0.2869137357782684
5.2115e-06,0.1796467319508589
5.2120000000000002e-06,0.12620860964105968
5.2124999999999996e-06,0.085672035307922001
5.2129999999999999e-06,-0.0013041576675033029
5.2135000000000001e-06,-0.16888794873854726
5.2140000000000004e-06,-0.39613255688976068
5.2144999999999998e-06,-0.60851448476438874
5.215e-06,-0.71149615159114576
5.2155000000000003e-06,-0.63887984586756785
5.2159999999999997e-06,-0.3901482026901244
5.2164999999999999e-06,-0.036345669709587067
5.2170000000000002e-06,0.30947380871911234
5.2174999999999996e-06,0.54247183686894518
5.2179999999999998e-06,0.61125117948175112
5.2185000000000001e-06,0.53519648058421976
5.2190000000000003e-06,0.38600780736262813
5.2194999999999997e-06,0.24455478157001459
5.22e-06,0.15704017035832285
5.2205000000000002e-06,0.1142350208286613
5.2209999999999996e-06,0.064440094346076685
5.2214999999999999e-06,-0.047970094625519655
5.2220000000000001e-06,-0.24079139838425065
5.2225000000000004e-06,-0.47328628134694001
5.2229999999999998e-06,-0.65930788794727613
5.2235e-06,-0.70839602193453788
5.2240000000000003e-06,-0.57335508457064888
5.2244999999999997e-06,-0.27872839831269836
5.2249999999999999e-06,0.085672035307730196
5.2255000000000002e-06,0.40363285028558693
5.2259999999999996e-06,0.58411386778288843
5.2264999999999998e-06,0.59917720082293924
5.2270000000000001e-06,0.48931491650665521
5.2275000000000003e-06,0.3346660163335794
5.2279999999999998e-06,0.20868472118602568
5.2285e-06,0.13978083882224035
5.2290000000000002e-06,0.10152088721161937
5.2294999999999997e-06,0.035914932837822072
5.2299999999999999e-06,-0.10409194065251684
5.2305000000000002e-06,-0.31750953857036379
5.2310000000000004e-06,-0.54531949521734446
5.2314999999999998e-06,-0.69450816843887275
5.2320000000000001e-06,-0.68420593648246553
5.2325000000000003e-06,-0.48952360716336885
5.2329999999999997e-06,-0.15932385505291186
5.2335e-06,0.20230665126651451
5.2340000000000002e-06,0.48195894688623764
5.2344999999999996e-06,0.6067731686690041
5.2349999999999999e-06,0.57287588657781563
5.2355000000000001e-06,0.43852151332381706
5.2360000000000004e-06,0.2869137357780458
5.2364999999999998e-06,0.17964673195091854
5.237e-06,0.12620860964104361
5.2375000000000003e-06,0.085672035307832642
5.2379999999999997e-06,-0.0013041576674059641
5.2384999999999999e-06,-0.16888794873838761
5.2390000000000002e-06,-0.39613255688957832
5.2395000000000004e-06,-0.60851448476467163
5.2399999999999998e-06,-0.711496151591129
5.2405000000000001e-06,-0.6388798458674958
5.2410000000000003e-06,-0.39014820268960337
5.2414999999999997e-06,-0.036345669709427486
5.242e-06,0.30947380871887709
5.2425000000000002e-06,0.54247183686901146
5.2429999999999996e-06,0.61125117948176078
5.2434999999999999e-06,0.53519648058431801
5.2440000000000001e-06,0.38600780736256041
5.2445000000000004e-06,0.2445547815698218
5.2449999999999998e-06,0.15704017035829729
5.2455e-06,0.11423502082868904
5.2460000000000003e-06,0.064440094345955809
5.2464999999999997e-06,-0.047970094625400111
5.2469999999999999e-06,-0.24079139838407693
5.2475000000000002e-06,-0.4732862813467652
5.2480000000000004e-06,-0.65930788794748985
5.2484999999999998e-06,-0.70839602193452034
5.2490000000000001e-06,-0.57335508457082329
5.2495000000000003e-06,-0.27872839831212776
5.2499999999999997e-06,0.085672035307451211
5.2505e-06,0.40363285028538554
5.2510000000000002e-06,0.58411386778292995
5.2514999999999996e-06,0.59917720082298487
5.2519999999999999e-06,0.48931491650676878
5.2525000000000001e-06,0.33466601633351478
5.2530000000000004e-06,0.20868472118586623
5.2534999999999998e-06,0.13978083882227543
5.254e-06,0.10152088721165166
5.2545000000000003e-06,0.035914932837779717
5.2549999999999997e-06,-0.10409194065237587
5.2554999999999999e-06,-0.31750953857018205
5.2560000000000002e-06,-0.54531949521743284
5.2565000000000004e-06,-0.69450816843900276
5.2569999999999998e-06,-0.68420593648242045
5.2575000000000001e-06,-0.48952360716358301
5.2580000000000003e-06,-0.15932385505275398
5.2584999999999997e-06,0.20230665126625294
5.259e-06,0.48195894688607566
5.2595000000000002e-06,0.60677316866906983
5.2599999999999996e-06,0.57287588657789112
5.2604999999999999e-06,0.4385215133237495
5.2610000000000001e-06,0.28691373577815116
5.2615000000000004e-06,0.17964673195079231
5.2619999999999998e-06,0.12620860964107239
5.2625e-06,0.085672035307874914
5.2630000000000003e-06,-0.0013041576674601429
5.2634999999999997e-06,-0.16888794873822802
5.2639999999999999e-06,-0.39613255688967997
5.2645000000000002e-06,-0.60851448476453784
5.2650000000000004e-06,-0.71149615159116419
5.2654999999999998e-06,-0.63887984586762514
5.2660000000000001e-06,-0.39014820268984984
5.2665000000000003e-06,-0.036345669709267926
5.2669999999999997e-06,0.30947380871864194
5.2675e-06,0.54247183686889244
5.2680000000000002e-06,0.61125117948174046
5.2684999999999996e-06,0.53519648058426317
5.2689999999999999e-06,0.38600780736268214
5.2695000000000001e-06,0.24455478156991298
5.2700000000000004e-06,0.15704017035827184
5.2704999999999998e-06,0.11423502082871681
5.271e-06,0.064440094346012985
5.2715000000000003e-06,-0.047970094625652965
5.2719999999999997e-06,-0.24079139838390315
5.2724999999999999e-06,-0.47328628134686263
5.2730000000000002e-06,-0.65930788794738882
5.2735000000000004e-06,-0.7083960219345028
5.2739999999999998e-06,-0.57335508457099782
5.2745000000000001e-06,-0.27872839831239765
5.2750000000000003e-06,0.085672035308041017
5.2754999999999997e-06,0.40363285028518414
5.276e-06,0.58411386778297147
5.2765000000000002e-06,0.5991772008228885
5.2769999999999996e-06,0.48931491650670556
5.2774999999999999e-06,0.33466601633363069
5.2780000000000001e-06,0.2086847211859417
5.2785000000000004e-06,0.13978083882225587
5.2789999999999998e-06,0.10152088721168392
5.2795e-06,0.035914932837737418
5.2800000000000003e-06,-0.10409194065267388
5.2804999999999997e-06,-0.3175095385702833
5.2809999999999999e-06,-0.5453194952172743
5.2815000000000002e-06,-0.69450816843894125
5.2820000000000004e-06,-0.68420593648237538
5.2824999999999998e-06,-0.48952360716379706
5.2830000000000001e-06,-0.15932385505303737
5.2835000000000003e-06,0.20230665126680594
5.2839999999999997e-06,0.48195894688616586
5.2845e-06,0.60677316866903874
5.2850000000000002e-06,0.57287588657773159
5.2854999999999996e-06,0.43852151332387074
5.2859999999999999e-06,0.28691373577825646
5.2865000000000001e-06,0.17964673195085207
5.2870000000000004e-06,0.12620860964101149
5.2874999999999998e-06,0.085672035307917185
5.288e-06,-0.0013041576675144051
5.2885000000000003e-06,-0.16888794873856544
5.2889999999999997e-06,-0.39613255688949756
5.2894999999999999e-06,-0.60851448476440395
5.2900000000000002e-06,-0.71149615159114754
5.2905000000000004e-06,-0.63887984586755309
5.2909999999999998e-06,-0.39014820269009626
5.2915000000000001e-06,-0.036345669709108352
5.2920000000000003e-06,0.3094738087191391
5.2924999999999997e-06,0.54247183686895883
5.293e-06,0.61125117948175001
5.2935000000000002e-06,0.53519648058420843
5.2939999999999996e-06,0.38600780736280382
5.2944999999999999e-06,0.24455478157000418
5.2950000000000001e-06,0.15704017035831758
5.2955000000000004e-06,0.11423502082865812
5.2959999999999998e-06,0.06444009434598115
5.2965e-06,-0.047970094625533338
5.2970000000000003e-06,-0.24079139838427047
5.2974999999999997e-06,-0.47328628134668782
5.2979999999999999e-06,-0.65930788794728767
5.2985000000000002e-06,-0.70839602193453433
5.2989999999999996e-06,-0.57335508457117235
5.2994999999999998e-06,-0.27872839831224727
5.3000000000000001e-06,0.085672035307762032
5.3005000000000003e-06,0.40363285028560991
5.3009999999999997e-06,0.58411386778289698
5.3015e-06,0.59917720082293413
5.3020000000000002e-06,0.48931491650664227
5.3024999999999996e-06,0.33466601633374671
5.3029999999999999e-06,0.20868472118601711
5.3035000000000001e-06,0.13978083882223635
5.3040000000000004e-06,0.1015208872116157
5.3044999999999998e-06,0.035914932837813413
5.305e-06,-0.10409194065253291
5.3055000000000003e-06,-0.31750953857038455
5.3059999999999997e-06,-0.54531949521711576
5.3064999999999999e-06,-0.69450816843887975
5.3070000000000002e-06,-0.6842059364823303
5.3074999999999996e-06,-0.48952360716401117
5.3079999999999998e-06,-0.15932385505287952
5.3085000000000001e-06,0.20230665126654437
5.3090000000000003e-06,0.48195894688625607
5.3094999999999997e-06,0.60677316866900766
5.31e-06,0.57287588657780708
5.3105000000000002e-06,0.43852151332380329
5.3109999999999996e-06,0.28691373577836177
5.3114999999999999e-06,0.17964673195081882
5.3120000000000001e-06,0.1262086096410403
5.3125000000000004e-06,0.085672035307827826
5.3129999999999998e-06,-0.001304157667417094
5.3135e-06,-0.16888794873840585
5.3140000000000003e-06,-0.39613255688959914
5.3144999999999997e-06,-0.60851448476427017
5.3149999999999999e-06,-0.71149615159113089
5.3155000000000002e-06,-0.63887984586748103
5.3159999999999996e-06,-0.39014820268995898
5.3164999999999998e-06,-0.036345669709394804
5.3170000000000001e-06,0.30947380871890395
5.3175000000000003e-06,0.54247183686902511
5.3179999999999997e-06,0.61125117948175967
5.3185e-06,0.5351964805843068
5.3190000000000002e-06,0.38600780736254653
5.3194999999999996e-06,0.24455478157009541
5.3199999999999999e-06,0.15704017035829212
5.3205000000000001e-06,0.11423502082868589
5.3210000000000004e-06,0.064440094345949286
5.3214999999999998e-06,-0.047970094625413739
5.322e-06,-0.24079139838409672
5.3225000000000003e-06,-0.47328628134705736
5.3229999999999997e-06,-0.65930788794718664
5.3234999999999999e-06,-0.70839602193451678
5.3240000000000002e-06,-0.57335508457080342
5.3244999999999996e-06,-0.27872839831251722
5.3249999999999998e-06,0.085672035307483033
5.3255000000000001e-06,0.40363285028540852
5.3260000000000003e-06,0.5841138677829385
5.3264999999999997e-06,0.59917720082297965
5.327e-06,0.48931491650657893
5.3275000000000002e-06,0.33466601633350151
5.3279999999999996e-06,0.20868472118597509
5.3284999999999999e-06,0.13978083882227146
5.3290000000000001e-06,0.10152088721164798
5.3295000000000004e-06,0.035914932837771085
5.3299999999999998e-06,-0.10409194065239194
5.3305e-06,-0.31750953857020275
5.3310000000000003e-06,-0.54531949521745093
5.3314999999999997e-06,-0.69450816843891394
5.3319999999999999e-06,-0.68420593648241124
5.3325000000000002e-06,-0.48952360716355858
5.3329999999999996e-06,-0.15932385505316293
5.3334999999999998e-06,0.20230665126628283
5.3340000000000001e-06,0.48195894688609414
5.3345000000000003e-06,0.60677316866907338
5.3349999999999997e-06,0.57287588657788258
5.3355e-06,0.43852151332373568
5.3360000000000002e-06,0.28691373577813917
5.3364999999999996e-06,0.17964673195087849
5.3369999999999999e-06,0.12620860964106911
5.3375000000000001e-06,0.085672035307870084
5.3380000000000004e-06,-0.0013041576676228461
5.3384999999999998e-06,-0.1688879487382462
5.339e-06,-0.39613255688970073
5.3395000000000003e-06,-0.60851448476455305
5.3399999999999997e-06,-0.7114961515911401
5.3404999999999999e-06,-0.63887984586761037
5.3410000000000002e-06,-0.3901482026898217
5.3414999999999996e-06,-0.036345669709681262
5.3419999999999998e-06,0.30947380871866875
5.3425000000000001e-06,0.54247183686909128
5.3430000000000003e-06,0.61125117948173935
5.3434999999999997e-06,0.53519648058425207
5.344e-06,0.38600780736266826
5.3445000000000002e-06,0.24455478156990262
5.3449999999999996e-06,0.15704017035833792
5.3454999999999999e-06,0.11423502082871363
5.3460000000000001e-06,0.064440094346006463
5.3465000000000004e-06,-0.047970094625666565
5.3469999999999998e-06,-0.24079139838419356
5.3475e-06,-0.47328628134688255
5.3480000000000003e-06,-0.65930788794740036
5.3484999999999997e-06,-0.7083960219345482
5.3489999999999999e-06,-0.57335508457097784
5.3495000000000002e-06,-0.27872839831236684
5.3499999999999996e-06,0.085672035307204047
5.3504999999999998e-06,0.40363285028520712
5.3510000000000001e-06,0.58411386778298002
5.3515000000000003e-06,0.59917720082288328
5.3519999999999997e-06,0.48931491650669257
5.3525e-06,0.33466601633361748
5.3530000000000002e-06,0.20868472118593312
5.3534999999999997e-06,0.13978083882230649
5.3539999999999999e-06,0.10152088721168025
5.3545000000000001e-06,0.035914932837728758
5.3550000000000004e-06,-0.10409194065268995
5.3554999999999998e-06,-0.31750953857030406
5.356e-06,-0.54531949521729239
5.3565000000000003e-06,-0.69450816843894825
5.3569999999999997e-06,-0.68420593648249217
5.3575e-06,-0.48952360716377258
5.3580000000000002e-06,-0.15932385505256377
5.3584999999999996e-06,0.20230665126602121
5.3589999999999999e-06,0.48195894688618435
5.3595000000000001e-06,0.6067731686690423
5.3600000000000004e-06,0.57287588657772281
5.3604999999999998e-06,0.43852151332385692
5.361e-06,0.28691373577824447
5.3615000000000003e-06,0.17964673195084524
5.3619999999999997e-06,0.12620860964109795
5.3624999999999999e-06,0.085672035307846561
5.3630000000000002e-06,-0.0013041576675255351
5.3635000000000004e-06,-0.16888794873858365
5.3639999999999998e-06,-0.39613255688951832
5.3645000000000001e-06,-0.60851448476441927
5.3650000000000003e-06,-0.71149615159114943
5.3654999999999997e-06,-0.63887984586773972
5.366e-06,-0.39014820269006811
5.3665000000000002e-06,-0.036345669709075677
5.3669999999999996e-06,0.30947380871879976
5.3674999999999999e-06,0.54247183686897238
5.3680000000000001e-06,0.6112511794817489
5.3685000000000004e-06,0.53519648058419722
5.3689999999999998e-06,0.38600780736278995
5.3695e-06,0.24455478156999372
5.3700000000000003e-06,0.15704017035824108
5.3704999999999997e-06,0.1142350208287414
5.3709999999999999e-06,0.064440094345974613
5.3715000000000002e-06,-0.047970094625546966
5.3720000000000004e-06,-0.24079139838429031
5.3724999999999998e-06,-0.47328628134670775
5.3730000000000001e-06,-0.65930788794729911
5.3735000000000003e-06,-0.70839602193448159
5.3739999999999997e-06,-0.57335508457115236
5.3745e-06,-0.27872839831221652
5.3750000000000002e-06,0.085672035307793867
5.3754999999999996e-06,0.40363285028531931
5.3759999999999999e-06,0.58411386778290542
5.3765000000000001e-06,0.5991772008229288
5.3770000000000004e-06,0.48931491650662928
5.3774999999999998e-06,0.3346660163337335
5.378e-06,0.20868472118589113
5.3785000000000003e-06,0.13978083882223238
5.3789999999999997e-06,0.10152088721166228
5.3794999999999999e-06,0.035914932837804725
5.3800000000000002e-06,-0.10409194065254904
5.3805000000000004e-06,-0.31750953857040531
5.3809999999999998e-06,-0.54531949521713385
5.3815000000000001e-06,-0.69450816843888674
5.3820000000000003e-06,-0.68420593648232098
5.3824999999999997e-06,-0.4895236071636534
5.383e-06,-0.15932385505284716
5.3835000000000002e-06,0.20230665126657421
5.3839999999999996e-06,0.48195894688602248
5.3844999999999999e-06,0.60677316866901121
5.3850000000000001e-06,0.57287588657779831
5.3855000000000004e-06,0.43852151332360062
5.3859999999999998e-06,0.28691373577834978
5.3865e-06,0.17964673195081199
5.3870000000000003e-06,0.126208609641037
5.3874999999999997e-06,0.085672035307888819
5.3879999999999999e-06,-0.0013041576674281963
5.3885000000000002e-06,-0.16888794873842408
5.3890000000000004e-06,-0.39613255688990395
5.3894999999999998e-06,-0.60851448476428549
5.3900000000000001e-06,-0.71149615159115875
5.3905000000000003e-06,-0.63887984586746627
5.3909999999999997e-06,-0.39014820268993089
5.3915e-06,-0.036345669709362122
5.3920000000000002e-06,0.30947380871893077
5.3924999999999996e-06,0.54247183686885347
5.3929999999999999e-06,0.61125117948175856
5.3935000000000001e-06,0.53519648058414238
5.3940000000000004e-06,0.3860078073625326
5.3944999999999998e-06,0.24455478156994298
5.395e-06,0.15704017035828691
5.3955000000000003e-06,0.11423502082868271
5.3959999999999997e-06,0.064440094346031818
5.3964999999999999e-06,-0.047970094625427367
5.3970000000000002e-06,-0.24079139838411656
5.3975000000000004e-06,-0.47328628134707729
5.3979999999999998e-06,-0.65930788794735551
5.3985000000000001e-06,-0.70839602193451312
5.3990000000000003e-06,-0.57335508457078355
5.3994999999999997e-06,-0.27872839831248641
5.4e-06,0.085672035307514868
5.4005000000000002e-06,0.4036328502854315
5.4009999999999996e-06,0.58411386778283081
5.4014999999999999e-06,0.59917720082297443
5.4020000000000001e-06,0.48931491650656606
5.4025000000000004e-06,0.3346660163334883
5.4029999999999998e-06,0.20868472118596645
5.4035e-06,0.13978083882226747
5.4040000000000003e-06,0.10152088721164429
5.4044999999999997e-06,0.03591493283788072
5.4049999999999999e-06,-0.10409194065240801
5.4055000000000002e-06,-0.31750953857050657
5.4060000000000004e-06,-0.54531949521746903
5.4064999999999998e-06,-0.69450816843892105
5.4070000000000001e-06,-0.68420593648240202
5.4075000000000003e-06,-0.48952360716353405
5.4079999999999997e-06,-0.1593238550531306
5.4085e-06,0.20230665126631264
5.4090000000000002e-06,0.48195894688636481
5.4094999999999996e-06,0.60677316866898012
5.4099999999999999e-06,0.57287588657775623
5.4105000000000001e-06,0.43852151332372191
5.4110000000000004e-06,0.28691373577812718
5.4114999999999998e-06,0.17964673195087172
5.412e-06,0.12620860964106584
5.4125000000000003e-06,0.085672035307865282
5.4129999999999997e-06,-0.0013041576673308575
5.4134999999999999e-06,-0.1688879487385129
5.4140000000000002e-06,-0.39613255688972149
5.4145000000000004e-06,-0.60851448476456838
5.4149999999999998e-06,-0.71149615159114199
5.4155000000000001e-06,-0.63887984586759561
5.4160000000000003e-06,-0.39014820268979356
5.4164999999999997e-06,-0.03634566970964858
5.417e-06,0.30947380871869556
5.4175000000000002e-06,0.54247183686910483
5.4179999999999996e-06,0.61125117948175323
5.4184999999999999e-06,0.53519648058424074
5.4190000000000001e-06,0.38600780736265439
5.4195000000000004e-06,0.24455478156989216
5.4199999999999998e-06,0.15704017035833265
5.4205e-06,0.11423502082871045
5.4210000000000003e-06,0.064440094345910928
5.4214999999999997e-06,-0.047970094625307741
5.4219999999999999e-06,-0.24079139838421335
5.4225000000000002e-06,-0.47328628134690248
5.4229999999999996e-06,-0.65930788794725448
5.4234999999999998e-06,-0.70839602193454465
5.4240000000000001e-06,-0.57335508457095796
5.4245000000000003e-06,-0.27872839831191587
5.4249999999999997e-06,0.085672035307235883
5.4255e-06,0.40363285028554363
5.4260000000000002e-06,0.58411386778298857
5.4264999999999996e-06,0.59917720082294901
5.4269999999999999e-06,0.48931491650667963
5.4275000000000001e-06,0.33466601633360427
5.4280000000000004e-06,0.20868472118592446
5.4284999999999998e-06,0.13978083882230252
5.429e-06,0.1015208872116263
5.4295000000000003e-06,0.035914932837720098
5.4299999999999997e-06,-0.10409194065248653
5.4304999999999999e-06,-0.31750953857032477
5.4310000000000002e-06,-0.54531949521731049
5.4314999999999996e-06,-0.69450816843885943
5.4319999999999998e-06,-0.68420593648248296
5.4325000000000001e-06,-0.48952360716341481
5.4330000000000003e-06,-0.15932385505253141
5.4334999999999997e-06,0.20230665126605107
5.434e-06,0.48195894688595076
5.4345000000000002e-06,0.60677316866909414
5.4349999999999996e-06,0.57287588657783184
5.4354999999999999e-06,0.43852151332384304
5.4360000000000001e-06,0.28691373577823243
5.4365000000000004e-06,0.17964673195083844
5.4369999999999998e-06,0.12620860964104977
5.4375e-06,0.085672035307841732
5.4380000000000003e-06,-0.0013041576675366373
5.4384999999999997e-06,-0.16888794873810478
5.4389999999999999e-06,-0.39613255688982307
5.4395000000000002e-06,-0.60851448476464287
5.4399999999999996e-06,-0.71149615159112534
5.4404999999999998e-06,-0.63887984586772495
5.4410000000000001e-06,-0.39014820269004002
5.4415000000000003e-06,-0.036345669709488999
5.4419999999999997e-06,0.30947380871882657
5.4425e-06,0.54247183686898603
5.4430000000000002e-06,0.6112511794817479
5.4434999999999996e-06,0.53519648058418601
5.4439999999999999e-06,0.38600780736258655
5.4445000000000001e-06,0.2445547815698414
5.4450000000000004e-06,0.15704017035823584
5.4454999999999998e-06,0.11423502082873821
5.446e-06,0.064440094346057103
5.4465000000000003e-06,-0.047970094625746834
5.4469999999999997e-06,-0.24079139838403962
5.4474999999999999e-06,-0.47328628134672768
5.4480000000000002e-06,-0.65930788794731077
5.4484999999999996e-06,-0.70839602193452711
5.4489999999999998e-06,-0.57335508457086082
5.4495000000000001e-06,-0.27872839831218577
5.4500000000000003e-06,0.085672035307825703
5.4504999999999997e-06,0.40363285028502877
5.451e-06,0.58411386778303009
5.4515000000000002e-06,0.59917720082285264
5.4519999999999996e-06,0.48931491650679326
5.4524999999999999e-06,0.33466601633372028
5.4530000000000001e-06,0.2086847211859999
5.4535000000000004e-06,0.13978083882228301
5.4539999999999998e-06,0.1015208872116586
5.4545e-06,0.035914932837796038
5.4550000000000003e-06,-0.10409194065256508
5.4554999999999997e-06,-0.31750953857042596
5.4559999999999999e-06,-0.54531949521739886
5.4565000000000002e-06,-0.69450816843898955
5.4569999999999996e-06,-0.68420593648256389
5.4574999999999998e-06,-0.48952360716396232
5.4580000000000001e-06,-0.15932385505325614
5.4585000000000003e-06,0.20230665126701131
5.4589999999999997e-06,0.48195894688604096
5.4595e-06,0.60677316866901476
5.4600000000000002e-06,0.57287588657778976
5.4604999999999996e-06,0.43852151332377559
5.4609999999999999e-06,0.28691373577817375
5.4615000000000001e-06,0.17964673195080513
5.4620000000000004e-06,0.12620860964103375
5.4624999999999998e-06,0.085672035307949812
5.463e-06,-0.0013041576675908439
5.4635000000000003e-06,-0.16888794873869073
5.4639999999999997e-06,-0.39613255688935672
5.4644999999999999e-06,-0.6085144847643007
5.4650000000000002e-06,-0.71149615159113466
5.4654999999999996e-06,-0.6388798458676529
5.4659999999999998e-06,-0.3901482026899028
5.4665000000000001e-06,-0.036345669709329446
5.4670000000000003e-06,0.30947380871895758
5.4674999999999997e-06,0.5424718368690522
5.468e-06,0.61125117948174246
5.4685000000000002e-06,0.53519648058413116
5.4689999999999996e-06,0.38600780736289775
5.4694999999999999e-06,0.24455478157007451
5.4700000000000001e-06,0.15704017035821036
5.4705000000000004e-06,0.11423502082863632
5.4709999999999998e-06,0.064440094346025267
5.4715e-06,-0.047970094625441023
5.4720000000000003e-06,-0.24079139838413638
5.4724999999999997e-06,-0.47328628134682504
5.4729999999999999e-06,-0.65930788794736694
5.4735000000000002e-06,-0.70839602193450957
5.4739999999999996e-06,-0.57335508457130691
5.4744999999999998e-06,-0.27872839831203539
5.4750000000000001e-06,0.08567203530798112
5.4755000000000003e-06,0.40363285028576801
5.4759999999999997e-06,0.58411386778283936
5.4765e-06,0.59917720082296921
5.4770000000000002e-06,0.48931491650672987
5.4774999999999996e-06,0.33466601633365567
5.4779999999999999e-06,0.20868472118595788
5.4785000000000001e-06,0.13978083882226344
5.4790000000000004e-06,0.1015208872116406
5.4794999999999998e-06,0.035914932837753738
5.48e-06,-0.1040919406526436
5.4805000000000003e-06,-0.31750953857052727
5.4809999999999997e-06,-0.5453194952169933
5.4814999999999999e-06,-0.69450816843883234
5.4820000000000002e-06,-0.68420593648226669
5.4824999999999996e-06,-0.48952360716384302
5.4829999999999999e-06,-0.15932385505309826
5.4835000000000001e-06,0.20230665126634251
5.4840000000000003e-06,0.48195894688613117
5.4844999999999998e-06,0.60677316866903208
5.485e-06,0.57287588657774768
5.4855000000000002e-06,0.43852151332370798
5.4859999999999997e-06,0.28691373577844304
5.4864999999999999e-06,0.17964673195077185
5.4870000000000002e-06,0.12620860964101768
5.4875000000000004e-06,0.085672035307794631
5.4879999999999998e-06,-0.0013041576673419597
5.4885000000000001e-06,-0.16888794873828267
5.4890000000000003e-06,-0.39613255688945831
5.4894999999999997e-06,-0.6085144847643752
5.49e-06,-0.71149615159114399
5.4905000000000002e-06,-0.63887984586758084
5.4909999999999996e-06,-0.39014820268976547
5.4914999999999999e-06,-0.036345669709169873
5.4920000000000001e-06,0.30947380871908858
5.4925000000000004e-06,0.54247183686911848
5.4929999999999998e-06,0.61125117948176699
5.4935e-06,0.53519648058438274
5.4940000000000003e-06,0.38600780736245088
5.4944999999999997e-06,0.24455478157002375
5.4949999999999999e-06,0.1570401703583274
5.4955000000000002e-06,0.1142350208287073
5.4960000000000004e-06,0.064440094345993446
5.4964999999999998e-06,-0.047970094625507637
5.4970000000000001e-06,-0.24079139838423314
5.4975000000000003e-06,-0.47328628134692241
5.4979999999999997e-06,-0.6593078879471086
5.4985e-06,-0.70839602193449203
5.4990000000000002e-06,-0.57335508457066653
5.4994999999999996e-06,-0.2787283983127255
5.4999999999999999e-06,0.085672035307267705
5.5005000000000001e-06,0.40363285028525309
5.5010000000000004e-06,0.58411386778288088
5.5014999999999998e-06,0.5991772008229439
5.502e-06,0.48931491650666664
5.5025000000000003e-06,0.33466601633359105
5.5029999999999997e-06,0.20868472118591588
5.5034999999999999e-06,0.13978083882224387
5.5040000000000002e-06,0.10152088721162261
5.5045000000000004e-06,0.035914932837711411
5.5049999999999998e-06,-0.10409194065228314
5.5055000000000001e-06,-0.31750953857006248
5.5060000000000003e-06,-0.5453194952175755
5.5064999999999997e-06,-0.69450816843886642
5.507e-06,-0.68420593648247374
5.5075000000000002e-06,-0.48952360716372378
5.5079999999999996e-06,-0.15932385505294039
5.5084999999999999e-06,0.2023066512664882
5.5090000000000001e-06,0.48195894688622132
5.5095000000000004e-06,0.60677316866904929
5.5099999999999998e-06,0.57287588657794086
5.5105e-06,0.43852151332364042
5.5110000000000003e-06,0.28691373577805646
5.5114999999999997e-06,0.17964673195092459
5.5119999999999999e-06,0.12620860964109137
5.5125000000000002e-06,0.085672035307902725
5.5130000000000004e-06,-0.0013041576676992572
5.5134999999999998e-06,-0.16888794873837149
5.5140000000000001e-06,-0.39613255688955995
5.5145000000000003e-06,-0.6085144847644498
5.5149999999999997e-06,-0.71149615159115331
5.5155e-06,-0.63887984586750879
5.5160000000000002e-06,-0.39014820268962813
5.5164999999999996e-06,-0.036345669709902349
5.5169999999999999e-06,0.30947380871848723
5.5175000000000001e-06,0.54247183686918465
5.5180000000000004e-06,0.61125117948173169
5.5184999999999998e-06,0.535196480584328
5.519e-06,0.38600780736276219
5.5195000000000003e-06,0.24455478156997296
5.5199999999999997e-06,0.15704017035830184
5.5204999999999999e-06,0.11423502082869183
5.5210000000000002e-06,0.064440094345961582
5.5215000000000004e-06,-0.047970094625574278
5.5219999999999998e-06,-0.24079139838432989
5.5225000000000001e-06,-0.47328628134701978
5.5230000000000003e-06,-0.65930788794747963
5.5234999999999997e-06,-0.70839602193457252
5.524e-06,-0.57335508457111251
5.5245000000000002e-06,-0.27872839831257518
5.5249999999999996e-06,0.085672035307423122
5.5254999999999999e-06,0.40363285028536527
5.5260000000000001e-06,0.58411386778292251
5.5265000000000004e-06,0.59917720082291837
5.5269999999999998e-06,0.4893149165066033
5.5275e-06,0.33466601633352644
5.5280000000000003e-06,0.20868472118587386
5.5284999999999997e-06,0.13978083882233364
5.5289999999999999e-06,0.10152088721170516
5.5295000000000002e-06,0.035914932837669111
5.5300000000000004e-06,-0.10409194065280067
5.5304999999999998e-06,-0.31750953857016373
5.5310000000000001e-06,-0.54531949521716994
5.5315000000000003e-06,-0.69450816843890084
5.5319999999999997e-06,-0.68420593648242867
5.5325e-06,-0.48952360716360449
5.5330000000000002e-06,-0.15932385505278249
5.5334999999999996e-06,0.20230665126581937
5.5339999999999999e-06,0.48195894688631158
5.5345000000000001e-06,0.60677316866906661
5.5350000000000004e-06,0.57287588657766364
5.5354999999999998e-06,0.43852151332395051
5.536e-06,0.28691373577832568
5.5365000000000003e-06,0.17964673195089131
5.5369999999999997e-06,0.1262086096410753
5.5374999999999999e-06,0.08567203530787916
5.5380000000000002e-06,-0.0013041576674504007
5.5385000000000004e-06,-0.16888794873846047
5.5389999999999998e-06,-0.39613255688966154
5.5395000000000001e-06,-0.6085144847645243
5.5400000000000003e-06,-0.71149615159116264
5.5404999999999997e-06,-0.63887984586783964
5.541e-06,-0.39014820269025829
5.5415000000000002e-06,-0.036345669708850732
5.5419999999999996e-06,0.30947380871861824
5.5424999999999999e-06,0.54247183686888056
5.5430000000000001e-06,0.61125117948175633
5.5435000000000004e-06,0.53519648058427316
5.5439999999999998e-06,0.38600780736269436
5.5445e-06,0.24455478156992214
5.5450000000000003e-06,0.15704017035827642
5.5454999999999997e-06,0.1142350208287628
5.5459999999999999e-06,0.064440094345929719
5.5465000000000002e-06,-0.047970094625640863
5.5470000000000004e-06,-0.2407913983844267
5.5474999999999998e-06,-0.47328628134657286
5.5480000000000001e-06,-0.65930788794722128
5.5485000000000003e-06,-0.70839602193445694
5.5489999999999997e-06,-0.57335508457101536
5.5495e-06,-0.2787283983124248
5.5500000000000002e-06,0.08567203530757854
5.5504999999999996e-06,0.40363285028547746
5.5509999999999999e-06,0.58411386778296404
5.5515000000000001e-06,0.59917720082289294
5.5520000000000004e-06,0.48931491650654002
5.5524999999999998e-06,0.33466601633382298
5.553e-06,0.2086847211858319
5.5535000000000003e-06,0.13978083882220482
5.5539999999999997e-06,0.10152088721168717
5.5544999999999999e-06,0.035914932837863373
5.5550000000000002e-06,-0.10409194065244018
5.5554999999999996e-06,-0.31750953857026498
5.5559999999999998e-06,-0.54531949521725831
5.5565000000000001e-06,-0.69450816843893515
5.5570000000000003e-06,-0.68420593648238359
5.5574999999999997e-06,-0.4895236071634852
5.558e-06,-0.15932385505262464
5.5585000000000002e-06,0.2023066512667796
5.5589999999999996e-06,0.48195894688589747
5.5594999999999999e-06,0.60677316866898723
5.5600000000000001e-06,0.57287588657785671
5.5605000000000004e-06,0.43852151332350536
5.5609999999999998e-06,0.28691373577826706
5.5615e-06,0.17964673195085806
5.5620000000000003e-06,0.12620860964105926
5.5624999999999997e-06,0.08567203530785561
5.5629999999999999e-06,-0.0013041576675046074
5.5635000000000002e-06,-0.16888794873854937
5.5639999999999996e-06,-0.39613255688919513
5.5644999999999998e-06,-0.60851448476418224
5.5650000000000001e-06,-0.71149615159117185
5.5655000000000003e-06,-0.63887984586736468
5.5659999999999997e-06,-0.39014820269012107
5.5665e-06,-0.036345669709583209
5.5670000000000002e-06,0.30947380871874924
5.5674999999999996e-06,0.54247183686894684
5.5679999999999999e-06,0.61125117948175101
5.5685000000000001e-06,0.53519648058421831
5.5690000000000004e-06,0.38600780736262658
5.5694999999999998e-06,0.24455478156987132
5.57e-06,0.15704017035825091
5.5705000000000003e-06,0.11423502082866091
5.5709999999999997e-06,0.064440094346075893
5.5714999999999999e-06,-0.047970094625335052
5.5720000000000002e-06,-0.2407913983839825
5.5724999999999996e-06,-0.47328628134667022
5.5729999999999998e-06,-0.65930788794727757
5.5735000000000001e-06,-0.70839602193453743
5.5740000000000003e-06,-0.57335508457091822
5.5744999999999997e-06,-0.27872839831227447
5.575e-06,0.085672035307733943
5.5755000000000002e-06,0.40363285028558959
5.5759999999999996e-06,0.5841138677827733
5.5764999999999999e-06,0.59917720082300963
5.5770000000000001e-06,0.48931491650647679
5.5775000000000004e-06,0.33466601633339721
5.5779999999999998e-06,0.20868472118602474
5.5785e-06,0.13978083882229456
5.5790000000000003e-06,0.10152088721166921
5.5794999999999997e-06,0.035914932837821045
5.5799999999999999e-06,-0.10409194065251876
5.5805000000000002e-06,-0.31750953857036623
5.5809999999999996e-06,-0.54531949521685275
5.5814999999999998e-06,-0.69450816843896934
5.5820000000000001e-06,-0.68420593648233841
5.5825000000000003e-06,-0.48952360716336596
5.5829999999999997e-06,-0.15932385505334934
5.5835e-06,0.20230665126611075
5.5840000000000002e-06,0.48195894688649193
5.5844999999999996e-06,0.60677316866900455
5.5849999999999999e-06,0.57287588657781463
5.5855000000000001e-06,0.43852151332381539
5.5860000000000004e-06,0.28691373577820833
5.5864999999999998e-06,0.17964673195082478
5.587e-06,0.12620860964104319
5.5875000000000003e-06,0.085672035307832087
5.5879999999999997e-06,-0.0013041576672557231
5.5884999999999999e-06,-0.16888794873863827
5.5890000000000002e-06,-0.39613255688986476
5.5894999999999996e-06,-0.60851448476425674
5.5899999999999998e-06,-0.71149615159112933
5.5905000000000001e-06,-0.63887984586769542
5.5910000000000003e-06,-0.39014820268998374
5.5914999999999997e-06,-0.036345669709423635
5.592e-06,0.30947380871888031
5.5925000000000002e-06,0.54247183686901301
5.5929999999999996e-06,0.61125117948174557
5.5934999999999999e-06,0.53519648058416358
5.5940000000000001e-06,0.38600780736255874
5.5945000000000004e-06,0.24455478156982058
5.5949999999999998e-06,0.15704017035836804
5.5955e-06,0.11423502082873188
5.5960000000000003e-06,0.064440094345866047
5.5964999999999997e-06,-0.047970094625401638
5.5969999999999999e-06,-0.24079139838407926
5.5975000000000002e-06,-0.47328628134676759
5.5979999999999996e-06,-0.65930788794733375
5.5984999999999998e-06,-0.70839602193451989
5.5990000000000001e-06,-0.57335508457082096
5.5995000000000003e-06,-0.27872839831212415
5.5999999999999997e-06,0.085672035307020541
5.6005e-06,0.40363285028570173
5.6010000000000002e-06,0.58411386778304708
5.6014999999999996e-06,0.5991772008229842
5.6019999999999999e-06,0.48931491650676723
5.6025000000000001e-06,0.33466601633369375
5.6030000000000004e-06,0.20868472118598272
5.6034999999999998e-06,0.13978083882227496
5.604e-06,0.10152088721165121
5.6045000000000003e-06,0.035914932837778718
5.6049999999999997e-06,-0.10409194065259725
5.6054999999999999e-06,-0.31750953857046749
5.6060000000000002e-06,-0.54531949521743506
5.6064999999999996e-06,-0.69450816843881202
5.6069999999999998e-06,-0.68420593648254535
5.6075000000000001e-06,-0.48952360716391341
5.6080000000000003e-06,-0.15932385505230887
5.6084999999999997e-06,0.20230665126625647
5.609e-06,0.48195894688607788
5.6095000000000002e-06,0.60677316866902187
5.6099999999999997e-06,0.57287588657777266
5.6104999999999999e-06,0.43852151332374789
5.6110000000000001e-06,0.28691373577814971
5.6115000000000004e-06,0.17964673195079148
5.6119999999999998e-06,0.12620860964111685
5.6125000000000001e-06,0.085672035307808536
5.6130000000000003e-06,-0.0013041576676130484
5.6134999999999997e-06,-0.16888794873823013
5.614e-06,-0.39613255688939841
5.6145000000000002e-06,-0.60851448476433134
5.6149999999999996e-06,-0.71149615159113855
5.6154999999999999e-06,-0.63887984586762347
5.6160000000000001e-06,-0.39014820268984651
5.6165000000000004e-06,-0.036345669709264082
5.6169999999999998e-06,0.30947380871901131
5.6175e-06,0.54247183686907929
5.6180000000000003e-06,0.61125117948174035
5.6184999999999997e-06,0.53519648058441516
5.6189999999999999e-06,0.38600780736286999
5.6195000000000002e-06,0.24455478156976976
5.6200000000000004e-06,0.15704017035819992
5.6204999999999998e-06,0.11423502082871642
5.6210000000000001e-06,0.064440094346012236
5.6215000000000003e-06,-0.047970094625468307
5.6219999999999997e-06,-0.24079139838417607
5.6225e-06,-0.47328628134686496
5.6230000000000002e-06,-0.65930788794739004
5.6234999999999996e-06,-0.70839602193460038
5.6239999999999999e-06,-0.57335508457072382
5.6245000000000001e-06,-0.27872839831197382
5.6250000000000004e-06,0.085672035308044778
5.6254999999999998e-06,0.40363285028518692
5.626e-06,0.58411386778285634
5.6265000000000003e-06,0.59917720082295889
5.6269999999999997e-06,0.489314916506704
5.6274999999999999e-06,0.33466601633362919
5.6280000000000002e-06,0.20868472118594067
5.6285000000000004e-06,0.13978083882225545
5.6289999999999998e-06,0.10152088721163324
5.6295000000000001e-06,0.035914932837736419
5.6300000000000003e-06,-0.10409194065267577
5.6304999999999997e-06,-0.31750953857000275
5.631e-06,-0.5453194952170296
5.6315000000000002e-06,-0.69450816843903784
5.6319999999999996e-06,-0.68420593648250039
5.6324999999999999e-06,-0.48952360716379417
5.6330000000000001e-06,-0.15932385505303359
5.6335000000000004e-06,0.20230665126640218
5.6339999999999998e-06,0.48195894688616814
5.6345e-06,0.60677316866903919
5.6350000000000003e-06,0.57287588657773059
5.6354999999999997e-06,0.43852151332405787
5.6359999999999999e-06,0.28691373577809104
5.6365000000000002e-06,0.17964673195075825
5.6370000000000004e-06,0.1262086096410111
5.6374999999999998e-06,0.085672035307916616
5.6380000000000001e-06,-0.0013041576673641642
5.6385000000000003e-06,-0.168887948738319
5.6389999999999997e-06,-0.3961325568895
5.6395e-06,-0.60851448476440573
5.6400000000000002e-06,-0.71149615159114776
5.6404999999999996e-06,-0.63887984586755131
5.6409999999999999e-06,-0.39014820268970918
5.6415000000000001e-06,-0.036345669709104515
5.6420000000000004e-06,0.30947380871914232
5.6424999999999998e-06,0.5424718368687752
5.643e-06,0.61125117948176477
5.6435000000000003e-06,0.535196480584054
5.6439999999999997e-06,0.38600780736280216
5.6444999999999999e-06,0.24455478157000296
5.6450000000000002e-06,0.15704017035831691
5.6455000000000004e-06,0.11423502082870096
5.6459999999999998e-06,0.064440094345980359
5.6465000000000001e-06,-0.047970094625534948
5.6470000000000003e-06,-0.2407913983842728
5.6474999999999997e-06,-0.47328628134641787
5.648e-06,-0.65930788794744644
5.6485000000000002e-06,-0.7083960219344847
5.6489999999999996e-06,-0.5733550845711699
5.6494999999999999e-06,-0.27872839831266394
5.6500000000000001e-06,0.08567203530733139
5.6505000000000004e-06,0.4036328502859261
5.6509999999999998e-06,0.58411386778289798
5.6515e-06,0.59917720082293346
5.6520000000000003e-06,0.48931491650664072
5.6524999999999997e-06,0.33466601633356458
5.6529999999999999e-06,0.20868472118589873
5.6535000000000002e-06,0.13978083882223588
5.6540000000000004e-06,0.10152088721161526
5.6544999999999998e-06,0.035914932837930652
5.6550000000000001e-06,-0.10409194065275426
5.6555000000000003e-06,-0.31750953857066988
5.6559999999999997e-06,-0.54531949521711776
5.6565e-06,-0.69450816843888064
5.6570000000000002e-06,-0.6842059364824552
5.6574999999999996e-06,-0.48952360716367493
5.6579999999999999e-06,-0.15932385505287572
5.6585000000000001e-06,0.20230665126654787
5.6590000000000004e-06,0.48195894688625829
5.6594999999999998e-06,0.60677316866905651
5.66e-06,0.5728758865776884
5.6605000000000003e-06,0.43852151332361283
5.6609999999999997e-06,0.28691373577836032
5.6614999999999999e-06,0.17964673195091097
5.6620000000000002e-06,0.12620860964108477
5.6625000000000004e-06,0.085672035307761449
5.6629999999999998e-06,-0.0013041576674183708
5.6635000000000001e-06,-0.16888794873840798
5.6640000000000003e-06,-0.39613255688960158
5.6644999999999997e-06,-0.60851448476448033
5.665e-06,-0.71149615159115709
5.6655000000000002e-06,-0.63887984586747926
5.6659999999999996e-06,-0.39014820269033945
5.6664999999999999e-06,-0.036345669709836978
5.6670000000000001e-06,0.30947380871927332
5.6675000000000004e-06,0.54247183686921185
5.6679999999999998e-06,0.61125117948175944
5.6685e-06,0.53519648058430547
5.6690000000000003e-06,0.38600780736273438
5.6694999999999997e-06,0.24455478156995214
5.6699999999999999e-06,0.15704017035829149
5.6705000000000002e-06,0.1142350208286855
5.6710000000000004e-06,0.064440094345948537
5.6714999999999998e-06,-0.047970094625601534
5.6720000000000001e-06,-0.24079139838436955
5.6725000000000003e-06,-0.47328628134705969
5.6729999999999997e-06,-0.65930788794718809
5.6735e-06,-0.70839602193456541
5.6740000000000002e-06,-0.57335508457107287
5.6744999999999996e-06,-0.27872839831251356
5.6749999999999999e-06,0.085672035307486794
5.6755000000000001e-06,0.40363285028541124
5.6760000000000004e-06,0.5841138677829395
5.6764999999999998e-06,0.59917720082290804
5.677e-06,0.48931491650657738
5.6775000000000003e-06,0.33466601633350002
5.6779999999999997e-06,0.20868472118609149
5.6784999999999999e-06,0.13978083882232561
5.6790000000000002e-06,0.1015208872115973
5.6794999999999996e-06,0.035914932837888353
5.6799999999999998e-06,-0.10409194065239383
5.6805000000000001e-06,-0.31750953857020525
5.6810000000000003e-06,-0.54531949521720613
5.6814999999999997e-06,-0.69450816843891494
5.682e-06,-0.68420593648241013
5.6825000000000002e-06,-0.48952360716355559
5.6829999999999996e-06,-0.15932385505360042
5.6834999999999999e-06,0.20230665126669359
5.6840000000000001e-06,0.48195894688634849
5.6845000000000004e-06,0.60677316866907371
5.6849999999999998e-06,0.57287588657788147
5.6855e-06,0.43852151332392281
5.6860000000000003e-06,0.2869137357783017
5.6864999999999997e-06,0.17964673195087766
5.6869999999999999e-06,0.12620860964106873
5.6875000000000002e-06,0.085672035307869529
5.6879999999999996e-06,-0.0013041576674726052
5.6884999999999998e-06,-0.16888794873849686
5.6890000000000001e-06,-0.39613255688970322
5.6895000000000003e-06,-0.60851448476455494
5.6899999999999997e-06,-0.71149615159111446
5.6905e-06,-0.6388798458678101
5.6910000000000002e-06,-0.39014820268943468
5.6914999999999996e-06,-0.036345669709677418
5.6919999999999999e-06,0.30947380871867192
5.6925000000000001e-06,0.54247183686890776
5.6930000000000004e-06,0.61125117948175411
5.6934999999999998e-06,0.53519648058425073
5.694e-06,0.3860078073626666
5.6945000000000003e-06,0.24455478156990137
5.6949999999999997e-06,0.1570401703582659
5.6954999999999999e-06,0.11423502082867004
5.6960000000000002e-06,0.064440094345916701
5.6964999999999996e-06,-0.047970094625295723
5.6969999999999998e-06,-0.24079139838392535
5.6975000000000001e-06,-0.47328628134661271
5.6980000000000003e-06,-0.65930788794755901
5.6984999999999997e-06,-0.70839602193454776
5.699e-06,-0.57335508457097561
5.6995000000000002e-06,-0.27872839831236323
5.6999999999999996e-06,0.085672035307642211
5.7004999999999999e-06,0.40363285028552343
5.7010000000000001e-06,0.58411386778298102
5.7015000000000004e-06,0.59917720082288262
5.7019999999999998e-06,0.48931491650686793
5.7025e-06,0.3346660163334354
5.7030000000000003e-06,0.20868472118581466
5.7034999999999997e-06,0.13978083882230602
5.7039999999999999e-06,0.10152088721167982
5.7045000000000002e-06,0.035914932837846025
5.7049999999999996e-06,-0.1040919406524724
5.7054999999999998e-06,-0.31750953857030639
5.7060000000000001e-06,-0.54531949521729439
5.7065000000000003e-06,-0.69450816843894914
5.7069999999999997e-06,-0.68420593648236494
5.7075e-06,-0.48952360716343635
5.7080000000000002e-06,-0.15932385505255994
5.7084999999999996e-06,0.20230665126602476
5.7089999999999999e-06,0.48195894688593438
5.7095000000000001e-06,0.60677316866899433
5.7100000000000004e-06,0.57287588657760424
5.7104999999999998e-06,0.43852151332385536
5.711e-06,0.28691373577824303
5.7115000000000003e-06,0.17964673195084441
5.7119999999999997e-06,0.12620860964105268
5.7124999999999999e-06,0.085672035307845978
5.7130000000000002e-06,-0.0013041576675267841
5.7134999999999996e-06,-0.16888794873808879
5.7139999999999998e-06,-0.39613255688923676
5.7145000000000001e-06,-0.60851448476462933
5.7150000000000003e-06,-0.71149615159117574
5.7154999999999997e-06,-0.63887984586773805
5.716e-06,-0.39014820269006478
5.7165000000000002e-06,-0.03634566970951783
5.7169999999999996e-06,0.30947380871880292
5.7174999999999999e-06,0.54247183686897393
5.7180000000000001e-06,0.61125117948174879
5.7185000000000004e-06,0.53519648058419589
5.7189999999999998e-06,0.38600780736259876
5.7195e-06,0.24455478156985055
5.7200000000000003e-06,0.15704017035824047
5.7204999999999997e-06,0.11423502082874101
5.7209999999999999e-06,0.064440094346062876
5.7215000000000002e-06,-0.047970094625362364
5.7219999999999996e-06,-0.24079139838402211
5.7224999999999998e-06,-0.47328628134671008
5.7230000000000001e-06,-0.65930788794730055
5.7235000000000003e-06,-0.70839602193453022
5.7239999999999997e-06,-0.57335508457087836
5.7245e-06,-0.27872839831221286
5.7250000000000002e-06,0.085672035307797614
5.7254999999999996e-06,0.40363285028500845
5.7259999999999999e-06,0.5841138677827904
5.7265000000000001e-06,0.59917720082285719
5.7270000000000004e-06,0.48931491650645081
5.7274999999999998e-06,0.33466601633373194
5.728e-06,0.20868472118600745
5.7285000000000003e-06,0.13978083882228651
5.7289999999999997e-06,0.10152088721166184
5.7294999999999999e-06,0.035914932837803726
5.7300000000000002e-06,-0.10409194065255087
5.7304999999999996e-06,-0.31750953856984171
5.7309999999999998e-06,-0.54531949521738277
5.7315000000000001e-06,-0.69450816843898344
5.7320000000000003e-06,-0.68420593648231998
5.7324999999999997e-06,-0.48952360716398385
5.733e-06,-0.15932385505328467
5.7335000000000002e-06,0.20230665126698499
5.7339999999999996e-06,0.48195894688602459
5.7344999999999999e-06,0.60677316866901165
5.7350000000000001e-06,0.57287588657779731
5.7355000000000004e-06,0.43852151332378775
5.7359999999999998e-06,0.28691373577818441
5.7365e-06,0.17964673195081118
5.7370000000000003e-06,0.12620860964103664
5.7374999999999997e-06,0.085672035307954059
5.7379999999999999e-06,-0.0013041576675810462
5.7385000000000002e-06,-0.16888794873867474
5.7389999999999996e-06,-0.39613255688933846
5.7394999999999999e-06,-0.60851448476428727
5.7400000000000001e-06,-0.71149615159113289
5.7405000000000003e-06,-0.638879845867666
5.7409999999999998e-06,-0.39014820268992756
5.7415e-06,-0.036345669709358278
5.7420000000000003e-06,0.30947380871893393
5.7424999999999997e-06,0.54247183686904021
5.7429999999999999e-06,0.61125117948174346
5.7435000000000002e-06,0.53519648058414115
5.7440000000000004e-06,0.38600780736253093
5.7444999999999998e-06,0.24455478157008376
5.7450000000000001e-06,0.15704017035835754
5.7455000000000003e-06,0.11423502082863912
5.7459999999999997e-06,0.06444009434603104
5.7465e-06,-0.047970094625429033
5.7470000000000002e-06,-0.24079139838411887
5.7474999999999996e-06,-0.47328628134680745
5.7479999999999999e-06,-0.65930788794735695
5.7485000000000001e-06,-0.70839602193451279
5.7490000000000004e-06,-0.57335508457078121
5.7494999999999998e-06,-0.27872839831290303
5.75e-06,0.085672035307953018
5.7505000000000003e-06,0.40363285028574775
5.7509999999999997e-06,0.58411386778283192
5.7514999999999999e-06,0.59917720082297388
5.7520000000000002e-06,0.48931491650674136
5.7525000000000004e-06,0.33466601633366733
5.7529999999999998e-06,0.20868472118596548
5.7535000000000001e-06,0.13978083882226702
5.7540000000000003e-06,0.10152088721164385
5.7544999999999997e-06,0.035914932837761399
5.755e-06,-0.10409194065262944
5.7555000000000002e-06,-0.31750953857050901
5.7559999999999996e-06,-0.54531949521697731
5.7564999999999999e-06,-0.69450816843882612
5.7570000000000001e-06,-0.68420593648252692
5.7575000000000004e-06,-0.48952360716319782
5.7579999999999998e-06,-0.15932385505312679
5.7585e-06,0.20230665126631614
5.7590000000000003e-06,0.48195894688611485
5.7594999999999997e-06,0.60677316866902897
5.7599999999999999e-06,0.57287588657775523
5.7605000000000002e-06,0.43852151332372019
5.7610000000000004e-06,0.28691373577812573
5.7614999999999998e-06,0.17964673195096387
5.7620000000000001e-06,0.1262086096410206
5.7625000000000003e-06,0.085672035307798891
5.7629999999999997e-06,-0.001304157667332162
5.7635e-06,-0.16888794873826657
5.7640000000000002e-06,-0.39613255688943994
5.7644999999999996e-06,-0.60851448476436187
5.7649999999999999e-06,-0.71149615159114232
5.7655000000000001e-06,-0.63887984586759383
5.7660000000000004e-06,-0.39014820268979028
5.7664999999999998e-06,-0.036345669709198711
5.767e-06,0.30947380871906494
5.7675000000000003e-06,0.54247183686910649
5.7679999999999997e-06,0.6112511794817681
5.7684999999999999e-06,0.53519648058439273
5.7690000000000002e-06,0.38600780736246315
5.7695000000000004e-06,0.24455478156974894
5.7699999999999998e-06,0.15704017035833198
5.7705000000000001e-06,0.11423502082871011
5.7710000000000003e-06,0.064440094345999149
5.7714999999999997e-06,-0.047970094625495618
5.772e-06,-0.24079139838421568
5.7725000000000002e-06,-0.47328628134690487
5.7729999999999996e-06,-0.65930788794709838
5.7734999999999999e-06,-0.70839602193449513
5.7740000000000001e-06,-0.57335508457068407
5.7745000000000004e-06,-0.27872839831191221
5.7749999999999998e-06,0.08567203530723963
5.7755e-06,0.40363285028523282
5.7760000000000003e-06,0.58411386778287344
5.7764999999999997e-06,0.59917720082294834
5.7769999999999999e-06,0.48931491650667808
5.7775000000000002e-06,0.33466601633360271
5.7780000000000004e-06,0.20868472118592352
5.7784999999999998e-06,0.13978083882224746
5.7790000000000001e-06,0.10152088721162589
5.7795000000000003e-06,0.035914932837719044
5.7799999999999997e-06,-0.10409194065226898
5.7805e-06,-0.31750953857004416
5.7810000000000002e-06,-0.5453194952175594
5.7814999999999996e-06,-0.69450816843886032
5.7819999999999999e-06,-0.68420593648248185
5.7825000000000001e-06,-0.48952360716374532
5.7830000000000004e-06,-0.15932385505296892
5.7834999999999998e-06,0.20230665126646186
5.784e-06,0.481958946886205
5.7845000000000003e-06,0.60677316866904629
5.7849999999999997e-06,0.57287588657794841
5.7854999999999999e-06,0.43852151332365275
5.7860000000000002e-06,0.28691373577806711
5.7865000000000004e-06,0.17964673195074465
5.7869999999999998e-06,0.12620860964109426
5.7875000000000001e-06,0.085672035307906971
5.7880000000000003e-06,-0.0013041576673864241
5.7884999999999997e-06,-0.16888794873835544
5.789e-06,-0.39613255688954163
5.7895000000000002e-06,-0.60851448476443637
5.7899999999999996e-06,-0.71149615159115154
5.7904999999999999e-06,-0.63887984586752178
5.7910000000000001e-06,-0.39014820268965295
5.7915000000000004e-06,-0.036345669709039137
5.7919999999999998e-06,0.30947380871846353
5.7925e-06,0.54247183686880229
5.7930000000000003e-06,0.6112511794817328
5.7934999999999997e-06,0.53519648058433777
5.7939999999999999e-06,0.38600780736277451
5.7945000000000002e-06,0.2445547815699822
5.7950000000000004e-06,0.15704017035830656
5.7954999999999998e-06,0.11423502082869463
5.7960000000000001e-06,0.064440094345967341
5.7965000000000003e-06,-0.047970094625562204
5.7969999999999997e-06,-0.24079139838377145
5.7975e-06,-0.47328628134700224
5.7980000000000002e-06,-0.65930788794746953
5.7984999999999996e-06,-0.70839602193457574
5.7989999999999999e-06,-0.57335508457113016
5.7995000000000001e-06,-0.27872839831260232
5.8000000000000004e-06,0.085672035308263852
5.8004999999999998e-06,0.40363285028534501
5.801e-06,0.58411386778291496
5.8015000000000003e-06,0.59917720082292303
5.8019999999999997e-06,0.48931491650661485
5.8024999999999999e-06,0.3346660163335381
5.8030000000000002e-06,0.20868472118588147
5.8034999999999996e-06,0.13978083882233716
5.8039999999999998e-06,0.1015208872117084
5.8045000000000001e-06,0.035914932837676744
5.8050000000000003e-06,-0.10409194065278649
5.8054999999999997e-06,-0.31750953857014552
5.806e-06,-0.54531949521715395
5.8065000000000002e-06,-0.69450816843889462
5.8069999999999996e-06,-0.68420593648243677
5.8074999999999999e-06,-0.48952360716362608
5.8080000000000001e-06,-0.15932385505281102
5.8085000000000004e-06,0.20230665126660757
5.8089999999999998e-06,0.48195894688629526
5.8095e-06,0.60677316866906361
5.8100000000000003e-06,0.57287588657767119
5.8104999999999997e-06,0.43852151332396272
5.8109999999999999e-06,0.28691373577833623
5.8115000000000002e-06,0.17964673195089734
5.8119999999999996e-06,0.12620860964107822
5.8124999999999998e-06,0.085672035307883421
5.8130000000000001e-06,-0.001304157667440603
5.8135000000000003e-06,-0.16888794873844437
5.8139999999999997e-06,-0.39613255688964322
5.8145e-06,-0.60851448476451087
5.8150000000000002e-06,-0.71149615159116109
5.8154999999999996e-06,-0.63887984586785262
5.8159999999999999e-06,-0.39014820269028305
5.8165000000000001e-06,-0.03634566970887957
5.8170000000000004e-06,0.30947380871932695
5.8174999999999998e-06,0.54247183686886857
5.818e-06,0.61125117948175733
5.8185000000000003e-06,0.53519648058428304
5.8189999999999997e-06,0.38600780736270657
5.8194999999999999e-06,0.24455478156993132
5.8200000000000002e-06,0.15704017035828097
5.8204999999999996e-06,0.1142350208287656
5.8209999999999998e-06,0.064440094345935492
5.8215000000000001e-06,-0.047970094625628845
5.8220000000000003e-06,-0.24079139838440919
5.8224999999999997e-06,-0.47328628134655526
5.823e-06,-0.65930788794721107
5.8235000000000002e-06,-0.7083960219345582
5.8239999999999996e-06,-0.5733550845710329
5.8244999999999999e-06,-0.278728398312452
5.8250000000000001e-06,0.085672035307550451
5.8255000000000004e-06,0.40363285028545715
5.8259999999999998e-06,0.58411386778295649
5.8265e-06,0.5991772008228976
5.8270000000000003e-06,0.48931491650655151
5.8274999999999997e-06,0.33466601633383464
5.8279999999999999e-06,0.20868472118607434
5.8285000000000002e-06,0.13978083882220835
5.8289999999999996e-06,0.10152088721169042
5.8294999999999998e-06,0.035914932837871005
5.8300000000000001e-06,-0.10409194065242602
5.8305000000000003e-06,-0.31750953857024666
5.8309999999999997e-06,-0.54531949521724232
5.8315e-06,-0.69450816843892893
5.8320000000000002e-06,-0.6842059364823917
5.8324999999999996e-06,-0.48952360716417354
5.8329999999999999e-06,-0.15932385505265317
5.8335000000000001e-06,0.20230665126675329
5.8340000000000004e-06,0.48195894688638541
5.8344999999999998e-06,0.60677316866898412
5.835e-06,0.57287588657786426
5.8355000000000003e-06,0.43852151332351769
5.8359999999999997e-06,0.28691373577827761
5.8364999999999999e-06,0.17964673195086406
5.8370000000000002e-06,0.12620860964106215
5.8374999999999996e-06,0.085672035307859884
5.8379999999999998e-06,-0.0013041576674948374
5.8385000000000001e-06,-0.16888794873853327
5.8390000000000003e-06,-0.3961325568897448
5.8394999999999997e-06,-0.60851448476416869
5.84e-06,-0.71149615159117019
5.8405000000000002e-06,-0.63887984586737767
5.8409999999999996e-06,-0.39014820269014583
5.8414999999999999e-06,-0.036345669709612047
5.8420000000000001e-06,0.30947380871872554
5.8425000000000004e-06,0.54247183686893485
5.8429999999999998e-06,0.61125117948175189
5.8435e-06,0.53519648058422831
5.8440000000000003e-06,0.38600780736263873
5.8444999999999997e-06,0.2445547815698805
5.8449999999999999e-06,0.15704017035825554
5.8455000000000002e-06,0.11423502082866371
5.8459999999999996e-06,0.064440094346081667
5.8464999999999998e-06,-0.047970094625323034
5.8470000000000001e-06,-0.24079139838396499
5.8475000000000003e-06,-0.47328628134719697
5.8479999999999997e-06,-0.65930788794726736
5.8485e-06,-0.70839602193454065
5.8490000000000002e-06,-0.57335508457093576
5.8494999999999996e-06,-0.27872839831230167
5.8499999999999999e-06,0.085672035307705868
5.8505000000000001e-06,0.40363285028556939
5.8510000000000004e-06,0.58411386778299801
5.8514999999999998e-06,0.59917720082301429
5.852e-06,0.48931491650648823
5.8525000000000003e-06,0.33466601633340892
5.8529999999999997e-06,0.20868472118603235
5.8534999999999999e-06,0.13978083882229808
5.8540000000000002e-06,0.10152088721167246
5.8544999999999996e-06,0.035914932837828678
5.8549999999999998e-06,-0.10409194065250449
5.8555000000000001e-06,-0.31750953857034797
5.8560000000000003e-06,-0.54531949521733059
5.8564999999999997e-06,-0.69450816843896312
5.857e-06,-0.68420593648234651
5.8575000000000002e-06,-0.4895236071633875
5.8579999999999996e-06,-0.15932385505337787
5.8584999999999999e-06,0.20230665126608446
5.8590000000000001e-06,0.48195894688597135
5.8595000000000004e-06,0.60677316866909814
5.8599999999999998e-06,0.57287588657782218
5.8605e-06,0.43852151332382766
5.8610000000000003e-06,0.28691373577821899
5.8614999999999997e-06,0.17964673195083083
5.8619999999999999e-06,0.1262086096410461
5.8625000000000002e-06,0.085672035307836347
5.8629999999999996e-06,-0.0013041576672459532
5.8634999999999998e-06,-0.16888794873812515
5.8640000000000001e-06,-0.39613255688984639
5.8645000000000003e-06,-0.60851448476465997
5.8649999999999998e-06,-0.71149615159112745
5.8655e-06,-0.63887984586770852
5.8660000000000002e-06,-0.39014820269000861
5.8664999999999997e-06,-0.036345669709452473
5.8669999999999999e-06,0.30947380871885655
5.8675000000000002e-06,0.54247183686900113
5.8680000000000004e-06,0.61125117948174668
5.8684999999999998e-06,0.53519648058417346
5.8690000000000001e-06,0.38600780736257095
5.8695000000000003e-06,0.24455478156982977
5.8699999999999997e-06,0.15704017035837259
5.8705e-06,0.1142350208287347
5.8710000000000002e-06,0.064440094345871793
5.8714999999999996e-06,-0.047970094625389648
5.8719999999999999e-06,-0.24079139838406174
5.8725000000000001e-06,-0.47328628134674999
5.8730000000000004e-06,-0.65930788794732353
5.8734999999999998e-06,-0.708396021934523
5.874e-06,-0.57335508457083861
5.8745000000000003e-06,-0.27872839831215129
5.8749999999999997e-06,0.085672035306992467
5.8754999999999999e-06,0.40363285028568152
5.8760000000000002e-06,0.58411386778303964
5.8765000000000004e-06,0.59917720082284676
5.8769999999999998e-06,0.48931491650677872
5.8775000000000001e-06,0.33466601633370541
5.8780000000000003e-06,0.20868472118599024
5.8784999999999997e-06,0.13978083882227851
5.879e-06,0.10152088721165446
5.8795000000000002e-06,0.035914932837786351
5.8799999999999996e-06,-0.10409194065258306
5.8804999999999999e-06,-0.31750953857044917
5.8810000000000001e-06,-0.54531949521741896
5.8815000000000004e-06,-0.69450816843899743
5.8819999999999998e-06,-0.68420593648255357
5.8825e-06,-0.48952360716393506
5.8830000000000003e-06,-0.15932385505233743
5.8834999999999997e-06,0.20230665126623015
5.8839999999999999e-06,0.48195894688606156
5.8845000000000002e-06,0.60677316866901876
5.8850000000000004e-06,0.57287588657778021
5.8854999999999998e-06,0.4385215133237601
5.8860000000000001e-06,0.28691373577816032
5.8865000000000003e-06,0.17964673195079753
5.8869999999999997e-06,0.1262086096411198
5.8875e-06,0.085672035307812783
5.8880000000000002e-06,-0.0013041576676032229
5.8884999999999996e-06,-0.16888794873821408
5.8889999999999999e-06,-0.39613255688937998
5.8895000000000001e-06,-0.6085144847643178
5.8900000000000004e-06,-0.71149615159113688
5.8904999999999998e-06,-0.63887984586763635
5.891e-06,-0.39014820268987127
5.8915000000000003e-06,-0.036345669709292913
5.8919999999999997e-06,0.30947380871898761
5.8924999999999999e-06,0.5424718368690673
5.8930000000000002e-06,0.61125117948174124
5.8935000000000004e-06,0.53519648058411873
5.8939999999999998e-06,0.3860078073628822
5.8945000000000001e-06,0.24455478157006288
5.8950000000000003e-06,0.15704017035820453
5.8954999999999997e-06,0.11423502082871922
5.896e-06,0.064440094346017981
5.8965000000000002e-06,-0.047970094625456289
5.8969999999999996e-06,-0.24079139838415856
5.8974999999999999e-06,-0.47328628134684736
5.8980000000000001e-06,-0.65930788794737993
5.8985000000000004e-06,-0.70839602193450546
5.8989999999999998e-06,-0.5733550845712847
5.8995e-06,-0.27872839831200097
5.9000000000000003e-06,0.085672035308016703
5.9004999999999997e-06,0.4036328502851666
5.9009999999999999e-06,0.58411386778284902
5.9015000000000002e-06,0.59917720082296344
5.9020000000000004e-06,0.48931491650671544
5.9024999999999998e-06,0.33466601633364085
5.9030000000000001e-06,0.20868472118594827
5.9035000000000003e-06,0.13978083882225897
5.9039999999999997e-06,0.10152088721163649
5.9045e-06,0.035914932837744051
5.9050000000000002e-06,-0.10409194065266156
5.9054999999999996e-06,-0.31750953856998443
5.9059999999999999e-06,-0.54531949521701351
5.9065000000000001e-06,-0.69450816843884011
5.9070000000000004e-06,-0.68420593648225636
5.9074999999999998e-06,-0.48952360716381571
5.908e-06,-0.1593238550530621
5.9085000000000003e-06,0.20230665126637581
5.9089999999999997e-06,0.48195894688615176
5.9094999999999999e-06,0.60677316866903608
5.9100000000000002e-06,0.57287588657773814
5.9105000000000004e-06,0.4385215133236926
5.9109999999999998e-06,0.2869137357784296
5.9115000000000001e-06,0.17964673195076425
5.9120000000000003e-06,0.12620860964101399
5.9124999999999997e-06,0.085672035307920877
5.913e-06,-0.0013041576673543942
5.9135000000000002e-06,-0.16888794873830301
5.9139999999999996e-06,-0.39613255688948162
5.9144999999999999e-06,-0.6085144847643924
5.9150000000000001e-06,-0.71149615159114621
5.9155000000000004e-06,-0.63887984586756441
5.9159999999999998e-06,-0.39014820268973405
5.9165e-06,-0.036345669709133333
5.9170000000000003e-06,0.30947380871911861
5.9174999999999997e-06,0.54247183686876321
5.9179999999999999e-06,0.61125117948176577
5.9185000000000002e-06,0.53519648058406388
5.9190000000000004e-06,0.38600780736243534
5.9194999999999998e-06,0.24455478157001212
5.9200000000000001e-06,0.15704017035832163
5.9205000000000003e-06,0.11423502082870375
5.9209999999999997e-06,0.064440094345986132
5.9215e-06,-0.04797009462552293
5.9220000000000002e-06,-0.24079139838425531
5.9224999999999996e-06,-0.47328628134640038
5.9229999999999999e-06,-0.65930788794743622
5.9235000000000001e-06,-0.70839602193448803
5.9240000000000004e-06,-0.57335508457064421
5.9244999999999998e-06,-0.27872839831269108
5.925e-06,0.085672035307303301
5.9255000000000003e-06,0.40363285028527873
5.9259999999999997e-06,0.58411386778289054
5.9264999999999999e-06,0.59917720082293802
5.9270000000000002e-06,0.48931491650665221
5.9275000000000004e-06,0.33466601633357623
5.9279999999999998e-06,0.20868472118590622
5.9285000000000001e-06,0.13978083882223941
5.9290000000000003e-06,0.1015208872116185
5.9294999999999997e-06,0.03591493283793834
5.93e-06,-0.10409194065230107
5.9305000000000002e-06,-0.31750953857065167
5.9309999999999996e-06,-0.54531949521710188
5.9314999999999999e-06,-0.69450816843887431
5.9320000000000001e-06,-0.68420593648246331
5.9325000000000004e-06,-0.48952360716369647
5.9329999999999998e-06,-0.15932385505290425
5.9335e-06,0.20230665126652156
5.9340000000000003e-06,0.48195894688624197
5.9344999999999997e-06,0.60677316866895659
5.9349999999999999e-06,0.57287588657769595
5.9355000000000002e-06,0.43852151332362499
5.9359999999999996e-06,0.28691373577837087
5.9364999999999998e-06,0.17964673195091696
5.9370000000000001e-06,0.12620860964108771
5.9375000000000003e-06,0.08567203530789734
5.9379999999999997e-06,-0.0013041576674086008
5.9385e-06,-0.16888794873839191
5.9390000000000002e-06,-0.39613255688958321
5.9394999999999996e-06,-0.6085144847644669
5.9399999999999999e-06,-0.71149615159115542
5.9405000000000001e-06,-0.63887984586749225
5.9410000000000004e-06,-0.39014820268959671
5.9414999999999998e-06,-0.036345669709865823
5.942e-06,0.30947380871851726
5.9425000000000003e-06,0.54247183686919986
5.9429999999999997e-06,0.61125117948176055
5.9434999999999999e-06,0.53519648058431546
5.9440000000000002e-06,0.38600780736274665
5.9444999999999996e-06,0.24455478156996133
5.9449999999999998e-06,0.15704017035829604
5.9455000000000001e-06,0.11423502082868828
5.9460000000000003e-06,0.064440094345954282
5.9464999999999997e-06,-0.047970094625217119
5.947e-06,-0.2407913983843521
5.9475000000000002e-06,-0.47328628134704209
5.9479999999999996e-06,-0.65930788794717776
5.9484999999999999e-06,-0.70839602193456852
5.9490000000000001e-06,-0.57335508457109041
5.9495000000000004e-06,-0.27872839831170027
5.9499999999999998e-06,0.085672035307458705
5.9505e-06,0.40363285028539092
5.9510000000000003e-06,0.58411386778293195
5.9514999999999997e-06,0.59917720082291259
5.9519999999999999e-06,0.48931491650658887
5.9525000000000002e-06,0.33466601633351167
5.9529999999999996e-06,0.2086847211860991
5.9534999999999998e-06,0.1397808388223292
5.9540000000000001e-06,0.10152088721160053
5.9545000000000003e-06,0.035914932837659425
5.9549999999999997e-06,-0.10409194065237964
5.9555e-06,-0.31750953857018693
5.9560000000000002e-06,-0.54531949521719014
5.9564999999999996e-06,-0.69450816843890861
5.9569999999999999e-06,-0.68420593648241823
5.9575000000000001e-06,-0.48952360716357712
5.9580000000000004e-06,-0.15932385505274638
5.9584999999999998e-06,0.20230665126666725
5.959e-06,0.48195894688633217
5.9595000000000003e-06,0.60677316866907061
5.9599999999999997e-06,0.57287588657788913
5.9604999999999999e-06,0.43852151332393496
5.9610000000000002e-06,0.28691373577831225
5.9614999999999996e-06,0.17964673195088376
5.9619999999999998e-06,0.12620860964107164
5.9625000000000001e-06,0.08567203530787379
5.9630000000000003e-06,-0.0013041576674628075
5.9634999999999997e-06,-0.16888794873848081
5.964e-06,-0.39613255688968485
5.9645000000000002e-06,-0.60851448476454151
5.9649999999999996e-06,-0.71149615159111279
5.9654999999999999e-06,-0.63887984586782309
5.9660000000000001e-06,-0.39014820268945949
5.9665000000000004e-06,-0.036345669708814206
5.9669999999999998e-06,0.30947380871864821
5.9675e-06,0.54247183686889577
5.9680000000000003e-06,0.61125117948175511
5.9684999999999997e-06,0.53519648058426061
5.9689999999999999e-06,0.38600780736267881
5.9695000000000002e-06,0.24455478156991056
5.9699999999999996e-06,0.15704017035841317
5.9704999999999998e-06,0.11423502082867283
5.9710000000000001e-06,0.064440094345922447
5.9715000000000003e-06,-0.047970094625656129
5.9719999999999997e-06,-0.24079139838390787
5.9725e-06,-0.47328628134659512
5.9730000000000002e-06,-0.65930788794723405
5.9734999999999996e-06,-0.70839602193455098
5.9739999999999999e-06,-0.57335508457099316
5.9745000000000001e-06,-0.27872839831239038
5.9750000000000004e-06,0.085672035307614122
5.9754999999999998e-06,0.40363285028550311
5.976e-06,0.58411386778297358
5.9765000000000003e-06,0.59917720082288728
5.9769999999999997e-06,0.48931491650687942
5.9774999999999999e-06,0.33466601633380821
5.9780000000000002e-06,0.20868472118582226
5.9784999999999996e-06,0.13978083882230963
5.9789999999999998e-06,0.10152088721168306
5.9795000000000001e-06,0.035914932837853658
5.9800000000000003e-06,-0.10409194065245814
5.9804999999999997e-06,-0.31750953857028813
5.981e-06,-0.54531949521727852
5.9815000000000002e-06,-0.69450816843894292
5.9819999999999996e-06,-0.68420593648262518
5.9824999999999999e-06,-0.48952360716345794
5.9830000000000001e-06,-0.1593238550525885
5.9835000000000004e-06,0.20230665126681294
5.9839999999999998e-06,0.48195894688591812
5.9845e-06,0.60677316866899123
5.9850000000000003e-06,0.5728758865776119
5.9854999999999997e-06,0.43852151332386741
5.9859999999999999e-06,0.28691373577825358
5.9865000000000002e-06,0.17964673195085043
5.9869999999999996e-06,0.1262086096410556
5.9874999999999998e-06,0.085672035307850225
5.9880000000000001e-06,-0.0013041576675170419
5.9885000000000003e-06,-0.16888794873856972
5.9889999999999997e-06,-0.39613255688921845
5.9895e-06,-0.60851448476461589
5.9900000000000002e-06,-0.71149615159117396
5.9904999999999997e-06,-0.63887984586775104
5.9909999999999999e-06,-0.3901482026900896
5.9915000000000001e-06,-0.036345669709546675
5.9920000000000004e-06,0.30947380871877928
5.9924999999999998e-06,0.54247183686896205
5.993e-06,0.61125117948174978
5.9935000000000003e-06,0.53519648058420588
5.9939999999999997e-06,0.38600780736261109
5.9945e-06,0.24455478156985974
5.9950000000000002e-06,0.15704017035824505
5.9954999999999996e-06,0.11423502082874382
5.9959999999999999e-06,0.064440094346068622
5.9965000000000001e-06,-0.04797009462535029
5.9970000000000004e-06,-0.24079139838454561
5.9974999999999998e-06,-0.47328628134669248
5.998e-06,-0.65930788794729034
5.9985000000000003e-06,-0.70839602193453333
5.9989999999999997e-06,-0.5733550845708959
5.9994999999999999e-06,-0.27872839831224006
6.0000000000000002e-06,0.08567203530776954
6.0005000000000004e-06,0.4036328502856153
6.0009999999999998e-06,0.58411386778278285
6.0015000000000001e-06,0.59917720082286174
6.0020000000000003e-06,0.48931491650646236
6.0024999999999997e-06,0.3346660163337436
6.003e-06,0.20868472118601508
6.0035000000000002e-06,0.13978083882229003
6.0039999999999996e-06,0.10152088721166508
6.0044999999999999e-06,0.035914932837811359
6.0050000000000001e-06,-0.10409194065253671
6.0055000000000004e-06,-0.31750953857038938
6.0059999999999998e-06,-0.54531949521736689
6.0065e-06,-0.69450816843897722
6.0070000000000003e-06,-0.68420593648232808
6.0074999999999997e-06,-0.48952360716400545
6.0079999999999999e-06,-0.15932385505331317
6.0085000000000002e-06,0.20230665126614411
6.0090000000000004e-06,0.48195894688651258
6.0094999999999998e-06,0.60677316866900854
6.0100000000000001e-06,0.57287588657780497
6.0105000000000003e-06,0.43852151332379996
6.0109999999999997e-06,0.28691373577819496
6.0115e-06,0.17964673195081718
6.0120000000000002e-06,0.12620860964103953
6.0124999999999996e-06,0.085672035307958319
6.0129999999999999e-06,-0.0013041576672681299
6.0135000000000001e-06,-0.16888794873865859
6.0140000000000004e-06,-0.39613255688988802
6.0144999999999998e-06,-0.60851448476427383
6.015e-06,-0.71149615159113133
6.0155000000000003e-06,-0.63887984586767899
6.0159999999999997e-06,-0.39014820268995232
6.0164999999999999e-06,-0.036345669709387116
6.0170000000000002e-06,0.30947380871891028
6.0175000000000004e-06,0.54247183686902822
6.0179999999999998e-06,0.61125117948174434
6.0185000000000001e-06,0.53519648058415104
6.0190000000000003e-06,0.38600780736254314
6.0194999999999997e-06,0.24455478157009292
6.02e-06,0.1570401703583621
6.0205000000000002e-06,0.11423502082864191
6.0209999999999996e-06,0.064440094346036786
6.0214999999999999e-06,-0.047970094625416931
6.0220000000000001e-06,-0.24079139838410146
6.0225000000000004e-06,-0.47328628134678985
6.0229999999999998e-06,-0.65930788794734674
6.0235e-06,-0.7083960219345159
6.0240000000000003e-06,-0.57335508457079876
6.0244999999999997e-06,-0.27872839831293017
6.0249999999999999e-06,0.085672035307924943
6.0255000000000002e-06,0.40363285028572748
6.0260000000000004e-06,0.58411386778305663
6.0264999999999998e-06,0.59917720082297843
6.0270000000000001e-06,0.4893149165067528
6.0275000000000003e-06,0.33466601633367898
6.0279999999999997e-06,0.20868472118597309
6.0285e-06,0.13978083882227052
6.0290000000000002e-06,0.10152088721164709
6.0294999999999996e-06,0.035914932837769031
6.0299999999999999e-06,-0.10409194065261518
6.0305000000000001e-06,-0.31750953857049063
6.0310000000000004e-06,-0.54531949521745515
6.0314999999999998e-06,-0.69450816843881991
6.032e-06,-0.68420593648253503
6.0325000000000003e-06,-0.4895236071632193
6.0329999999999997e-06,-0.15932385505315533
6.0334999999999999e-06,0.20230665126628983
6.0340000000000002e-06,0.48195894688609858
6.0345000000000004e-06,0.60677316866902575
6.0349999999999998e-06,0.57287588657776289
6.0355000000000001e-06,0.43852151332373235
6.0360000000000003e-06,0.28691373577813639
6.0364999999999997e-06,0.17964673195096989
6.037e-06,0.12620860964102348
6.0375000000000002e-06,0.085672035307803138
6.0379999999999996e-06,-0.0013041576673223643
6.0384999999999999e-06,-0.1688879487382505
6.0390000000000001e-06,-0.39613255688942162
6.0395000000000004e-06,-0.60851448476434833
6.0399999999999998e-06,-0.71149615159114066
6.0405e-06,-0.63887984586760693
6.0410000000000003e-06,-0.39014820268981509
6.0414999999999997e-06,-0.036345669709227528
6.0419999999999999e-06,0.30947380871904129
6.0425000000000002e-06,0.5424718368690945
6.0430000000000004e-06,0.61125117948173902
6.0434999999999998e-06,0.5351964805844025
6.0440000000000001e-06,0.38600780736285456
6.0445000000000003e-06,0.24455478156975813
6.0449999999999997e-06,0.15704017035833667
6.0455e-06,0.11423502082871287
6.0460000000000002e-06,0.064440094346004922
6.0464999999999996e-06,-0.047970094625483573
6.0469999999999999e-06,-0.24079139838419819
6.0475000000000001e-06,-0.47328628134688722
6.0480000000000004e-06,-0.65930788794740303
6.0484999999999998e-06,-0.70839602193459639
6.049e-06,-0.57335508457070161
6.0495000000000003e-06,-0.27872839831193941
6.0499999999999997e-06,0.085672035307211541
6.0504999999999999e-06,0.40363285028521256
6.0510000000000002e-06,0.58411386778286589
6.0515000000000004e-06,0.59917720082281101
6.0519999999999998e-06,0.48931491650668957
6.0525000000000001e-06,0.33466601633361437
6.0530000000000003e-06,0.20868472118593112
6.0534999999999997e-06,0.13978083882225095
6.054e-06,0.10152088721162913
6.0545000000000002e-06,0.035914932837726704
6.0549999999999996e-06,-0.10409194065225472
6.0554999999999999e-06,-0.3175095385700259
6.0560000000000001e-06,-0.54531949521754353
6.0565000000000004e-06,-0.69450816843904573
6.0569999999999998e-06,-0.68420593648248995
6.0575e-06,-0.48952360716376686
6.0580000000000003e-06,-0.15932385505299745
6.0584999999999997e-06,0.20230665126643554
6.0589999999999999e-06,0.48195894688618873
6.0595000000000002e-06,0.60677316866904318
6.0599999999999996e-06,0.57287588657795607
6.0604999999999998e-06,0.4385215133236649
6.0610000000000001e-06,0.28691373577807766
6.0615000000000003e-06,0.17964673195075059
6.0619999999999997e-06,0.12620860964109715
6.0625e-06,0.085672035307911218
6.0630000000000002e-06,-0.0013041576673765709
6.0634999999999996e-06,-0.1688879487383394
6.0639999999999999e-06,-0.3961325568895232
6.0645000000000001e-06,-0.60851448476442282
6.0650000000000004e-06,-0.71149615159114987
6.0654999999999998e-06,-0.63887984586753488
6.066e-06,-0.39014820268967781
6.0665000000000003e-06,-0.036345669709067968
6.0669999999999997e-06,0.30947380871843988
6.0674999999999999e-06,0.54247183686879041
6.0680000000000002e-06,0.61125117948173369
6.0684999999999996e-06,0.53519648058434777
6.0689999999999998e-06,0.38600780736278673
6.0695000000000001e-06,0.2445547815699913
6.0700000000000003e-06,0.15704017035831111
6.0704999999999997e-06,0.11423502082869742
6.071e-06,0.064440094345973087
6.0715000000000002e-06,-0.047970094625550158
6.0719999999999996e-06,-0.24079139838375394
6.0724999999999999e-06,-0.47328628134698458
6.0730000000000001e-06,-0.6593078879474592
6.0735000000000004e-06,-0.70839602193448081
6.0739999999999998e-06,-0.5733550845711477
6.0745e-06,-0.27872839831262952
6.0750000000000003e-06,0.085672035307366959
6.0754999999999997e-06,0.40363285028532475
6.0759999999999999e-06,0.58411386778290741
6.0765000000000002e-06,0.59917720082292769
6.0769999999999996e-06,0.48931491650662617
6.0774999999999998e-06,0.33466601633354975
6.0780000000000001e-06,0.20868472118588902
6.0785000000000003e-06,0.13978083882223138
6.0789999999999997e-06,0.10152088721171165
6.0795e-06,0.035914932837920965
6.0800000000000002e-06,-0.10409194065277227
6.0804999999999996e-06,-0.31750953857012715
6.0809999999999999e-06,-0.54531949521713807
6.0815000000000001e-06,-0.69450816843888841
6.0820000000000004e-06,-0.68420593648244488
6.0824999999999998e-06,-0.48952360716364757
6.083e-06,-0.15932385505283958
6.0835000000000003e-06,0.20230665126658126
6.0839999999999997e-06,0.48195894688577468
6.0844999999999999e-06,0.60677316866906039
6.0850000000000002e-06,0.57287588657767885
6.0854999999999996e-06,0.43852151332397488
6.0859999999999998e-06,0.28691373577834689
6.0865000000000001e-06,0.17964673195090336
6.0870000000000003e-06,0.1262086096410811
6.0874999999999997e-06,0.085672035307887667
6.088e-06,-0.0013041576674308053
6.0885000000000002e-06,-0.16888794873842836
6.0889999999999996e-06,-0.3961325568896249
6.0894999999999999e-06,-0.60851448476449732
6.0900000000000001e-06,-0.71149615159115931
6.0905000000000004e-06,-0.63887984586746271
6.0909999999999998e-06,-0.39014820269030792
6.0915e-06,-0.036345669709800438
6.0920000000000003e-06,0.3094738087193033
6.0924999999999997e-06,0.54247183686885658
6.0929999999999999e-06,0.61125117948175833
6.0935000000000002e-06,0.53519648058429292
6.0939999999999996e-06,0.38600780736271889
6.0944999999999998e-06,0.24455478156994048
6.0950000000000001e-06,0.15704017035828569
6.0955000000000003e-06,0.11423502082868198
6.0959999999999997e-06,0.064440094346119262
6.0965e-06,-0.047970094625616799
6.0970000000000002e-06,-0.24079139838439176
6.0974999999999996e-06,-0.47328628134653766
6.0979999999999999e-06,-0.65930788794720085
6.0985000000000001e-06,-0.7083960219345613
6.0990000000000004e-06,-0.5733550845705071
6.0994999999999998e-06,-0.2787283983124792
6.1e-06,0.085672035307522376
6.1005000000000003e-06,0.40363285028543694
6.1009999999999997e-06,0.58411386778294905
6.1014999999999999e-06,0.59917720082290216
6.1020000000000002e-06,0.48931491650656295
6.1024999999999996e-06,0.33466601633384629
6.1029999999999998e-06,0.20868472118608189
6.1035000000000001e-06,0.13978083882221187
6.1040000000000003e-06,0.10152088721159316
6.1044999999999997e-06,0.035914932837878666
6.105e-06,-0.10409194065241181
6.1055000000000002e-06,-0.3175095385702284
6.1059999999999996e-06,-0.54531949521722634
6.1064999999999999e-06,-0.69450816843892271
6.1070000000000001e-06,-0.6842059364823998
6.1075000000000004e-06,-0.48952360716352838
6.1079999999999998e-06,-0.15932385505268168
6.1085e-06,0.20230665126672695
6.1090000000000003e-06,0.48195894688636914
6.1094999999999997e-06,0.60677316866898101
6.1099999999999999e-06,0.57287588657787192
6.1105000000000002e-06,0.43852151332390743
6.1109999999999996e-06,0.28691373577828827
6.1114999999999998e-06,0.17964673195087011
6.1120000000000001e-06,0.12620860964106506
6.1125000000000003e-06,0.085672035307864144
6.1129999999999997e-06,-0.0013041576674850119
6.1135e-06,-0.16888794873851717
6.1140000000000002e-06,-0.39613255688972637
6.1144999999999996e-06,-0.60851448476415526
6.1149999999999999e-06,-0.71149615159111657
6.1155000000000001e-06,-0.63887984586739077
6.1160000000000004e-06,-0.39014820268940326
6.1164999999999998e-06,-0.036345669709640878
6.117e-06,0.30947380871870189
6.1175000000000003e-06,0.54247183686892286
6.1179999999999997e-06,0.61125117948175289
6.1184999999999999e-06,0.53519648058423808
6.1190000000000002e-06,0.38600780736265111
6.1194999999999996e-06,0.24455478157017368
6.1199999999999999e-06,0.15704017035826012
6.1205000000000001e-06,0.1142350208286665
6.1210000000000003e-06,0.064440094345909416
6.1214999999999998e-06,-0.047970094625311016
6.122e-06,-0.2407913983839475
6.1225000000000002e-06,-0.47328628134663503
6.1229999999999997e-06,-0.65930788794725714
6.1234999999999999e-06,-0.70839602193454376
6.1240000000000002e-06,-0.5733550845709533
6.1245000000000004e-06,-0.27872839831232882
6.1249999999999998e-06,0.085672035307677794
6.1255000000000001e-06,0.40363285028554907
6.1260000000000003e-06,0.58411386778299057
6.1264999999999997e-06,0.59917720082301873
6.127e-06,0.48931491650685349
6.1275000000000002e-06,0.33466601633342058
6.1279999999999996e-06,0.20868472118603984
6.1284999999999999e-06,0.13978083882230158
6.1290000000000001e-06,0.10152088721167569
6.1295000000000004e-06,0.035914932837836339
6.1299999999999998e-06,-0.10409194065249036
6.1305e-06,-0.3175095385703296
6.1310000000000003e-06,-0.54531949521731471
6.1314999999999997e-06,-0.69450816843876539
6.1319999999999999e-06,-0.68420593648235473
6.1325000000000002e-06,-0.48952360716340904
6.1330000000000004e-06,-0.15932385505252383
6.1334999999999998e-06,0.2023066512660581
6.1340000000000001e-06,0.48195894688595509
6.1345000000000003e-06,0.60677316866909503
6.1349999999999997e-06,0.57287588657782984
6.1355e-06,0.43852151332383982
6.1360000000000002e-06,0.28691373577822965
6.1364999999999996e-06,0.17964673195083683
6.1369999999999999e-06,0.12620860964104902
6.1375000000000001e-06,0.085672035307840594
6.1380000000000004e-06,-0.0013041576675392463
6.1384999999999998e-06,-0.16888794873810908
6.139e-06,-0.39613255688982801
6.1395000000000003e-06,-0.60851448476464642
6.1399999999999997e-06,-0.71149615159112578
6.1404999999999999e-06,-0.63887984586772151
6.1410000000000002e-06,-0.39014820269003336
6.1415000000000004e-06,-0.036345669709481311
6.1419999999999998e-06,0.3094738087188329
6.1425000000000001e-06,0.54247183686898914
6.1430000000000003e-06,0.61125117948174768
6.1434999999999997e-06,0.53519648058418345
6.144e-06,0.38600780736258322
6.1445000000000002e-06,0.24455478156983892
6.1449999999999996e-06,0.15704017035837717
6.1454999999999999e-06,0.11423502082873746
6.1460000000000001e-06,0.064440094346055576
6.1465000000000004e-06,-0.047970094625750054
6.1469999999999998e-06,-0.24079139838404423
6.1475e-06,-0.4732862813467324
6.1480000000000003e-06,-0.65930788794731354
6.1484999999999997e-06,-0.70839602193452622
6.1489999999999999e-06,-0.57335508457085615
6.1495000000000002e-06,-0.27872839831217844
6.1500000000000004e-06,0.085672035307833197
6.1504999999999998e-06,0.40363285028503415
6.1510000000000001e-06,0.5841138677830322
6.1515000000000003e-06,0.59917720082285142
6.1519999999999997e-06,0.48931491650679015
6.1525e-06,0.33466601633371712
6.1530000000000002e-06,0.20868472118599785
6.1534999999999996e-06,0.13978083882228207
6.1539999999999999e-06,0.10152088721165772
6.1545000000000001e-06,0.035914932837794039
6.1550000000000004e-06,-0.10409194065256883
6.1554999999999998e-06,-0.31750953857043085
6.156e-06,-0.54531949521740308
6.1565000000000003e-06,-0.69450816843899121
6.1569999999999997e-06,-0.68420593648256167
6.1574999999999999e-06,-0.48952360716395654
6.1580000000000002e-06,-0.1593238550532485
6.1585000000000004e-06,0.20230665126701836
6.1589999999999998e-06,0.48195894688604524
6.1595000000000001e-06,0.60677316866901554
6.1600000000000003e-06,0.57287588657778776
6.1604999999999997e-06,0.43852151332377226
6.161e-06,0.28691373577817092
6.1615000000000002e-06,0.17964673195080358
6.1619999999999996e-06,0.12620860964112268
6.1624999999999999e-06,0.085672035307948674
6.1630000000000001e-06,-0.0013041576675934252
6.1635000000000004e-06,-0.16888794873869503
6.1639999999999998e-06,-0.39613255688936161
6.1645e-06,-0.60851448476430436
6.1650000000000003e-06,-0.71149615159113511
6.1654999999999997e-06,-0.63887984586764945
6.1659999999999999e-06,-0.39014820268989614
6.1665000000000002e-06,-0.036345669709321751
6.1670000000000004e-06,0.30947380871896391
6.1674999999999998e-06,0.54247183686905531
6.1680000000000001e-06,0.61125117948174224
6.1685000000000003e-06,0.5351964805841285
6.1689999999999997e-06,0.38600780736289453
6.1695e-06,0.2445547815700721
6.1700000000000002e-06,0.15704017035820911
6.1704999999999996e-06,0.11423502082872201
6.1709999999999999e-06,0.064440094346023713
6.1715000000000001e-06,-0.047970094625444243
6.1720000000000004e-06,-0.24079139838414104
6.1724999999999998e-06,-0.47328628134682976
6.173e-06,-0.65930788794736972
6.1735000000000003e-06,-0.70839602193450868
6.1739999999999997e-06,-0.57335508457130224
6.1744999999999999e-06,-0.27872839831202811
6.1750000000000002e-06,0.085672035307988614
6.1755000000000004e-06,0.40363285028577345
6.1759999999999998e-06,0.58411386778284136
6.1765000000000001e-06,0.59917720082296799
6.1770000000000003e-06,0.48931491650672693
6.1774999999999997e-06,0.33466601633365256
6.178e-06,0.20868472118595588
6.1785000000000002e-06,0.1397808388222625
6.1789999999999996e-06,0.10152088721163974
6.1794999999999999e-06,0.035914932837751712
6.1800000000000001e-06,-0.10409194065264737
6.1805000000000004e-06,-0.3175095385705321
6.1809999999999998e-06,-0.54531949521699763
6.1815e-06,-0.69450816843883401
6.1820000000000003e-06,-0.68420593648226447
6.1824999999999997e-06,-0.48952360716383736
6.1829999999999999e-06,-0.15932385505309066
6.1835000000000002e-06,0.2023066512663495
6.1840000000000004e-06,0.4819589468861355
6.1844999999999998e-06,0.60677316866903297
6.1850000000000001e-06,0.57287588657774569
6.1855000000000003e-06,0.43852151332370481
6.1859999999999997e-06,0.28691373577844015
6.1865e-06,0.17964673195077024
6.1870000000000002e-06,0.12620860964101693
6.1874999999999996e-06,0.085672035307925123
6.1879999999999999e-06,-0.0013041576673445965
6.1885000000000001e-06,-0.16888794873828697
6.1890000000000004e-06,-0.39613255688946319
6.1894999999999998e-06,-0.60851448476437886
6.19e-06,-0.71149615159114454
6.1905000000000003e-06,-0.6388798458675774
6.1909999999999997e-06,-0.39014820268975886
6.1914999999999999e-06,-0.036345669709162171
6.1920000000000002e-06,0.30947380871909491
6.1924999999999996e-06,0.54247183686875122
6.1929999999999998e-06,0.61125117948176677
6.1935000000000001e-06,0.53519648058438007
6.1940000000000003e-06,0.38600780736244755
6.1944999999999997e-06,0.24455478157002131
6.195e-06,0.15704017035832615
6.1955000000000002e-06,0.11423502082870657
6.1959999999999996e-06,0.064440094345991877
6.1964999999999999e-06,-0.047970094625510828
6.1970000000000001e-06,-0.2407913983842378
6.1975000000000004e-06,-0.47328628134692713
6.1979999999999998e-06,-0.65930788794711126
6.1985e-06,-0.70839602193449114
6.1990000000000003e-06,-0.57335508457066175
6.1994999999999997e-06,-0.27872839831271823
6.1999999999999999e-06,0.085672035307275213
6.2005000000000002e-06,0.40363285028525853
6.2009999999999996e-06,0.58411386778288288
6.2014999999999998e-06,0.59917720082294257
6.2020000000000001e-06,0.48931491650666353
6.2025000000000003e-06,0.33466601633358795
6.2029999999999997e-06,0.20868472118591386
6.2035e-06,0.13978083882224299
6.2040000000000002e-06,0.10152088721162175
6.2044999999999996e-06,0.035914932837945973
6.2049999999999999e-06,-0.10409194065228694
6.2055000000000001e-06,-0.31750953857063335
6.2060000000000004e-06,-0.54531949521757972
6.2064999999999998e-06,-0.69450816843886809
6.207e-06,-0.68420593648247152
6.2075000000000003e-06,-0.48952360716371801
6.2079999999999997e-06,-0.15932385505293276
6.2084999999999999e-06,0.20230665126649522
6.2090000000000002e-06,0.4819589468862257
6.2094999999999996e-06,0.60677316866895348
6.2099999999999998e-06,0.57287588657770361
6.2105000000000001e-06,0.4385215133236372
6.2110000000000003e-06,0.28691373577805368
6.2114999999999997e-06,0.17964673195092304
6.212e-06,0.1262086096410906
6.2125000000000002e-06,0.085672035307901587
6.2129999999999996e-06,-0.0013041576673988031
6.2134999999999999e-06,-0.16888794873837587
6.2140000000000001e-06,-0.39613255688956484
6.2145000000000004e-06,-0.60851448476445347
6.2149999999999998e-06,-0.71149615159115376
6.2155e-06,-0.63887984586750535
6.2160000000000003e-06,-0.39014820268962158
6.2164999999999997e-06,-0.036345669709894661
6.2169999999999999e-06,0.30947380871849356
6.2175000000000002e-06,0.54247183686918787
6.2179999999999996e-06,0.61125117948176144
6.2184999999999998e-06,0.53519648058432523
6.2190000000000001e-06,0.38600780736275891
6.2195000000000003e-06,0.24455478156997054
6.2199999999999997e-06,0.15704017035830067
6.2205e-06,0.11423502082869109
6.2210000000000002e-06,0.064440094345960028
6.2214999999999996e-06,-0.047970094625205018
6.2219999999999999e-06,-0.24079139838433461
6.2225000000000001e-06,-0.4732862813470245
6.2230000000000004e-06,-0.65930788794748241
6.2234999999999998e-06,-0.70839602193457174
6.224e-06,-0.57335508457110795
6.2245000000000003e-06,-0.2787283983125679
6.2249999999999997e-06,0.08567203530743063
6.2254999999999999e-06,0.40363285028537066
6.2260000000000002e-06,0.58411386778292451
6.2264999999999996e-06,0.59917720082291714
6.2269999999999998e-06,0.48931491650660031
6.2275000000000001e-06,0.33466601633352333
6.2280000000000003e-06,0.20868472118587186
6.2284999999999997e-06,0.13978083882233269
6.229e-06,0.1015208872117043
6.2295000000000002e-06,0.035914932837667057
6.2299999999999996e-06,-0.10409194065236546
6.2304999999999999e-06,-0.31750953857016861
6.2310000000000001e-06,-0.54531949521717427
6.2315000000000004e-06,-0.6945081684389024
6.2319999999999998e-06,-0.68420593648242645
6.2325e-06,-0.48952360716359877
6.2330000000000003e-06,-0.15932385505277491
6.2334999999999997e-06,0.20230665126582636
6.2339999999999999e-06,0.48195894688631591
6.2345000000000002e-06,0.6067731686690675
6.2349999999999996e-06,0.57287588657789668
6.2354999999999998e-06,0.43852151332394718
6.2360000000000001e-06,0.28691373577832285
6.2365000000000003e-06,0.17964673195070377
6.2369999999999997e-06,0.12620860964107453
6.2375e-06,0.085672035307878036
6.2380000000000002e-06,-0.0013041576674530375
6.2384999999999996e-06,-0.16888794873846472
6.2389999999999999e-06,-0.39613255688966642
6.2395000000000001e-06,-0.60851448476452785
6.2400000000000004e-06,-0.71149615159116308
6.2404999999999998e-06,-0.63887984586783608
6.241e-06,-0.3901482026894843
6.2415000000000003e-06,-0.036345669708843044
6.2419999999999997e-06,0.30947380871862451
6.2424999999999999e-06,0.54247183686888367
6.2430000000000002e-06,0.61125117948175611
6.2434999999999996e-06,0.5351964805842705
6.2439999999999998e-06,0.38600780736269114
6.2445000000000001e-06,0.24455478156991967
6.2450000000000003e-06,0.15704017035827519
6.2454999999999997e-06,0.11423502082867562
6.246e-06,0.064440094345928206
6.2465000000000002e-06,-0.047970094625644083
6.2469999999999997e-06,-0.24079139838389041
6.2474999999999999e-06,-0.47328628134657752
6.2480000000000001e-06,-0.65930788794722395
6.2485000000000004e-06,-0.70839602193445605
6.2489999999999998e-06,-0.5733550845710107
6.2495000000000001e-06,-0.27872839831241758
6.2500000000000003e-06,0.085672035307586034
6.2504999999999997e-06,0.4036328502854829
6.251e-06,0.58411386778296603
6.2515000000000002e-06,0.59917720082289172
6.2519999999999996e-06,0.48931491650689085
6.2524999999999999e-06,0.33466601633381987
6.2530000000000001e-06,0.20868472118582981
6.2535000000000004e-06,0.13978083882220382
6.2539999999999998e-06,0.10152088721168631
6.2545e-06,0.035914932837861319
6.2550000000000003e-06,-0.10409194065244398
6.2554999999999997e-06,-0.31750953857026987
6.2559999999999999e-06,-0.54531949521726253
6.2565000000000002e-06,-0.6945081684389367
6.2570000000000004e-06,-0.68420593648238137
6.2574999999999998e-06,-0.48952360716347942
6.2580000000000001e-06,-0.15932385505261701
6.2585000000000003e-06,0.20230665126678662
6.2589999999999997e-06,0.4819589468859018
6.2595e-06,0.60677316866898812
6.2600000000000002e-06,0.5728758865778546
6.2604999999999996e-06,0.43852151332387973
6.2609999999999999e-06,0.28691373577826418
6.2615000000000001e-06,0.17964673195085645
6.2620000000000004e-06,0.12620860964105848
6.2624999999999998e-06,0.085672035307854486
6.263e-06,-0.0013041576675072164
6.2635000000000003e-06,-0.16888794873855362
6.2639999999999997e-06,-0.39613255688920007
6.2644999999999999e-06,-0.60851448476418579
6.2650000000000002e-06,-0.7114961515911723
6.2655000000000004e-06,-0.63887984586736124
6.2659999999999998e-06,-0.39014820269011447
6.2665000000000001e-06,-0.03634566970957552
6.2670000000000003e-06,0.30947380871875557
6.2674999999999997e-06,0.54247183686895006
6.268e-06,0.61125117948175067
6.2685000000000002e-06,0.53519648058421565
6.2689999999999996e-06,0.38600780736300233
6.2694999999999999e-06,0.24455478156986887
6.2700000000000001e-06,0.15704017035824966
6.2705000000000004e-06,0.11423502082866017
6.2709999999999998e-06,0.064440094346074395
6.2715e-06,-0.047970094625338272
6.2720000000000003e-06,-0.24079139838398717
6.2724999999999997e-06,-0.47328628134667489
6.2729999999999999e-06,-0.65930788794728012
6.2735000000000002e-06,-0.70839602193453655
6.2740000000000004e-06,-0.57335508457091355
6.2744999999999998e-06,-0.27872839831226726
6.2750000000000001e-06,0.085672035307741437
6.2755000000000003e-06,0.40363285028559504
6.2759999999999997e-06,0.58411386778277541
6.2765e-06,0.5991772008230084
6.2770000000000002e-06,0.48931491650647368
6.2774999999999996e-06,0.33466601633375526
6.2779999999999999e-06,0.20868472118602269
6.2785000000000001e-06,0.13978083882229358
6.2790000000000004e-06,0.10152088721166833
6.2794999999999998e-06,0.035914932837818991
6.28e-06,-0.10409194065252256
6.2805000000000003e-06,-0.31750953857037112
6.2809999999999997e-06,-0.5453194952173509
6.2814999999999999e-06,-0.69450816843897101
6.2820000000000002e-06,-0.6842059364823363
6.2825000000000004e-06,-0.48952360716336019
6.2829999999999998e-06,-0.15932385505334173
6.2835000000000001e-06,0.2023066512661178
6.2840000000000003e-06,0.48195894688649626
6.2844999999999997e-06,0.60677316866900544
6.285e-06,0.57287588657781263
6.2855000000000002e-06,0.43852151332381212
6.2859999999999996e-06,0.28691373577820556
6.2864999999999999e-06,0.17964673195082317
6.2870000000000001e-06,0.12620860964104241
6.2875000000000004e-06,0.085672035307830949
6.2879999999999998e-06,-0.0013041576672583599
6.2885e-06,-0.1688879487386426
6.2890000000000003e-06,-0.3961325568898697
6.2894999999999997e-06,-0.6085144847642604
6.2899999999999999e-06,-0.71149615159112978
6.2905000000000002e-06,-0.63887984586769209
6.2910000000000004e-06,-0.39014820268997719
6.2914999999999998e-06,-0.036345669709415947
6.2920000000000001e-06,0.30947380871888658
6.2925000000000003e-06,0.54247183686901634
6.2929999999999997e-06,0.61125117948174534
6.2935e-06,0.53519648058416092
6.2940000000000002e-06,0.38600780736255552
6.2944999999999996e-06,0.2445547815701021
6.2949999999999999e-06,0.15704017035836676
6.2955000000000001e-06,0.11423502082873116
6.2960000000000004e-06,0.064440094345864493
6.2964999999999998e-06,-0.047970094625404913
6.297e-06,-0.24079139838408395
6.2975000000000003e-06,-0.47328628134677225
6.2979999999999997e-06,-0.65930788794733652
6.2984999999999999e-06,-0.708396021934519
6.2990000000000002e-06,-0.57335508457081641
6.2995000000000004e-06,-0.27872839831211688
6.2999999999999998e-06,0.085672035307028049
6.3005000000000001e-06,0.40363285028570722
6.3010000000000003e-06,0.58411386778304919
6.3014999999999997e-06,0.59917720082298298
6.302e-06,0.48931491650676423
6.3025000000000002e-06,0.33466601633369064
6.3029999999999996e-06,0.20868472118598069
6.3034999999999999e-06,0.13978083882227404
6.3040000000000001e-06,0.10152088721165035
6.3045000000000004e-06,0.035914932837776664
6.3049999999999998e-06,-0.10409194065260102
6.3055e-06,-0.31750953857047237
6.3060000000000003e-06,-0.54531949521743928
6.3064999999999997e-06,-0.69450816843881369
6.3069999999999999e-06,-0.68420593648254324
6.3075000000000002e-06,-0.48952360716390775
6.3080000000000004e-06,-0.15932385505230126
6.3084999999999998e-06,0.20230665126626352
6.3090000000000001e-06,0.48195894688608221
6.3095000000000003e-06,0.60677316866902264
6.3099999999999997e-06,0.57287588657777044
6.3105e-06,0.43852151332374467
6.3110000000000002e-06,0.28691373577814694
6.3114999999999996e-06,0.17964673195097594
6.3119999999999999e-06,0.12620860964111613
6.3125000000000001e-06,0.085672035307807384
6.3130000000000004e-06,-0.0013041576676156574
6.3134999999999998e-06,-0.16888794873823446
6.314e-06,-0.3961325568894033
6.3145000000000003e-06,-0.6085144847643349
6.3149999999999997e-06,-0.71149615159113888
6.3154999999999999e-06,-0.63887984586761992
6.3160000000000002e-06,-0.39014820268983991
6.3164999999999996e-06,-0.036345669710148409
6.3169999999999998e-06,0.30947380871901764
6.3175000000000001e-06,0.54247183686908251
6.3180000000000003e-06,0.61125117948174001
6.3184999999999997e-06,0.53519648058441249
6.319e-06,0.38600780736286677
6.3195000000000002e-06,0.24455478156976729
6.3199999999999996e-06,0.15704017035834122
6.3204999999999999e-06,0.11423502082871569
6.3210000000000001e-06,0.064440094346010668
6.3215000000000004e-06,-0.047970094625471554
6.3219999999999998e-06,-0.24079139838418068
6.3225e-06,-0.47328628134686967
6.3230000000000003e-06,-0.65930788794739281
6.3234999999999997e-06,-0.70839602193459961
6.3239999999999999e-06,-0.57335508457071915
6.3245000000000002e-06,-0.27872839831196655
6.3249999999999996e-06,0.085672035307183467
6.3254999999999998e-06,0.40363285028519225
6.3260000000000001e-06,0.58411386778285834
6.3265000000000003e-06,0.59917720082295767
6.3269999999999997e-06,0.489314916506701
6.3275e-06,0.33466601633362603
6.3280000000000002e-06,0.20868472118593864
6.3284999999999996e-06,0.13978083882225453
6.3289999999999999e-06,0.10152088721163238
6.3295000000000001e-06,0.035914932837734365
6.3300000000000004e-06,-0.1040919406526796
6.3304999999999998e-06,-0.31750953857000763
6.331e-06,-0.54531949521703382
6.3315000000000003e-06,-0.69450816843903951
6.3319999999999997e-06,-0.68420593648249817
6.3324999999999999e-06,-0.4895236071637884
6.3330000000000002e-06,-0.15932385505302599
6.3334999999999996e-06,0.20230665126640923
6.3339999999999998e-06,0.48195894688617247
6.3345000000000001e-06,0.60677316866903996
6.3350000000000003e-06,0.57287588657772837
6.3354999999999997e-06,0.43852151332405465
6.336e-06,0.28691373577808821
6.3365000000000002e-06,0.1796467319507567
6.3369999999999996e-06,0.12620860964110009
6.3374999999999999e-06,0.085672035307915478
6.3380000000000001e-06,-0.0013041576673668009
6.3385000000000004e-06,-0.16888794873832336
6.3389999999999998e-06,-0.39613255688950488
6.3395e-06,-0.60851448476440939
6.3400000000000003e-06,-0.71149615159114821
6.3404999999999997e-06,-0.63887984586754787
6.3409999999999999e-06,-0.39014820268970257
6.3415000000000002e-06,-0.036345669709096806
6.3419999999999996e-06,0.30947380871841623
6.3424999999999998e-06,0.54247183686877842
6.3430000000000001e-06,0.61125117948176455
6.3435000000000003e-06,0.53519648058405123
6.3439999999999997e-06,0.38600780736279894
6.3445e-06,0.24455478157000049
6.3450000000000002e-06,0.15704017035831574
6.3454999999999996e-06,0.11423502082870021
6.3459999999999999e-06,0.06444009434597886
6.3465000000000001e-06,-0.047970094625538168
6.3470000000000004e-06,-0.24079139838427749
6.3474999999999998e-06,-0.4732862813464227
6.348e-06,-0.65930788794744921
6.3485000000000003e-06,-0.70839602193448392
6.3489999999999997e-06,-0.57335508457116524
6.3494999999999999e-06,-0.27872839831265661
6.3500000000000002e-06,0.08567203530733887
6.3504999999999996e-06,0.40363285028530449
6.3509999999999998e-06,0.58411386778289998
6.3515000000000001e-06,0.59917720082293213
6.3520000000000003e-06,0.48931491650663766
6.3524999999999997e-06,0.33466601633356147
6.353e-06,0.20868472118589662
6.3535000000000002e-06,0.13978083882223497
6.3539999999999996e-06,0.1015208872117149
6.3544999999999999e-06,0.035914932837928654
6.3550000000000001e-06,-0.10409194065275806
6.3555000000000004e-06,-0.31750953857067477
6.3559999999999998e-06,-0.54531949521712197
6.3565e-06,-0.69450816843888219
6.3570000000000003e-06,-0.68420593648245309
6.3574999999999997e-06,-0.48952360716366916
6.3579999999999999e-06,-0.15932385505286809
6.3585000000000002e-06,0.20230665126655489
6.3589999999999996e-06,0.48195894688575835
6.3594999999999998e-06,0.60677316866905728
6.3600000000000001e-06,0.57287588657768629
6.3605000000000003e-06,0.4385215133236095
6.3609999999999997e-06,0.28691373577835744
6.3615e-06,0.17964673195090936
6.3620000000000002e-06,0.12620860964108399
6.3624999999999996e-06,0.085672035307891928
6.3629999999999999e-06,-0.0013041576674210353
6.3635000000000001e-06,-0.1688879487384122
6.3640000000000004e-06,-0.39613255688960647
6.3644999999999998e-06,-0.608514484764484
6.365e-06,-0.71149615159115753
6.3655000000000003e-06,-0.63887984586747582
6.3659999999999997e-06,-0.39014820269033273
6.3664999999999999e-06,-0.036345669709829276
6.3670000000000002e-06,0.30947380871927965
6.3674999999999996e-06,0.54247183686884459
6.3679999999999998e-06,0.61125117948175922
6.3685000000000001e-06,0.5351964805843028
6.3690000000000003e-06,0.3860078073627311
6.3694999999999997e-06,0.24455478156994967
6.37e-06,0.15704017035829027
6.3705000000000002e-06,0.11423502082868477
6.3709999999999996e-06,0.064440094346125007
6.3714999999999999e-06,-0.047970094625604753
6.3720000000000001e-06,-0.24079139838437424
6.3725000000000004e-06,-0.47328628134706441
6.3729999999999998e-06,-0.65930788794719064
6.3735e-06,-0.70839602193456452
6.3740000000000003e-06,-0.57335508457106799
6.3744999999999997e-06,-0.27872839831250634
6.3749999999999999e-06,0.085672035307494288
6.3755000000000002e-06,0.40363285028541662
6.3759999999999996e-06,0.5841138677829415
6.3764999999999999e-06,0.59917720082290682
6.3770000000000001e-06,0.48931491650657444
6.3775000000000003e-06,0.33466601633349691
6.3779999999999998e-06,0.20868472118608947
6.3785e-06,0.1397808388223247
6.3790000000000003e-06,0.10152088721159641
6.3794999999999997e-06,0.035914932837886299
6.3799999999999999e-06,-0.1040919406523976
6.3805000000000002e-06,-0.31750953857021014
6.3810000000000004e-06,-0.54531949521721046
6.3814999999999998e-06,-0.6945081684389165
6.3820000000000001e-06,-0.68420593648240802
6.3825000000000003e-06,-0.48952360716354992
6.3829999999999997e-06,-0.15932385505359278
6.3835e-06,0.20230665126670061
6.3840000000000002e-06,0.48195894688635288
6.3844999999999996e-06,0.60677316866897779
6.3849999999999999e-06,0.57287588657787958
6.3855000000000001e-06,0.43852151332391953
6.3860000000000004e-06,0.28691373577797097
6.3864999999999998e-06,0.17964673195087608
6.387e-06,0.12620860964106798
6.3875000000000003e-06,0.085672035307868405
6.3879999999999997e-06,-0.001304157667475242
6.3884999999999999e-06,-0.16888794873850113
6.3890000000000002e-06,-0.39613255688970811
6.3895000000000004e-06,-0.60851448476455849
6.3899999999999998e-06,-0.7114961515911149
6.3905000000000001e-06,-0.63887984586740365
6.3910000000000003e-06,-0.39014820268942807
6.3914999999999997e-06,-0.036345669709669716
6.392e-06,0.30947380871867824
6.3925000000000002e-06,0.54247183686891087
6.3929999999999996e-06,0.61125117948175389
6.3934999999999999e-06,0.53519648058424807
6.3940000000000001e-06,0.38600780736266338
6.3945000000000004e-06,0.24455478156989893
6.3949999999999998e-06,0.15704017035826473
6.3955e-06,0.11423502082866929
6.3960000000000003e-06,0.064440094345915133
6.3964999999999997e-06,-0.047970094625298942
6.3969999999999999e-06,-0.24079139838392999
6.3975000000000002e-06,-0.47328628134661743
6.3980000000000004e-06,-0.65930788794756168
6.3984999999999998e-06,-0.70839602193454698
6.3990000000000001e-06,-0.57335508457097095
6.3995000000000003e-06,-0.27872839831235596
6.3999999999999997e-06,0.085672035307649705
6.4005e-06,0.40363285028552881
6.4010000000000002e-06,0.58411386778298313
6.4014999999999996e-06,0.59917720082302339
6.4019999999999999e-06,0.48931491650686487
6.4025000000000001e-06,0.33466601633343229
6.4030000000000004e-06,0.2086847211858126
6.4034999999999998e-06,0.1397808388223051
6.404e-06,0.10152088721167894
6.4045000000000003e-06,0.035914932837843971
6.4049999999999997e-06,-0.10409194065247618
6.4054999999999999e-06,-0.31750953857031133
6.4060000000000002e-06,-0.54531949521729883
6.4065000000000004e-06,-0.69450816843895069
6.4069999999999998e-06,-0.68420593648236283
6.4075000000000001e-06,-0.48952360716343057
6.4080000000000003e-06,-0.15932385505255234
6.4084999999999997e-06,0.20230665126603178
6.409e-06,0.48195894688593877
6.4095000000000002e-06,0.60677316866899522
6.4099999999999996e-06,0.57287588657783739
6.4104999999999999e-06,0.43852151332385203
6.4110000000000001e-06,0.2869137357782402
6.4115000000000004e-06,0.17964673195084283
6.4119999999999998e-06,0.12620860964105191
6.4125e-06,0.08567203530784484
6.4130000000000003e-06,-0.0013041576675294486
6.4134999999999997e-06,-0.16888794873809304
6.4139999999999999e-06,-0.3961325568892417
6.4145000000000002e-06,-0.60851448476463299
6.4150000000000004e-06,-0.71149615159117618
6.4154999999999998e-06,-0.6388798458677345
6.4160000000000001e-06,-0.39014820269005818
6.4165000000000003e-06,-0.036345669709510142
6.4169999999999997e-06,0.30947380871880925
6.4175e-06,0.54247183686897715
6.4180000000000002e-06,0.61125117948174856
6.4184999999999996e-06,0.53519648058449965
6.4189999999999999e-06,0.38600780736259555
6.4195000000000001e-06,0.24455478156984811
6.4200000000000004e-06,0.15704017035823925
6.4204999999999998e-06,0.11423502082874028
6.421e-06,0.06444009434606135
6.4215000000000003e-06,-0.047970094625738036
6.4219999999999997e-06,-0.2407913983840268
6.4224999999999999e-06,-0.4732862813467148
6.4230000000000002e-06,-0.65930788794730333
6.4235000000000004e-06,-0.70839602193452944
6.4239999999999998e-06,-0.5733550845708737
6.4245000000000001e-06,-0.27872839831220564
6.4250000000000003e-06,0.085672035307805122
6.4254999999999997e-06,0.40363285028501389
6.426e-06,0.58411386778302465
6.4265000000000002e-06,0.59917720082285597
6.4269999999999996e-06,0.48931491650680159
6.4274999999999999e-06,0.33466601633372883
6.4280000000000001e-06,0.20868472118600548
6.4285000000000004e-06,0.13978083882228559
6.4289999999999998e-06,0.10152088721166097
6.4295e-06,0.035914932837801672
6.4300000000000003e-06,-0.10409194065255464
6.4304999999999997e-06,-0.31750953857041259
6.4309999999999999e-06,-0.5453194952173871
6.4315000000000002e-06,-0.69450816843898511
6.4320000000000004e-06,-0.68420593648231776
6.4324999999999998e-06,-0.48952360716397814
6.4330000000000001e-06,-0.15932385505327706
6.4335000000000003e-06,0.20230665126699204
6.4339999999999997e-06,0.48195894688602892
6.4345e-06,0.60677316866901243
6.4350000000000002e-06,0.57287588657779531
6.4354999999999996e-06,0.43852151332378442
6.4359999999999999e-06,0.28691373577818158
6.4365000000000001e-06,0.17964673195080955
6.4370000000000004e-06,0.12620860964103586
6.4374999999999998e-06,0.085672035307952935
6.438e-06,-0.001304157667583683
6.4385000000000003e-06,-0.16888794873867899
6.4389999999999997e-06,-0.39613255688934335
6.4394999999999999e-06,-0.60851448476429082
6.4400000000000002e-06,-0.71149615159113344
6.4404999999999996e-06,-0.63887984586766244
6.4409999999999998e-06,-0.3901482026899209
6.4415000000000001e-06,-0.036345669709350575
6.4420000000000003e-06,0.30947380871894026
6.4424999999999997e-06,0.54247183686904332
6.443e-06,0.61125117948174323
6.4435000000000002e-06,0.53519648058413849
6.4439999999999996e-06,0.38600780736290674
6.4444999999999999e-06,0.24455478157008129
6.4450000000000001e-06,0.1570401703583563
6.4455000000000004e-06,0.11423502082863837
6.4459999999999998e-06,0.064440094346029472
6.4465e-06,-0.047970094625432169
6.4470000000000003e-06,-0.24079139838412353
6.4474999999999997e-06,-0.47328628134681217
6.4479999999999999e-06,-0.65930788794735962
6.4485000000000002e-06,-0.7083960219345119
6.4489999999999996e-06,-0.57335508457131978
6.4494999999999998e-06,-0.27872839831289575
6.4500000000000001e-06,0.085672035307960526
6.4505000000000003e-06,0.40363285028575313
6.4509999999999997e-06,0.58411386778283392
6.4515e-06,0.59917720082297266
6.4520000000000002e-06,0.48931491650673836
6.4524999999999996e-06,0.33466601633366422
6.4529999999999999e-06,0.20868472118596348
6.4535000000000001e-06,0.13978083882226602
6.4540000000000004e-06,0.10152088721164299
6.4544999999999998e-06,0.035914932837759345
6.455e-06,-0.10409194065263325
6.4555000000000003e-06,-0.31750953857051384
6.4559999999999997e-06,-0.54531949521698164
6.4564999999999999e-06,-0.69450816843882768
6.4570000000000002e-06,-0.68420593648227268
6.4574999999999996e-06,-0.48952360716385884
6.4579999999999998e-06,-0.15932385505311916
6.4585000000000001e-06,0.20230665126632319
6.4590000000000003e-06,0.48195894688611918
6.4594999999999997e-06,0.60677316866902986
6.46e-06,0.57287588657775323
6.4605000000000002e-06,0.43852151332371697
6.4609999999999996e-06,0.28691373577845075
6.4614999999999999e-06,0.17964673195077629
6.4620000000000001e-06,0.12620860964101979
6.4625000000000004e-06,0.085672035307797753
6.4629999999999998e-06,-0.001304157667334771
6.4635e-06,-0.1688879487382709
6.4640000000000003e-06,-0.39613255688944493
6.4644999999999997e-06,-0.60851448476436543
6.4649999999999999e-06,-0.71149615159114277
6.4655000000000002e-06,-0.63887984586759039
6.4659999999999996e-06,-0.39014820268978367
6.4664999999999998e-06,-0.036345669709191009
6.4670000000000001e-06,0.30947380871907126
6.4675000000000003e-06,0.54247183686910971
6.4679999999999997e-06,0.61125117948176777
6.4685e-06,0.53519648058439007
6.4690000000000002e-06,0.38600780736245988
6.4694999999999996e-06,0.24455478157003047
6.4699999999999999e-06,0.15704017035833082
6.4705000000000001e-06,0.11423502082870936
6.4710000000000004e-06,0.064440094345997651
6.4714999999999998e-06,-0.047970094625498838
6.472e-06,-0.24079139838422028
6.4725000000000003e-06,-0.47328628134690953
6.4729999999999997e-06,-0.65930788794710127
6.4734999999999999e-06,-0.70839602193449436
6.4740000000000002e-06,-0.5733550845706793
6.4744999999999996e-06,-0.27872839831274543
6.4749999999999998e-06,0.085672035307247124
6.4755000000000001e-06,0.40363285028523821
6.4760000000000003e-06,0.58411386778287544
6.4764999999999997e-06,0.59917720082294723
6.477e-06,0.48931491650667502
6.4775000000000002e-06,0.3346660163335996
6.4779999999999996e-06,0.20868472118592146
6.4784999999999999e-06,0.13978083882224651
6.4790000000000001e-06,0.101520887211625
6.4795000000000004e-06,0.035914932837717017
6.4799999999999998e-06,-0.1040919406522727
6.4805e-06,-0.3175095385700491
6.4810000000000003e-06,-0.54531949521756373
6.4814999999999997e-06,-0.69450816843886198
6.4819999999999999e-06,-0.68420593648247963
6.4825000000000002e-06,-0.48952360716373949
6.4829999999999996e-06,-0.15932385505296132
6.4834999999999998e-06,0.20230665126646891
6.4840000000000001e-06,0.48195894688620933
6.4845000000000003e-06,0.60677316866904707
6.4849999999999997e-06,0.57287588657794641
6.4855e-06,0.43852151332364941
6.4860000000000002e-06,0.28691373577806428
6.4864999999999996e-06,0.17964673195092901
6.4869999999999999e-06,0.12620860964109348
6.4875000000000001e-06,0.085672035307905833
6.4880000000000004e-06,-0.0013041576673890054
6.4884999999999998e-06,-0.16888794873835977
6.489e-06,-0.39613255688954657
6.4895000000000003e-06,-0.60851448476443992
6.4899999999999997e-06,-0.7114961515911522
6.4904999999999999e-06,-0.63887984586751834
6.4910000000000002e-06,-0.39014820268964634
6.4914999999999996e-06,-0.036345669709923478
6.4919999999999998e-06,0.30947380871846986
6.4925000000000001e-06,0.54247183686880551
6.4930000000000003e-06,0.61125117948173247
6.4934999999999997e-06,0.53519648058433522
6.494e-06,0.38600780736277118
6.4945000000000002e-06,0.2445547815699797
6.4949999999999996e-06,0.15704017035830531
6.4954999999999999e-06,0.11423502082869388
6.4960000000000001e-06,0.064440094345965815
6.4965000000000004e-06,-0.047970094625565479
6.4969999999999998e-06,-0.24079139838377614
6.4975e-06,-0.4732862813470069
6.4980000000000003e-06,-0.65930788794747219
6.4984999999999997e-06,-0.70839602193457485
6.4989999999999999e-06,-0.5733550845711255
6.4995000000000002e-06,-0.2787283983125951
6.4999999999999996e-06,0.085672035307402541
6.5004999999999998e-06,0.40363285028535045
6.5010000000000001e-06,0.58411386778291696
6.5015000000000003e-06,0.59917720082292181
6.5019999999999998e-06,0.48931491650661174
6.5025e-06,0.33466601633353499
6.5030000000000002e-06,0.20868472118587947
6.5034999999999997e-06,0.13978083882233622
6.5039999999999999e-06,0.10152088721170754
6.5045000000000001e-06,0.03591493283767469
6.5050000000000004e-06,-0.10409194065279029
6.5054999999999998e-06,-0.3175095385701503
6.5060000000000001e-06,-0.54531949521715828
6.5065000000000003e-06,-0.69450816843889629
6.5069999999999997e-06,-0.68420593648243455
6.5075e-06,-0.48952360716362031
6.5080000000000002e-06,-0.15932385505280341
6.5084999999999996e-06,0.20230665126580005
6.5089999999999999e-06,0.48195894688629959
6.5095000000000001e-06,0.6067731686690645
6.5100000000000004e-06,0.57287588657766919
6.5104999999999998e-06,0.4385215133239595
6.511e-06,0.28691373577833346
6.5115000000000003e-06,0.17964673195089575
6.5119999999999997e-06,0.12620860964107744
6.5124999999999999e-06,0.085672035307882283
6.5130000000000002e-06,-0.001304157667443212
6.5135000000000004e-06,-0.16888794873844867
6.5139999999999998e-06,-0.3961325568896481
6.5145000000000001e-06,-0.60851448476451442
6.5150000000000003e-06,-0.71149615159116131
6.5154999999999997e-06,-0.63887984586784907
6.516e-06,-0.3901482026902765
6.5165000000000002e-06,-0.036345669708871861
6.5169999999999996e-06,0.30947380871860086
6.5174999999999999e-06,0.54247183686887179
6.5180000000000001e-06,0.611251179481757
6.5185000000000004e-06,0.53519648058428038
6.5189999999999998e-06,0.38600780736270335
6.5195e-06,0.24455478156992885
6.5200000000000003e-06,0.1570401703582798
6.5204999999999997e-06,0.11423502082876487
6.5209999999999999e-06,0.064440094345933951
6.5215000000000002e-06,-0.047970094625632037
6.5220000000000004e-06,-0.24079139838441391
6.5224999999999998e-06,-0.47328628134655992
6.5230000000000001e-06,-0.65930788794721373
6.5235000000000003e-06,-0.70839602193455731
6.5239999999999997e-06,-0.57335508457102835
6.5245e-06,-0.27872839831244473
6.5250000000000002e-06,0.085672035307557959
6.5254999999999996e-06,0.40363285028546259
6.5259999999999999e-06,0.5841138677829586
6.5265000000000001e-06,0.59917720082289638
6.5270000000000004e-06,0.4893149165065484
6.5274999999999998e-06,0.33466601633383153
6.528e-06,0.20868472118607223
6.5285000000000003e-06,0.1397808388222074
6.5289999999999997e-06,0.10152088721168956
6.5294999999999999e-06,0.035914932837868979
6.5300000000000002e-06,-0.10409194065242983
6.5305000000000004e-06,-0.3175095385702516
6.5309999999999998e-06,-0.54531949521724665
6.5315000000000001e-06,-0.69450816843893048
6.5320000000000003e-06,-0.68420593648238948
6.5324999999999997e-06,-0.48952360716416782
6.533e-06,-0.15932385505264554
6.5335000000000002e-06,0.20230665126676028
6.5339999999999996e-06,0.48195894688588548
6.5344999999999999e-06,0.60677316866898501
6.5350000000000001e-06,0.57287588657786226
6.5355000000000004e-06,0.43852151332351436
6.5359999999999998e-06,0.28691373577827484
6.5365e-06,0.17964673195086242
6.5370000000000003e-06,0.1262086096410614
6.5374999999999997e-06,0.085672035307858746
6.5379999999999999e-06,-0.0013041576674974464
6.5385000000000002e-06,-0.16888794873853757
6.5390000000000004e-06,-0.39613255688974969
6.5394999999999998e-06,-0.60851448476417236
6.5400000000000001e-06,-0.71149615159117063
6.5405000000000003e-06,-0.63887984586737423
6.5409999999999997e-06,-0.39014820269013922
6.5415e-06,-0.036345669709604358
6.5420000000000002e-06,0.30947380871873192
6.5424999999999996e-06,0.54247183686893807
6.5429999999999999e-06,0.61125117948175167
6.5435000000000001e-06,0.53519648058422564
6.5440000000000004e-06,0.38600780736263551
6.5444999999999998e-06,0.24455478156987809
6.545e-06,0.15704017035825432
6.5455000000000003e-06,0.11423502082866296
6.5459999999999997e-06,0.06444009434608014
6.5464999999999999e-06,-0.047970094625326254
6.5470000000000002e-06,-0.24079139838396965
6.5475000000000004e-06,-0.47328628134720163
6.5479999999999998e-06,-0.65930788794727013
6.5485000000000001e-06,-0.70839602193453977
6.5490000000000003e-06,-0.5733550845709311
6.5494999999999997e-06,-0.2787283983122944
6.55e-06,0.085672035307713362
6.5505000000000002e-06,0.40363285028557483
6.5509999999999996e-06,0.58411386778276775
6.5514999999999999e-06,0.59917720082301296
6.5520000000000001e-06,0.48931491650648518
6.5525000000000004e-06,0.33466601633340576
6.5529999999999998e-06,0.20868472118603024
6.5535e-06,0.13978083882229714
6.5540000000000003e-06,0.10152088721167159
6.5544999999999997e-06,0.03591493283782668
6.5549999999999999e-06,-0.10409194065250829
6.5555000000000002e-06,-0.3175095385703528
6.5560000000000004e-06,-0.54531949521733492
6.5564999999999998e-06,-0.6945081684389649
6.5570000000000001e-06,-0.6842059364823444
6.5575000000000003e-06,-0.48952360716338172
6.5579999999999997e-06,-0.15932385505337024
6.5585e-06,0.20230665126609146
6.5590000000000002e-06,0.48195894688597574
6.5594999999999996e-06,0.60677316866900233
6.5599999999999999e-06,0.57287588657782018
6.5605000000000001e-06,0.43852151332382444
6.5610000000000004e-06,0.28691373577821622
6.5614999999999998e-06,0.17964673195082917
6.562e-06,0.12620860964104536
6.5625000000000003e-06,0.085672035307835195
6.5629999999999997e-06,-0.0013041576672485899
6.5634999999999999e-06,-0.16888794873812948
6.5640000000000002e-06,-0.39613255688985133
6.5645000000000004e-06,-0.60851448476466352
6.5649999999999998e-06,-0.711496151591128
6.5655000000000001e-06,-0.63887984586770497
6.5660000000000003e-06,-0.39014820269000194
6.5664999999999997e-06,-0.036345669709444771
6.567e-06,0.30947380871886293
6.5675000000000002e-06,0.54247183686900424
6.5679999999999996e-06,0.61125117948177632
6.5684999999999999e-06,0.5351964805841708
6.5690000000000001e-06,0.38600780736256773
6.5695000000000004e-06,0.24455478156982727
6.5699999999999998e-06,0.15704017035837131
6.5705e-06,0.11423502082873395
6.5710000000000003e-06,0.064440094345870266
6.5714999999999997e-06,-0.04797009462539284
6.5719999999999999e-06,-0.24079139838406646
6.5725000000000002e-06,-0.47328628134675466
6.5729999999999996e-06,-0.65930788794732631
6.5734999999999998e-06,-0.70839602193452222
6.5740000000000001e-06,-0.57335508457083395
6.5745000000000003e-06,-0.27872839831214402
6.5749999999999997e-06,0.085672035306999961
6.5755e-06,0.40363285028568691
6.5760000000000002e-06,0.58411386778304164
6.5764999999999996e-06,0.59917720082298753
6.5769999999999999e-06,0.48931491650677572
6.5775000000000001e-06,0.3346660163337023
6.5780000000000004e-06,0.20868472118598827
6.5784999999999998e-06,0.13978083882227757
6.579e-06,0.1015208872116536
6.5795000000000003e-06,0.035914932837784325
6.5799999999999997e-06,-0.10409194065258687
6.5804999999999999e-06,-0.31750953857045405
6.5810000000000002e-06,-0.54531949521742329
6.5814999999999996e-06,-0.69450816843880747
6.5819999999999998e-06,-0.68420593648255146
6.5825000000000001e-06,-0.48952360716392929
6.5830000000000003e-06,-0.15932385505232979
6.5834999999999997e-06,0.2023066512662372
6.584e-06,0.48195894688606594
6.5845000000000002e-06,0.60677316866901965
6.5849999999999996e-06,0.57287588657777821
6.5854999999999999e-06,0.43852151332375688
6.5860000000000001e-06,0.28691373577815749
6.5865000000000004e-06,0.17964673195079595
6.5869999999999998e-06,0.12620860964111899
6.5875e-06,0.085672035307811645
6.5880000000000003e-06,-0.0013041576676058597
6.5884999999999997e-06,-0.16888794873821836
6.5889999999999999e-06,-0.39613255688938487
6.5895000000000002e-06,-0.60851448476432135
6.5899999999999996e-06,-0.71149615159113733
6.5904999999999998e-06,-0.63887984586763291
6.5910000000000001e-06,-0.39014820268986472
6.5915000000000003e-06,-0.036345669709285211
6.5919999999999997e-06,0.30947380871899388
6.5925e-06,0.54247183686907052
6.5930000000000002e-06,0.6112511794817409
6.5934999999999996e-06,0.53519648058442237
6.5939999999999999e-06,0.38600780736287899
6.5945000000000001e-06,0.24455478157006047
6.5950000000000004e-06,0.15704017035820331
6.5954999999999998e-06,0.11423502082871848
6.596e-06,0.064440094346016441
6.5965000000000003e-06,-0.047970094625459481
6.5969999999999997e-06,-0.24079139838416319
6.5974999999999999e-06,-0.47328628134685202
6.5980000000000002e-06,-0.65930788794738271
6.5984999999999996e-06,-0.70839602193460283
6.5989999999999998e-06,-0.57335508457128004
6.5995000000000001e-06,-0.2787283983119937
6.6000000000000003e-06,0.085672035308024197
6.6004999999999997e-06,0.40363285028517204
6.601e-06,0.5841138677828509
6.6015000000000002e-06,0.59917720082296222
6.6019999999999996e-06,0.48931491650671233
6.6024999999999999e-06,0.33466601633363774
6.6030000000000001e-06,0.20868472118594622
6.6035000000000004e-06,0.13978083882225806
6.6039999999999998e-06,0.10152088721163563
6.6045e-06,0.035914932837741997
6.6050000000000003e-06,-0.10409194065266533
6.6054999999999997e-06,-0.31750953856998937
6.6059999999999999e-06,-0.54531949521701772
6.6065000000000002e-06,-0.6945081684390334
6.6069999999999996e-06,-0.68420593648250627
6.6074999999999998e-06,-0.48952360716380994
6.6080000000000001e-06,-0.15932385505305449
6.6085000000000003e-06,0.20230665126638286
6.6089999999999997e-06,0.48195894688615615
6.6095e-06,0.60677316866903686
6.6100000000000002e-06,0.57287588657773614
6.6104999999999996e-06,0.43852151332406686
6.6109999999999999e-06,0.28691373577809887
6.6115000000000001e-06,0.17964673195076264
6.6120000000000004e-06,0.12620860964101324
6.6124999999999998e-06,0.085672035307919725
6.613e-06,-0.0013041576673569755
6.6135000000000003e-06,-0.16888794873830726
6.6139999999999997e-06,-0.39613255688948651
6.6144999999999999e-06,-0.60851448476439596
6.6150000000000002e-06,-0.71149615159114654
6.6154999999999996e-06,-0.63887984586756086
6.6159999999999998e-06,-0.39014820268972744
6.6165000000000001e-06,-0.036345669709125644
6.6170000000000003e-06,0.30947380871912494
6.6174999999999997e-06,0.54247183686876643
6.618e-06,0.61125117948176555
6.6185000000000002e-06,0.53519648058406122
6.6189999999999996e-06,0.38600780736281115
6.6194999999999999e-06,0.24455478157000965
6.6200000000000001e-06,0.15704017035832038
6.6205000000000004e-06,0.11423502082870303
6.6209999999999998e-06,0.064440094345984605
6.6215e-06,-0.047970094625526122
6.6220000000000003e-06,-0.24079139838425997
6.6224999999999997e-06,-0.47328628134640499
6.6229999999999999e-06,-0.659307887947439
6.6235000000000002e-06,-0.70839602193448714
6.6239999999999996e-06,-0.57335508457118278
6.6244999999999998e-06,-0.27872839831268387
6.6250000000000001e-06,0.085672035307310795
6.6255000000000003e-06,0.40363285028528417
6.6259999999999997e-06,0.58411386778289254
6.6265e-06,0.5991772008229368
6.6270000000000002e-06,0.4893149165066491
6.6274999999999996e-06,0.33466601633357312
6.6279999999999999e-06,0.20868472118590425
6.6285000000000001e-06,0.13978083882223846
6.6290000000000004e-06,0.10152088721161764
6.6294999999999998e-06,0.035914932837936286
6.63e-06,-0.10409194065230493
6.6305000000000003e-06,-0.31750953857065656
6.6309999999999997e-06,-0.5453194952171061
6.6315e-06,-0.69450816843887608
6.6320000000000002e-06,-0.6842059364824612
6.6324999999999996e-06,-0.4895236071636907
6.6329999999999999e-06,-0.15932385505289662
6.6335000000000001e-06,0.20230665126652858
6.6340000000000003e-06,0.48195894688624635
6.6344999999999998e-06,0.60677316866895747
6.635e-06,0.57287588657769395
6.6355000000000003e-06,0.43852151332362183
6.6359999999999997e-06,0.2869137357783681
6.6364999999999999e-06,0.17964673195091535
6.6370000000000002e-06,0.12620860964108688
6.6375000000000004e-06,0.085672035307764557
6.6379999999999998e-06,-0.0013041576674112099
6.6385000000000001e-06,-0.16888794873839616
6.6390000000000003e-06,-0.39613255688958809
6.6394999999999997e-06,-0.60851448476447045
6.64e-06,-0.71149615159115587
6.6405000000000002e-06,-0.6388798458674888
6.6409999999999996e-06,-0.39014820269035755
6.6414999999999999e-06,-0.036345669709858107
6.6420000000000001e-06,0.309473808719256
6.6425000000000004e-06,0.54247183686920308
6.6429999999999998e-06,0.61125117948176011
6.6435e-06,0.53519648058431279
6.6440000000000003e-06,0.38600780736274337
6.6444999999999997e-06,0.24455478156995888
6.6449999999999999e-06,0.15704017035829487
6.6455000000000002e-06,0.11423502082868756
6.6460000000000004e-06,0.064440094345952742
6.6464999999999998e-06,-0.047970094625592707
6.6470000000000001e-06,-0.24079139838435673
6.6475000000000003e-06,-0.47328628134704681
6.6479999999999997e-06,-0.65930788794718054
6.6485e-06,-0.70839602193456763
6.6490000000000002e-06,-0.57335508457108564
6.6494999999999996e-06,-0.27872839831253349
6.6499999999999999e-06,0.085672035307466213
6.6505000000000001e-06,0.40363285028539642
6.6510000000000004e-06,0.58411386778293395
6.6514999999999998e-06,0.59917720082291137
6.652e-06,0.48931491650658587
6.6525000000000003e-06,0.33466601633350856
6.6529999999999997e-06,0.2086847211860971
6.6534999999999999e-06,0.1397808388223282
6.6540000000000002e-06,0.10152088721159967
6.6545000000000004e-06,0.035914932837657343
6.6549999999999998e-06,-0.10409194065238347
6.6555000000000001e-06,-0.31750953857019182
6.6560000000000003e-06,-0.54531949521719436
6.6564999999999997e-06,-0.69450816843891028
6.657e-06,-0.68420593648241601
6.6575000000000002e-06,-0.48952360716357135
6.6579999999999996e-06,-0.15932385505362132
6.6584999999999999e-06,0.2023066512666743
6.6590000000000001e-06,0.4819589468863365
6.6595000000000004e-06,0.60677316866907149
6.6599999999999998e-06,0.57287588657788713
6.6605e-06,0.4385215133239318
6.6610000000000003e-06,0.28691373577830948
6.6614999999999997e-06,0.1796467319508821
6.6619999999999999e-06,0.12620860964107083
6.6625000000000002e-06,0.085672035307872652
6.6630000000000004e-06,-0.0013041576674654165
6.6634999999999998e-06,-0.16888794873848514
6.6640000000000001e-06,-0.39613255688968974
6.6645000000000003e-06,-0.60851448476454495
6.6649999999999997e-06,-0.71149615159111324
6.6655e-06,-0.63887984586781965
6.6660000000000002e-06,-0.39014820268945283
6.6664999999999996e-06,-0.036345669709698554
6.6669999999999999e-06,0.30947380871865454
6.6675000000000001e-06,0.54247183686889899
6.6680000000000004e-06,0.61125117948175489
6.6684999999999998e-06,0.53519648058425795
6.669e-06,0.38600780736267554
6.6695000000000003e-06,0.24455478156990809
6.6699999999999997e-06,0.15704017035841195
6.6704999999999999e-06,0.11423502082867208
6.6710000000000002e-06,0.064440094345920906
6.6715000000000004e-06,-0.047970094625659349
6.6719999999999998e-06,-0.24079139838391247
6.6725000000000001e-06,-0.47328628134659984
6.6730000000000003e-06,-0.65930788794723683
6.6734999999999997e-06,-0.7083960219345502
6.674e-06,-0.57335508457098849
6.6745000000000002e-06,-0.27872839831238316
6.6749999999999996e-06,0.085672035307621616
6.6754999999999999e-06,0.40363285028550855
6.6760000000000001e-06,0.58411386778297558
6.6765000000000004e-06,0.59917720082288595
6.6769999999999998e-06,0.48931491650687642
6.6775e-06,0.33466601633380505
6.6780000000000003e-06,0.20868472118582021
6.6784999999999997e-06,0.13978083882230868
6.6789999999999999e-06,0.1015208872116822
6.6795000000000002e-06,0.035914932837851632
6.6800000000000004e-06,-0.104091940652462
6.6804999999999998e-06,-0.31750953857029307
6.6810000000000001e-06,-0.54531949521728273
6.6815000000000003e-06,-0.69450816843894458
6.6819999999999997e-06,-0.68420593648262318
6.6825e-06,-0.48952360716345217
6.6830000000000002e-06,-0.15932385505258087
6.6834999999999996e-06,0.20230665126600544
6.6839999999999999e-06,0.48195894688592245
6.6845000000000001e-06,0.606773168668992
6.6850000000000004e-06,0.57287588657760991
6.6854999999999998e-06,0.43852151332386424
6.686e-06,0.28691373577825074
6.6865000000000003e-06,0.17964673195084888
6.6869999999999997e-06,0.12620860964105479
6.6874999999999999e-06,0.085672035307849101
6.6880000000000002e-06,-0.0013041576675196231
6.6885000000000004e-06,-0.16888794873857402
6.6889999999999998e-06,-0.39613255688922333
6.6895000000000001e-06,-0.60851448476461956
6.6900000000000003e-06,-0.71149615159117441
6.6904999999999997e-06,-0.6388798458677476
6.691e-06,-0.39014820269008299
6.6915000000000002e-06,-0.03634566970953898
6.6919999999999996e-06,0.30947380871878555
6.6924999999999999e-06,0.54247183686896516
6.6930000000000001e-06,0.61125117948174945
6.6935000000000004e-06,0.53519648058420322
6.6939999999999998e-06,0.38600780736260776
6.6945e-06,0.24455478156985733
6.6950000000000003e-06,0.15704017035824389
6.6954999999999997e-06,0.11423502082874307
6.6959999999999999e-06,0.064440094346067081
6.6965000000000002e-06,-0.047970094625353538
6.6969999999999996e-06,-0.24079139838400934
6.6974999999999998e-06,-0.4732862813466972
6.6980000000000001e-06,-0.65930788794729311
6.6985000000000003e-06,-0.70839602193453255
6.6989999999999997e-06,-0.57335508457089124
6.6995e-06,-0.27872839831223284
6.7000000000000002e-06,0.085672035307777034
6.7004999999999996e-06,0.40363285028499363
6.7009999999999999e-06,0.58411386778278485
6.7015000000000001e-06,0.59917720082286052
6.7020000000000004e-06,0.48931491650645925
6.7024999999999998e-06,0.33466601633374049
6.703e-06,0.20868472118601308
6.7035000000000003e-06,0.13978083882228912
6.7039999999999997e-06,0.10152088721166423
6.7044999999999999e-06,0.035914932837809305
6.7050000000000002e-06,-0.10409194065254049
6.7054999999999996e-06,-0.31750953856982833
6.7059999999999998e-06,-0.54531949521737122
6.7065000000000001e-06,-0.69450816843897878
6.7070000000000003e-06,-0.68420593648232586
6.7074999999999997e-06,-0.48952360716399967
6.708e-06,-0.15932385505330557
6.7085000000000002e-06,0.20230665126615116
6.7089999999999996e-06,0.48195894688601271
6.7094999999999999e-06,0.60677316866900943
6.7100000000000001e-06,0.57287588657780297
6.7105000000000004e-06,0.43852151332379674
6.7109999999999998e-06,0.28691373577819212
6.7115e-06,0.17964673195081562
6.7120000000000003e-06,0.12620860964103878
6.7124999999999997e-06,0.085672035307957181
6.7129999999999999e-06,-0.0013041576672707667
6.7135000000000002e-06,-0.16888794873866295
6.7139999999999996e-06,-0.39613255688932497
6.7144999999999998e-06,-0.60851448476427739
6.7150000000000001e-06,-0.71149615159113178
6.7155000000000003e-06,-0.63887984586767554
6.7159999999999997e-06,-0.39014820268994577
6.7165e-06,-0.036345669709379413
6.7170000000000002e-06,0.30947380871891661
6.7174999999999996e-06,0.54247183686866096
6.7179999999999999e-06,0.61125117948174412
6.7185000000000001e-06,0.53519648058414837
6.7190000000000004e-06,0.38600780736253992
6.7194999999999998e-06,0.24455478157009047
6.72e-06,0.15704017035836093
6.7205000000000003e-06,0.11423502082864116
6.7209999999999997e-06,0.064440094346035245
6.7214999999999999e-06,-0.047970094625420151
6.7220000000000002e-06,-0.2407913983841061
6.7224999999999996e-06,-0.47328628134679457
6.7229999999999998e-06,-0.6593078879473494
6.7235000000000001e-06,-0.70839602193451501
6.7240000000000003e-06,-0.57335508457079409
6.7244999999999997e-06,-0.2787283983129229
6.725e-06,0.085672035307932437
6.7255000000000002e-06,0.40363285028573292
6.7259999999999996e-06,0.58411386778282637
6.7264999999999999e-06,0.59917720082297721
6.7270000000000001e-06,0.4893149165067498
6.7275000000000004e-06,0.33466601633367588
6.7279999999999998e-06,0.20868472118597103
6.7285e-06,0.13978083882226958
6.7290000000000003e-06,0.10152088721164623
6.7294999999999997e-06,0.035914932837767005
6.7299999999999999e-06,-0.10409194065261901
6.7305000000000002e-06,-0.31750953857049558
6.7309999999999996e-06,-0.54531949521696566
6.7314999999999998e-06,-0.69450816843882157
6.7320000000000001e-06,-0.68420593648253292
6.7325000000000003e-06,-0.48952360716321364
6.7329999999999997e-06,-0.15932385505314769
6.7335e-06,0.20230665126629685
6.7340000000000002e-06,0.48195894688610291
6.7344999999999996e-06,0.60677316866902675
6.7349999999999999e-06,0.57287588657776078
6.7355000000000001e-06,0.43852151332372918
6.7360000000000004e-06,0.28691373577813351
6.7364999999999998e-06,0.17964673195096825
6.737e-06,0.12620860964102271
6.7375000000000003e-06,0.085672035307802
6.7379999999999997e-06,-0.001304157667325001
6.7384999999999999e-06,-0.1688879487382548
6.7390000000000002e-06,-0.39613255688942656
6.7394999999999996e-06,-0.60851448476435199
6.7399999999999998e-06,-0.7114961515911411
6.7405000000000001e-06,-0.63887984586760349
6.7410000000000003e-06,-0.39014820268980843
6.7414999999999997e-06,-0.03634566970921984
6.742e-06,0.30947380871904762
6.7425000000000002e-06,0.54247183686909761
6.7429999999999996e-06,0.61125117948176877
6.7434999999999999e-06,0.53519648058439984
6.7440000000000001e-06,0.38600780736285129
6.7445000000000004e-06,0.24455478156975566
6.7449999999999998e-06,0.1570401703583354
6.7455e-06,0.11423502082871215
6.7460000000000003e-06,0.064440094346003396
6.7464999999999997e-06,-0.047970094625486792
6.7469999999999999e-06,-0.24079139838420291
6.7475000000000002e-06,-0.47328628134689193
6.7479999999999996e-06,-0.65930788794709094
6.7484999999999998e-06,-0.7083960219345955
6.7490000000000001e-06,-0.57335508457069684
6.7495000000000003e-06,-0.27872839831193208
6.7499999999999997e-06,0.085672035307219049
6.7505e-06,0.40363285028521795
6.7510000000000002e-06,0.584113867782868
6.7514999999999996e-06,0.59917720082295178
6.7519999999999999e-06,0.48931491650668646
6.7525000000000001e-06,0.33466601633361126
6.7530000000000004e-06,0.20868472118592898
6.7534999999999998e-06,0.13978083882225001
6.754e-06,0.10152088721162826
6.7545000000000003e-06,0.035914932837724678
6.7549999999999997e-06,-0.10409194065225857
6.7554999999999999e-06,-0.31750953857003078
6.7560000000000002e-06,-0.54531949521754786
6.7564999999999996e-06,-0.69450816843885588
6.7569999999999998e-06,-0.68420593648248773
6.7575000000000001e-06,-0.4895236071637612
6.7580000000000003e-06,-0.15932385505298982
6.7584999999999998e-06,0.20230665126644254
6.759e-06,0.48195894688619312
6.7595000000000002e-06,0.60677316866904396
6.7599999999999997e-06,0.57287588657795396
6.7604999999999999e-06,0.43852151332366157
6.7610000000000002e-06,0.28691373577807477
6.7615000000000004e-06,0.17964673195074904
6.7619999999999998e-06,0.12620860964109637
6.7625000000000001e-06,0.085672035307910094
6.7630000000000003e-06,-0.0013041576673792077
6.7634999999999997e-06,-0.16888794873834367
6.764e-06,-0.39613255688952814
6.7645000000000002e-06,-0.60851448476442649
6.7649999999999996e-06,-0.71149615159115032
6.7654999999999999e-06,-0.63887984586753133
6.7660000000000001e-06,-0.39014820268967121
6.7665000000000004e-06,-0.036345669709060287
6.7669999999999998e-06,0.30947380871844621
6.7675e-06,0.54247183686879352
6.7680000000000003e-06,0.61125117948173346
6.7684999999999997e-06,0.5351964805843451
6.7689999999999999e-06,0.38600780736278339
6.7695000000000002e-06,0.24455478156998883
6.7700000000000004e-06,0.15704017035830992
6.7704999999999998e-06,0.11423502082869667
6.7710000000000001e-06,0.064440094345971546
6.7715000000000003e-06,-0.047970094625553378
6.7719999999999997e-06,-0.24079139838375865
6.7725e-06,-0.4732862813469893
6.7730000000000002e-06,-0.65930788794746198
6.7734999999999996e-06,-0.70839602193457807
6.7739999999999999e-06,-0.57335508457114304
6.7745000000000001e-06,-0.27872839831262225
6.7750000000000004e-06,0.085672035307374453
6.7754999999999998e-06,0.40363285028533014
6.776e-06,0.58411386778290941
6.7765000000000003e-06,0.59917720082292647
6.7769999999999997e-06,0.48931491650662318
6.7774999999999999e-06,0.33466601633354665
6.7780000000000002e-06,0.2086847211858871
6.7785000000000004e-06,0.13978083882223044
6.7789999999999998e-06,0.10152088721171079
6.7795000000000001e-06,0.035914932837918939
6.7800000000000003e-06,-0.10409194065277608
6.7804999999999997e-06,-0.31750953857013203
6.781e-06,-0.54531949521714229
6.7815000000000002e-06,-0.69450816843889007
6.7819999999999996e-06,-0.68420593648244277
6.7824999999999999e-06,-0.48952360716364185
6.7830000000000001e-06,-0.15932385505283195
6.7835000000000004e-06,0.20230665126658826
6.7839999999999998e-06,0.481958946885779
6.7845e-06,0.60677316866906128
6.7850000000000003e-06,0.57287588657767674
6.7854999999999997e-06,0.43852151332397171
6.7859999999999999e-06,0.28691373577834411
6.7865000000000002e-06,0.17964673195090167
6.7870000000000004e-06,0.12620860964099062
6.7874999999999998e-06,0.085672035307886543
6.7880000000000001e-06,-0.0013041576674334143
6.7885000000000003e-06,-0.16888794873843263
6.7889999999999997e-06,-0.39613255688962978
6.7895e-06,-0.60851448476450098
6.7900000000000002e-06,-0.71149615159115975
6.7904999999999996e-06,-0.63887984586786217
6.7909999999999999e-06,-0.39014820269030137
6.7915000000000001e-06,-0.036345669708900699
6.7920000000000004e-06,0.30947380871930963
6.7924999999999998e-06,0.5424718368688598
6.793e-06,0.611251179481758
6.7935000000000003e-06,0.53519648058429037
6.7939999999999997e-06,0.38600780736271556
6.7944999999999999e-06,0.24455478156993804
6.7950000000000002e-06,0.15704017035828438
6.7955000000000004e-06,0.11423502082868123
6.7959999999999998e-06,0.064440094345939697
6.7965000000000001e-06,-0.047970094625620019
6.7970000000000003e-06,-0.24079139838439639
6.7974999999999997e-06,-0.47328628134654233
6.798e-06,-0.65930788794720352
6.7985000000000002e-06,-0.70839602193456053
6.7989999999999996e-06,-0.57335508457104589
6.7994999999999999e-06,-0.27872839831247193
6.8000000000000001e-06,0.08567203530752987
6.8005000000000004e-06,0.40363285028544232
6.8009999999999998e-06,0.58411386778295105
6.8015e-06,0.59917720082290105
6.8020000000000003e-06,0.48931491650655995
6.8024999999999997e-06,0.33466601633384319
6.8029999999999999e-06,0.20868472118607984
6.8035000000000002e-06,0.13978083882221093
6.8040000000000004e-06,0.1015208872115923
6.8044999999999998e-06,0.035914932837876612
6.8050000000000001e-06,-0.10409194065241559
6.8055000000000003e-06,-0.31750953857023334
6.8059999999999997e-06,-0.54531949521723067
6.8065e-06,-0.69450816843892438
6.8070000000000002e-06,-0.68420593648239758
6.8074999999999996e-06,-0.48952360716418941
6.8079999999999999e-06,-0.1593238550526741
6.8085000000000001e-06,0.20230665126673397
6.8090000000000004e-06,0.48195894688637347
6.8094999999999998e-06,0.6067731686689819
6.81e-06,0.57287588657786981
6.8105000000000003e-06,0.4385215133239041
6.8109999999999997e-06,0.28691373577828538
6.8114999999999999e-06,0.17964673195086847
6.8120000000000002e-06,0.12620860964106428
6.8125000000000004e-06,0.085672035307863006
6.8129999999999998e-06,-0.001304157667487621
6.8135000000000001e-06,-0.16888794873852153
6.8140000000000003e-06,-0.39613255688973137
6.8144999999999997e-06,-0.60851448476415892
6.815e-06,-0.7114961515911169
6.8155000000000002e-06,-0.63887984586738722
6.8159999999999996e-06,-0.39014820269016404
6.8164999999999999e-06,-0.03634566970963319
6.8170000000000001e-06,0.30947380871870822
6.8175000000000004e-06,0.54247183686892608
6.8179999999999998e-06,0.61125117948175267
6.8185e-06,0.53519648058423552
6.8190000000000003e-06,0.38600780736264773
6.8194999999999997e-06,0.24455478157017127
6.8199999999999999e-06,0.15704017035825893
6.8205000000000002e-06,0.11423502082866575
6.8210000000000004e-06,0.064440094345907861
6.8214999999999998e-06,-0.047970094625314208
6.8220000000000001e-06,-0.24079139838395219
6.8225000000000003e-06,-0.47328628134718403
6.8229999999999997e-06,-0.65930788794725992
6.8235e-06,-0.70839602193454299
6.8240000000000002e-06,-0.57335508457094864
6.8244999999999996e-06,-0.27872839831232155
6.8249999999999999e-06,0.085672035307685274
6.8255000000000001e-06,0.40363285028555451
6.8260000000000004e-06,0.58411386778299257
6.8264999999999998e-06,0.59917720082301762
6.827e-06,0.48931491650649661
6.8275000000000003e-06,0.33466601633341747
6.8279999999999997e-06,0.20868472118603787
6.8284999999999999e-06,0.13978083882230063
6.8290000000000002e-06,0.10152088721167483
6.8294999999999996e-06,0.035914932837834312
6.8299999999999998e-06,-0.10409194065249414
6.8305000000000001e-06,-0.31750953857033448
6.8310000000000003e-06,-0.54531949521731904
6.8314999999999997e-06,-0.69450816843895868
6.832e-06,-0.68420593648235251
6.8325000000000002e-06,-0.48952360716340326
6.8329999999999996e-06,-0.15932385505339877
6.8334999999999999e-06,0.20230665126606515
6.8340000000000001e-06,0.48195894688595942
6.8345000000000004e-06,0.60677316866909581
6.8349999999999998e-06,0.57287588657782773
6.8355e-06,0.43852151332383654
6.8360000000000003e-06,0.28691373577822676
6.8364999999999997e-06,0.17964673195083519
6.8369999999999999e-06,0.12620860964104824
6.8375000000000002e-06,0.085672035307839442
6.8379999999999996e-06,-0.0013041576672387922
6.8384999999999998e-06,-0.16888794873811339
6.8390000000000001e-06,-0.39613255688983301
6.8395000000000003e-06,-0.60851448476464998
6.8399999999999997e-06,-0.71149615159112622
6.8405e-06,-0.63887984586771807
6.8410000000000002e-06,-0.39014820269002681
6.8414999999999996e-06,-0.036345669709473609
6.8419999999999999e-06,0.30947380871883923
6.8425000000000001e-06,0.54247183686899236
6.8430000000000004e-06,0.61125117948174734
6.8434999999999998e-06,0.53519648058418079
6.844e-06,0.38600780736257995
6.8445000000000003e-06,0.24455478156983645
6.8449999999999997e-06,0.157040170358376
6.8454999999999999e-06,0.11423502082873674
6.8460000000000002e-06,0.064440094346054036
6.8464999999999996e-06,-0.047970094625380821
6.8469999999999998e-06,-0.24079139838404895
6.8475000000000001e-06,-0.47328628134673706
6.8480000000000003e-06,-0.65930788794731621
6.8484999999999997e-06,-0.70839602193452544
6.849e-06,-0.57335508457085149
6.8495000000000002e-06,-0.27872839831217122
6.8499999999999996e-06,0.085672035306971872
6.8504999999999999e-06,0.40363285028503959
6.8510000000000001e-06,0.58411386778303409
6.8515000000000004e-06,0.5991772008228502
6.8519999999999998e-06,0.48931491650678705
6.8525e-06,0.33466601633371401
6.8530000000000003e-06,0.20868472118599588
6.8534999999999997e-06,0.13978083882228107
6.8539999999999999e-06,0.10152088721165686
6.8545000000000002e-06,0.035914932837791957
6.8549999999999996e-06,-0.10409194065213362
6.8554999999999998e-06,-0.31750953857043573
6.8560000000000001e-06,-0.5453194952174073
6.8565000000000003e-06,-0.69450816843899288
6.8569999999999997e-06,-0.68420593648255956
6.8575e-06,-0.48952360716395077
6.8580000000000002e-06,-0.1593238550532409
6.8584999999999996e-06,0.20230665126621084
6.8589999999999999e-06,0.48195894688604957
6.8595000000000001e-06,0.60677316866901643
6.8600000000000004e-06,0.57287588657778576
6.8604999999999998e-06,0.4385215133237691
6.861e-06,0.28691373577816814
6.8615000000000003e-06,0.17964673195080194
6.8619999999999997e-06,0.1262086096411219
6.8624999999999999e-06,0.085672035307815905
6.8630000000000002e-06,-0.0013041576675960342
6.8634999999999996e-06,-0.16888794873820231
6.8639999999999998e-06,-0.39613255688936655
6.8645000000000001e-06,-0.60851448476430792
6.8650000000000003e-06,-0.71149615159113566
6.8654999999999997e-06,-0.63887984586764601
6.866e-06,-0.39014820268988948
6.8665000000000002e-06,-0.036345669709314049
6.8669999999999996e-06,0.30947380871897023
6.8674999999999999e-06,0.54247183686905853
6.8680000000000001e-06,0.61125117948174201
6.8685000000000004e-06,0.53519648058412594
6.8689999999999998e-06,0.38600780736289131
6.8695e-06,0.24455478157006966
6.8700000000000003e-06,0.15704017035820789
6.8704999999999997e-06,0.11423502082872125
6.8709999999999999e-06,0.064440094346022186
6.8715000000000002e-06,-0.047970094625447462
6.8719999999999996e-06,-0.24079139838414571
6.8724999999999998e-06,-0.47328628134683448
6.8730000000000001e-06,-0.65930788794737238
6.8735000000000003e-06,-0.70839602193450779
6.8739999999999997e-06,-0.57335508457129758
6.8745e-06,-0.2787283983120209
6.8750000000000002e-06,0.085672035307996122
6.8754999999999996e-06,0.40363285028515172
6.8759999999999999e-06,0.58411386778284347
6.8765000000000001e-06,0.59917720082296677
6.8770000000000004e-06,0.48931491650672382
6.8774999999999998e-06,0.33466601633364945
6.878e-06,0.20868472118595383
6.8785000000000003e-06,0.13978083882226155
6.8789999999999997e-06,0.10152088721163888
6.8794999999999999e-06,0.035914932837749658
6.8800000000000002e-06,-0.10409194065265118
6.8804999999999996e-06,-0.31750953856997099
6.8809999999999998e-06,-0.54531949521700185
6.8815000000000001e-06,-0.69450816843883556
6.8820000000000003e-06,-0.68420593648226236
6.8824999999999997e-06,-0.48952360716383159
6.883e-06,-0.15932385505308302
6.8835000000000002e-06,0.20230665126635655
6.8839999999999997e-06,0.48195894688613983
6.8844999999999999e-06,0.60677316866903375
6.8850000000000001e-06,0.57287588657774369
6.8855000000000004e-06,0.43852151332370148
6.8859999999999998e-06,0.28691373577843737
6.8865e-06,0.17964673195076866
6.8870000000000003e-06,0.12620860964101613
6.8874999999999997e-06,0.085672035307923985
6.888e-06,-0.0013041576673472055
6.8885000000000002e-06,-0.16888794873829122
6.8889999999999996e-06,-0.39613255688946813
6.8894999999999999e-06,-0.60851448476438241
6.8900000000000001e-06,-0.71149615159114499
6.8905000000000004e-06,-0.63887984586757385
6.8909999999999998e-06,-0.39014820268975225
6.8915e-06,-0.036345669709154475
6.8920000000000003e-06,0.30947380871910124
6.8924999999999997e-06,0.54247183686875444
6.8929999999999999e-06,0.61125117948176655
6.8935000000000002e-06,0.53519648058437752
6.8940000000000004e-06,0.38600780736244433
6.8944999999999998e-06,0.24455478157001884
6.8950000000000001e-06,0.15704017035832499
6.8955000000000003e-06,0.11423502082870582
6.8959999999999997e-06,0.064440094345990379
6.8965e-06,-0.047970094625514104
6.8970000000000002e-06,-0.24079139838424249
6.8974999999999996e-06,-0.47328628134638751
6.8979999999999999e-06,-0.65930788794711404
6.8985000000000001e-06,-0.70839602193449025
6.8990000000000004e-06,-0.57335508457065709
6.8994999999999998e-06,-0.27872839831271101
6.9e-06,0.085672035307282707
6.9005000000000003e-06,0.40363285028526391
6.9009999999999997e-06,0.58411386778288499
6.9014999999999999e-06,0.59917720082294135
6.9020000000000002e-06,0.48931491650666054
6.9025000000000004e-06,0.33466601633358484
6.9029999999999998e-06,0.20868472118591183
6.9035000000000001e-06,0.13978083882224207
6.9040000000000003e-06,0.10152088721162089
6.9044999999999997e-06,0.035914932837943919
6.905e-06,-0.10409194065229072
6.9055000000000002e-06,-0.31750953857063824
6.9059999999999996e-06,-0.54531949521709011
6.9064999999999999e-06,-0.69450816843886987
6.9070000000000001e-06,-0.6842059364824693
6.9075000000000004e-06,-0.48952360716371224
6.9079999999999998e-06,-0.15932385505292518
6.9085e-06,0.20230665126650227
6.9090000000000003e-06,0.48195894688623003
6.9094999999999997e-06,0.60677316866895437
6.9099999999999999e-06,0.57287588657770161
6.9105000000000002e-06,0.43852151332363398
6.9110000000000004e-06,0.28691373577805085
6.9114999999999998e-06,0.17964673195092135
6.9120000000000001e-06,0.12620860964108982
6.9125000000000003e-06,0.085672035307900463
6.9129999999999997e-06,-0.0013041576674014121
6.9135e-06,-0.16888794873838012
6.9140000000000002e-06,-0.39613255688956972
6.9144999999999996e-06,-0.60851448476445702
6.9149999999999999e-06,-0.7114961515911542
6.9155000000000001e-06,-0.63887984586750179
6.9160000000000004e-06,-0.39014820268961492
6.9164999999999998e-06,-0.036345669709886959
6.917e-06,0.30947380871849983
6.9175000000000003e-06,0.54247183686919109
6.9179999999999997e-06,0.61125117948176122
6.9184999999999999e-06,0.53519648058432268
6.9190000000000002e-06,0.38600780736275553
6.9195000000000004e-06,0.24455478156996807
6.9199999999999998e-06,0.15704017035829945
6.9205000000000001e-06,0.11423502082869033
6.9210000000000003e-06,0.064440094345958487
6.9214999999999997e-06,-0.047970094625208293
6.922e-06,-0.24079139838433922
6.9225000000000002e-06,-0.47328628134702921
6.9229999999999996e-06,-0.65930788794717032
6.9234999999999999e-06,-0.70839602193457085
6.9240000000000001e-06,-0.57335508457110318
6.9245000000000004e-06,-0.27872839831256063
6.9249999999999998e-06,0.085672035307438124
6.9255e-06,0.4036328502853761
6.9260000000000003e-06,0.58411386778292651
6.9264999999999997e-06,0.59917720082291592
6.9269999999999999e-06,0.4893149165065972
6.9275000000000002e-06,0.33466601633352022
6.9280000000000004e-06,0.20868472118586981
6.9284999999999998e-06,0.13978083882233178
6.9290000000000001e-06,0.10152088721170344
6.9295000000000003e-06,0.035914932837665003
6.9299999999999997e-06,-0.10409194065236924
6.9305e-06,-0.3175095385701735
6.9310000000000002e-06,-0.54531949521717848
6.9314999999999996e-06,-0.69450816843890406
6.9319999999999999e-06,-0.68420593648242423
6.9325000000000001e-06,-0.489523607163593
6.9330000000000004e-06,-0.15932385505276728
6.9334999999999998e-06,0.20230665126583341
6.934e-06,0.48195894688632024
6.9345000000000003e-06,0.60677316866906827
6.9349999999999997e-06,0.57287588657789468
6.9354999999999999e-06,0.43852151332394396
6.9360000000000002e-06,0.28691373577832002
6.9365000000000004e-06,0.17964673195070208
6.9369999999999998e-06,0.12620860964107378
6.9375000000000001e-06,0.085672035307876898
6.9380000000000003e-06,-0.0013041576674556188
6.9384999999999997e-06,-0.16888794873846902
6.939e-06,-0.39613255688967131
6.9395000000000002e-06,-0.60851448476453152
6.9399999999999996e-06,-0.71149615159111157
6.9404999999999999e-06,-0.63887984586783264
6.9410000000000001e-06,-0.39014820268947759
6.9415000000000004e-06,-0.036345669708835342
6.9419999999999998e-06,0.30947380871863089
6.9425e-06,0.542471836868887
6.9430000000000003e-06,0.61125117948175589
6.9434999999999997e-06,0.53519648058426794
6.9439999999999999e-06,0.38600780736268786
6.9445000000000002e-06,0.24455478156991728
6.9450000000000004e-06,0.157040170358274
6.9454999999999998e-06,0.1142350208286749
6.9460000000000001e-06,0.064440094345926652
6.9465000000000003e-06,-0.047970094625647275
6.9469999999999997e-06,-0.24079139838389504
6.9475e-06,-0.47328628134658224
6.9480000000000002e-06,-0.65930788794722672
6.9484999999999996e-06,-0.70839602193455331
6.9489999999999999e-06,-0.57335508457100604
6.9495000000000001e-06,-0.27872839831241031
6.9500000000000004e-06,0.085672035307593541
6.9504999999999998e-06,0.40363285028548823
6.951e-06,0.58411386778296803
6.9515000000000003e-06,0.5991772008228905
6.9519999999999997e-06,0.48931491650688774
6.9524999999999999e-06,0.33466601633381676
6.9530000000000002e-06,0.20868472118582784
6.9534999999999996e-06,0.13978083882231221
6.9539999999999998e-06,0.10152088721168545
6.9545000000000001e-06,0.035914932837859292
6.9550000000000003e-06,-0.10409194065244776
6.9554999999999997e-06,-0.31750953857027475
6.956e-06,-0.54531949521726686
6.9565000000000002e-06,-0.69450816843893837
6.9569999999999996e-06,-0.68420593648263128
6.9574999999999999e-06,-0.48952360716347371
6.9580000000000001e-06,-0.15932385505260938
6.9585000000000004e-06,0.20230665126679365
6.9589999999999998e-06,0.48195894688590613
6.9595e-06,0.60677316866898889
6.9600000000000003e-06,0.57287588657785271
6.9604999999999997e-06,0.43852151332387651
6.9609999999999999e-06,0.2869137357782614
6.9615000000000002e-06,0.17964673195085487
6.9619999999999996e-06,0.12620860964105773
6.9624999999999998e-06,0.085672035307853348
6.9630000000000001e-06,-0.0013041576675098532
6.9635000000000003e-06,-0.16888794873855786
6.9639999999999997e-06,-0.39613255688920496
6.9645e-06,-0.60851448476418935
6.9650000000000002e-06,-0.71149615159117285
6.9654999999999996e-06,-0.63887984586776048
6.9659999999999999e-06,-0.39014820269010775
6.9665000000000001e-06,-0.036345669709567797
6.9670000000000004e-06,0.3094738087187619
6.9674999999999998e-06,0.54247183686895317
6.968e-06,0.61125117948175045
6.9685000000000003e-06,0.5351964805842131
6.9689999999999997e-06,0.38600780736299911
6.9694999999999999e-06,0.24455478156986651
6.9700000000000002e-06,0.15704017035824844
6.9704999999999996e-06,0.11423502082874584
6.9709999999999998e-06,0.064440094346072826
6.9715000000000001e-06,-0.047970094625341492
6.9720000000000003e-06,-0.24079139838453284
6.9724999999999997e-06,-0.4732862813466796
6.973e-06,-0.6593078879472829
6.9735000000000002e-06,-0.70839602193453577
6.9739999999999996e-06,-0.57335508457090878
6.9744999999999999e-06,-0.27872839831225993
6.9750000000000001e-06,0.085672035307748945
6.9755000000000004e-06,0.40363285028560042
6.9759999999999998e-06,0.5841138677827773
6.9765e-06,0.59917720082286519
6.9770000000000003e-06,0.48931491650647058
6.9774999999999997e-06,0.33466601633375215
6.9779999999999999e-06,0.20868472118602069
6.9785000000000002e-06,0.13978083882229264
6.9789999999999996e-06,0.10152088721166748
6.9794999999999998e-06,0.035914932837816993
6.9800000000000001e-06,-0.1040919406525263
6.9805000000000003e-06,-0.317509538570376
6.9809999999999997e-06,-0.54531949521735512
6.9815e-06,-0.69450816843897267
6.9820000000000002e-06,-0.68420593648233408
6.9824999999999996e-06,-0.48952360716402121
6.9829999999999999e-06,-0.1593238550533341
6.9835000000000001e-06,0.20230665126612479
6.9840000000000004e-06,0.48195894688650065
6.9844999999999998e-06,0.60677316866900632
6.985e-06,0.57287588657781063
6.9855000000000003e-06,0.43852151332380895
6.9859999999999997e-06,0.28691373577820267
6.9864999999999999e-06,0.17964673195082154
6.9870000000000002e-06,0.12620860964104164
6.9874999999999996e-06,0.085672035307961442
6.9879999999999998e-06,-0.0013041576672609412
6.9885000000000001e-06,-0.16888794873864685
6.9890000000000003e-06,-0.39613255688987459
6.9894999999999997e-06,-0.60851448476426395
6.99e-06,-0.71149615159113022
6.9905000000000002e-06,-0.63887984586768853
6.9909999999999996e-06,-0.39014820268997052
6.9914999999999999e-06,-0.036345669709408251
6.9920000000000001e-06,0.30947380871889291
6.9925000000000004e-06,0.54247183686901956
6.9929999999999998e-06,0.61125117948174512
6.9935e-06,0.53519648058415825
6.9940000000000003e-06,0.38600780736255225
6.9944999999999997e-06,0.24455478157009963
6.9949999999999999e-06,0.15704017035836551
6.9955000000000002e-06,0.11423502082873041
6.9959999999999996e-06,0.064440094346040991
6.9964999999999998e-06,-0.047970094625408133
6.9970000000000001e-06,-0.24079139838408858
6.9975000000000003e-06,-0.47328628134677697
6.9979999999999997e-06,-0.6593078879473393
6.9985e-06,-0.70839602193451823
6.9990000000000002e-06,-0.57335508457081164
6.9994999999999996e-06,-0.2787283983129501
6.9999999999999999e-06,0.085672035307035543
7.0005000000000001e-06,0.40363285028571261
7.0010000000000004e-06,0.58411386778305119
7.0014999999999998e-06,0.59917720082298176
7.002e-06,0.48931491650676118
7.0025000000000003e-06,0.33466601633368753
7.0029999999999997e-06,0.20868472118597861
7.0034999999999999e-06,0.13978083882227313
7.0040000000000002e-06,0.10152088721164948
7.0044999999999996e-06,0.035914932838011226
7.0049999999999998e-06,-0.10409194065260483
7.0055000000000001e-06,-0.31750953857047726
7.0060000000000003e-06,-0.5453194952174435
7.0064999999999997e-06,-0.69450816843881535
7.007e-06,-0.68420593648254102
7.0075000000000002e-06,-0.48952360716323512
7.0079999999999996e-06,-0.1593238550531762
7.0084999999999999e-06,0.20230665126627054
7.0090000000000001e-06,0.48195894688608654
7.0095000000000004e-06,0.60677316866902353
7.0099999999999998e-06,0.57287588657776845
7.0105e-06,0.43852151332374134
7.0110000000000003e-06,0.28691373577814405
7.0114999999999997e-06,0.17964673195097428
7.0119999999999999e-06,0.12620860964102562
7.0125000000000002e-06,0.08567203530780626
7.0129999999999996e-06,-0.0013041576673152033
7.0134999999999999e-06,-0.1688879487382387
7.0140000000000001e-06,-0.39613255688940818
7.0145000000000003e-06,-0.60851448476433856
7.0149999999999998e-06,-0.71149615159113933
7.0155e-06,-0.63887984586761637
7.0160000000000003e-06,-0.3901482026898333
7.0164999999999997e-06,-0.036345669709248678
7.0169999999999999e-06,0.30947380871902391
7.0175000000000002e-06,0.54247183686908573
7.0180000000000004e-06,0.61125117948173968
7.0184999999999998e-06,0.53519648058440972
7.0190000000000001e-06,0.38600780736286355
7.0195000000000003e-06,0.2445547815697649
7.0199999999999997e-06,0.15704017035834006
7.0205e-06,0.11423502082871495
7.0210000000000002e-06,0.064440094346009169
7.0214999999999996e-06,-0.047970094625474774
7.0219999999999999e-06,-0.2407913983841854
7.0225000000000001e-06,-0.47328628134687434
7.0230000000000004e-06,-0.65930788794739559
7.0234999999999998e-06,-0.70839602193459872
7.024e-06,-0.57335508457071449
7.0245000000000003e-06,-0.27872839831195928
7.0249999999999997e-06,0.085672035307190961
7.0254999999999999e-06,0.40363285028519769
7.0260000000000002e-06,0.58411386778286045
7.0265000000000004e-06,0.59917720082295634
7.0269999999999998e-06,0.48931491650669789
7.0275000000000001e-06,0.33466601633362292
7.0280000000000003e-06,0.20868472118593662
7.0284999999999997e-06,0.13978083882225353
7.029e-06,0.10152088721163152
7.0295000000000002e-06,0.035914932837732311
7.0299999999999996e-06,-0.10409194065224436
7.0304999999999999e-06,-0.31750953857001241
7.0310000000000001e-06,-0.54531949521703804
7.0315000000000004e-06,-0.69450816843904117
7.0319999999999998e-06,-0.68420593648249595
7.0325e-06,-0.48952360716378263
7.0330000000000003e-06,-0.15932385505301835
7.0334999999999997e-06,0.20230665126641623
7.0339999999999999e-06,0.4819589468861768
7.0345000000000002e-06,0.60677316866904085
7.0350000000000004e-06,0.57287588657772637
7.0354999999999998e-06,0.43852151332405132
7.0360000000000001e-06,0.28691373577808543
7.0365000000000003e-06,0.17964673195075501
7.0369999999999997e-06,0.12620860964109931
7.0375e-06,0.08567203530791434
7.0380000000000002e-06,-0.0013041576673693822
7.0384999999999996e-06,-0.16888794873832769
7.0389999999999999e-06,-0.39613255688950977
7.0395000000000001e-06,-0.60851448476441294
7.0400000000000004e-06,-0.71149615159114865
7.0404999999999998e-06,-0.63887984586754443
7.041e-06,-0.39014820268969597
7.0415000000000003e-06,-0.036345669709089104
7.0419999999999997e-06,0.30947380871842251
7.0424999999999999e-06,0.54247183686878153
7.0430000000000002e-06,0.61125117948173446
7.0435000000000004e-06,0.53519648058404856
7.0439999999999998e-06,0.38600780736279572
7.0445000000000001e-06,0.24455478156999799
7.0450000000000003e-06,0.15704017035831452
7.0454999999999997e-06,0.11423502082869949
7.046e-06,0.06444009434597732
7.0465000000000002e-06,-0.04797009462554136
7.0469999999999996e-06,-0.24079139838374114
7.0474999999999999e-06,-0.4732862813469717
7.0480000000000001e-06,-0.65930788794745188
7.0485000000000004e-06,-0.70839602193448303
7.0489999999999998e-06,-0.57335508457116058
7.0495e-06,-0.27872839831264939
7.0500000000000003e-06,0.085672035307346378
7.0504999999999997e-06,0.40363285028530987
7.0509999999999999e-06,0.58411386778290197
7.0515000000000002e-06,0.59917720082293102
7.0520000000000004e-06,0.48931491650663467
7.0524999999999998e-06,0.33466601633355836
7.0530000000000001e-06,0.20868472118589457
7.0535000000000003e-06,0.13978083882223402
7.0539999999999997e-06,0.10152088721171404
7.0545e-06,0.035914932837926572
7.0550000000000002e-06,-0.10409194065276187
7.0554999999999996e-06,-0.31750953857011377
7.0559999999999999e-06,-0.5453194952171263
7.0565000000000001e-06,-0.69450816843888385
7.0570000000000004e-06,-0.68420593648245087
7.0574999999999998e-06,-0.48952360716366339
7.058e-06,-0.15932385505286045
7.0585000000000003e-06,0.20230665126656194
7.0589999999999997e-06,0.48195894688576268
7.0594999999999999e-06,0.60677316866905817
7.0600000000000002e-06,0.5728758865776844
7.0605000000000004e-06,0.43852151332360634
7.0609999999999998e-06,0.28691373577835466
7.0615000000000001e-06,0.1796467319509078
7.0620000000000003e-06,0.12620860964108327
7.0624999999999997e-06,0.08567203530789079
7.063e-06,-0.0013041576674236166
7.0635000000000002e-06,-0.16888794873841659
7.0639999999999996e-06,-0.39613255688961135
7.0644999999999999e-06,-0.60851448476448755
7.0650000000000001e-06,-0.71149615159115798
7.0655000000000004e-06,-0.63887984586747226
7.0659999999999998e-06,-0.39014820269032613
7.0665e-06,-0.036345669709821581
7.0670000000000003e-06,0.30947380871928598
7.0674999999999997e-06,0.54247183686884781
7.0679999999999999e-06,0.611251179481759
7.0685000000000002e-06,0.53519648058430014
7.0690000000000004e-06,0.38600780736272788
7.0694999999999998e-06,0.24455478156994725
7.0700000000000001e-06,0.15704017035828907
7.0705000000000003e-06,0.114235020828684
7.0709999999999997e-06,0.06444009434612348
7.0715e-06,-0.047970094625608001
7.0720000000000002e-06,-0.24079139838437888
7.0724999999999996e-06,-0.47328628134652473
7.0729999999999999e-06,-0.65930788794719342
7.0735000000000001e-06,-0.70839602193456364
7.0740000000000004e-06,-0.57335508457106343
7.0744999999999998e-06,-0.27872839831249907
7.075e-06,0.085672035307501782
7.0755000000000003e-06,0.40363285028542206
7.0759999999999997e-06,0.5841138677829435
7.0764999999999999e-06,0.5991772008229056
7.0770000000000002e-06,0.48931491650657133
7.0774999999999996e-06,0.33466601633385484
7.0779999999999998e-06,0.20868472118608744
7.0785000000000001e-06,0.13978083882232376
7.0790000000000003e-06,0.10152088721159555
7.0794999999999997e-06,0.035914932837884245
7.08e-06,-0.1040919406524014
7.0805000000000002e-06,-0.31750953857021502
7.0809999999999996e-06,-0.54531949521721468
7.0814999999999999e-06,-0.69450816843891816
7.0820000000000001e-06,-0.6842059364824058
7.0825000000000004e-06,-0.48952360716354415
7.0829999999999998e-06,-0.15932385505358518
7.0835e-06,0.20230665126670766
7.0840000000000003e-06,0.48195894688635721
7.0844999999999997e-06,0.60677316866897868
7.0849999999999999e-06,0.57287588657787747
7.0855000000000002e-06,0.43852151332391631
7.0859999999999996e-06,0.28691373577829593
7.0864999999999998e-06,0.17964673195087447
7.0870000000000001e-06,0.12620860964106723
7.0875000000000003e-06,0.085672035307867253
7.0879999999999997e-06,-0.0013041576674778232
7.0885e-06,-0.16888794873850543
7.0890000000000002e-06,-0.39613255688971299
7.0894999999999996e-06,-0.60851448476414549
7.0899999999999999e-06,-0.71149615159111534
7.0905000000000001e-06,-0.63887984586740021
7.0910000000000004e-06,-0.39014820268942141
7.0914999999999998e-06,-0.036345669709662014
7.092e-06,0.30947380871868457
7.0925000000000003e-06,0.54247183686891409
7.0929999999999997e-06,0.61125117948175367
7.0934999999999999e-06,0.53519648058424552
7.0940000000000002e-06,0.38600780736265999
7.0944999999999996e-06,0.24455478157018043
7.0949999999999998e-06,0.15704017035826351
7.0955000000000001e-06,0.11423502082866854
7.0960000000000003e-06,0.064440094345913634
7.0964999999999997e-06,-0.047970094625302218
7.097e-06,-0.24079139838393468
7.0975000000000002e-06,-0.4732862813466221
7.0979999999999996e-06,-0.6593078879472497
7.0984999999999999e-06,-0.70839602193454609
7.0990000000000001e-06,-0.57335508457096618
7.0995000000000004e-06,-0.27872839831234875
7.0999999999999998e-06,0.085672035307657185
7.1005e-06,0.40363285028553419
7.1010000000000003e-06,0.58411386778298513
7.1014999999999997e-06,0.59917720082302217
7.1019999999999999e-06,0.48931491650686187
7.1025000000000002e-06,0.33466601633342918
7.1029999999999996e-06,0.20868472118604545
7.1034999999999998e-06,0.13978083882230416
7.1040000000000001e-06,0.10152088721167808
7.1045000000000003e-06,0.035914932837841945
7.1049999999999997e-06,-0.10409194065247993
7.1055e-06,-0.31750953857031622
7.1060000000000002e-06,-0.54531949521730305
7.1064999999999996e-06,-0.69450816843876084
7.1069999999999999e-06,-0.68420593648236072
7.1075000000000001e-06,-0.4895236071634248
7.1080000000000004e-06,-0.15932385505254476
7.1084999999999998e-06,0.20230665126603881
7.109e-06,0.4819589468859431
7.1095000000000003e-06,0.606773168668996
7.1099999999999997e-06,0.57287588657783539
7.1104999999999999e-06,0.43852151332384881
7.1110000000000002e-06,0.28691373577823731
7.1114999999999996e-06,0.17964673195084122
7.1119999999999998e-06,0.12620860964105113
7.1125000000000001e-06,0.085672035307843702
7.1130000000000003e-06,-0.0013041576675320576
7.1134999999999997e-06,-0.16888794873809734
7.114e-06,-0.39613255688924659
7.1145000000000002e-06,-0.60851448476463654
7.1149999999999996e-06,-0.71149615159112456
7.1154999999999999e-06,-0.63887984586773106
7.1160000000000001e-06,-0.39014820269005157
7.1165000000000004e-06,-0.03634566970950244
7.1169999999999998e-06,0.30947380871881558
7.1175e-06,0.54247183686898037
7.1180000000000003e-06,0.61125117948174834
7.1184999999999997e-06,0.53519648058449698
7.1189999999999999e-06,0.38600780736259233
7.1195000000000002e-06,0.24455478156984567
7.1199999999999996e-06,0.15704017035838058
7.1204999999999998e-06,0.11423502082873951
7.1210000000000001e-06,0.064440094346059809
7.1215000000000003e-06,-0.047970094625741228
7.1219999999999997e-06,-0.24079139838403141
7.1225e-06,-0.47328628134671946
7.1230000000000002e-06,-0.65930788794730599
7.1234999999999996e-06,-0.70839602193452855
7.1239999999999999e-06,-0.57335508457086903
7.1245000000000001e-06,-0.27872839831219842
7.1250000000000004e-06,0.085672035307812616
7.1254999999999998e-06,0.40363285028501927
7.126e-06,0.58411386778302665
7.1265000000000003e-06,0.59917720082285475
7.1269999999999997e-06,0.48931491650679859
7.1274999999999999e-06,0.33466601633372567
7.1280000000000002e-06,0.20868472118600342
7.1284999999999996e-06,0.13978083882228465
7.1289999999999998e-06,0.10152088721166011
7.1295000000000001e-06,0.035914932837799618
7.1300000000000003e-06,-0.10409194065255847
7.1304999999999997e-06,-0.31750953857041747
7.131e-06,-0.54531949521739131
7.1315000000000002e-06,-0.69450816843898666
7.1319999999999996e-06,-0.68420593648256767
7.1324999999999999e-06,-0.48952360716397236
7.1330000000000001e-06,-0.15932385505326943
7.1335000000000004e-06,0.20230665126699904
7.1339999999999998e-06,0.4819589468860333
7.1345e-06,0.60677316866901332
7.1350000000000003e-06,0.57287588657779331
7.1354999999999997e-06,0.43852151332378125
7.1359999999999999e-06,0.2869137357781788
7.1365000000000002e-06,0.17964673195080794
7.1369999999999996e-06,0.12620860964112482
7.1374999999999998e-06,0.085672035307951783
7.1380000000000001e-06,-0.0013041576675862643
7.1385000000000003e-06,-0.16888794873868329
7.1389999999999998e-06,-0.39613255688934823
7.1395e-06,-0.60851448476429448
7.1400000000000002e-06,-0.71149615159113389
7.1404999999999997e-06,-0.638879845867659
7.1409999999999999e-06,-0.39014820268991424
7.1415000000000001e-06,-0.036345669709342887
7.1420000000000004e-06,0.30947380871894659
7.1424999999999998e-06,0.54247183686904654
7.1430000000000001e-06,0.61125117948174301
7.1435000000000003e-06,0.53519648058413583
7.1439999999999997e-06,0.38600780736290352
7.1445e-06,0.24455478157007882
7.1450000000000002e-06,0.15704017035835507
7.1454999999999996e-06,0.11423502082872408
7.1459999999999999e-06,0.064440094346027973
7.1465000000000001e-06,-0.047970094625435361
7.1470000000000004e-06,-0.24079139838412827
7.1474999999999998e-06,-0.47328628134681688
7.148e-06,-0.65930788794736239
7.1485000000000003e-06,-0.70839602193451112
7.1489999999999997e-06,-0.57335508457131512
7.1494999999999999e-06,-0.27872839831288854
7.1500000000000002e-06,0.08567203530796802
7.1505000000000004e-06,0.40363285028575857
7.1509999999999998e-06,0.58411386778283592
7.1515000000000001e-06,0.59917720082297143
7.1520000000000003e-06,0.48931491650673525
7.1524999999999997e-06,0.33466601633366111
7.153e-06,0.20868472118596143
7.1535000000000002e-06,0.13978083882226508
7.1539999999999996e-06,0.10152088721174264
7.1544999999999999e-06,0.035914932837757318
7.1550000000000001e-06,-0.10409194065263697
7.1555000000000004e-06,-0.31750953857051867
7.1559999999999998e-06,-0.54531949521698586
7.1565e-06,-0.69450816843882934
7.1570000000000003e-06,-0.68420593648227057
7.1574999999999997e-06,-0.48952360716385307
7.1579999999999999e-06,-0.15932385505311153
7.1585000000000002e-06,0.20230665126633021
7.1590000000000004e-06,0.48195894688612351
7.1594999999999998e-06,0.60677316866903053
7.1600000000000001e-06,0.57287588657775135
7.1605000000000003e-06,0.4385215133237137
7.1609999999999997e-06,0.28691373577844792
7.1615e-06,0.17964673195077469
7.1620000000000002e-06,0.12620860964101904
7.1624999999999996e-06,0.08567203530792826
7.1629999999999999e-06,-0.0013041576673374078
7.1635000000000001e-06,-0.16888794873827517
7.1640000000000004e-06,-0.39613255688944982
7.1644999999999998e-06,-0.60851448476436909
7.165e-06,-0.71149615159114332
7.1655000000000003e-06,-0.63887984586758695
7.1659999999999997e-06,-0.39014820268977701
7.1664999999999999e-06,-0.03634566970918332
7.1670000000000002e-06,0.30947380871907759
7.1675000000000004e-06,0.54247183686911282
7.1679999999999998e-06,0.61125117948176744
7.1685000000000001e-06,0.53519648058438729
7.1690000000000003e-06,0.38600780736245666
7.1694999999999997e-06,0.244554781570028
7.17e-06,0.15704017035832959
7.1705000000000002e-06,0.11423502082870859
7.1709999999999996e-06,0.064440094345996082
7.1714999999999999e-06,-0.047970094625502002
7.1720000000000001e-06,-0.24079139838422503
7.1725000000000004e-06,-0.47328628134691419
7.1729999999999998e-06,-0.65930788794710382
7.1735e-06,-0.70839602193449347
7.1740000000000003e-06,-0.57335508457067463
7.1744999999999997e-06,-0.27872839831273816
7.1749999999999999e-06,0.085672035307254632
7.1755000000000002e-06,0.40363285028524365
7.1760000000000004e-06,0.58411386778287744
7.1764999999999998e-06,0.59917720082294601
7.1770000000000001e-06,0.48931491650667203
7.1775000000000003e-06,0.33466601633359649
7.1779999999999997e-06,0.20868472118591946
7.1785e-06,0.13978083882224557
7.1790000000000002e-06,0.10152088721162414
7.1794999999999996e-06,0.035914932837951552
7.1799999999999999e-06,-0.1040919406522765
7.1805000000000001e-06,-0.31750953857005398
7.1810000000000004e-06,-0.54531949521756795
7.1814999999999998e-06,-0.69450816843886365
7.182e-06,-0.68420593648247752
7.1825000000000003e-06,-0.48952360716373378
7.1829999999999997e-06,-0.15932385505295368
7.1834999999999999e-06,0.2023066512664759
7.1840000000000002e-06,0.48195894688621377
7.1845000000000004e-06,0.60677316866904796
7.1849999999999998e-06,0.57287588657794442
7.1855000000000001e-06,0.43852151332364619
7.1860000000000003e-06,0.28691373577806145
7.1864999999999997e-06,0.17964673195092737
7.187e-06,0.12620860964109271
7.1875000000000002e-06,0.085672035307904709
7.1879999999999996e-06,-0.0013041576673916144
7.1884999999999999e-06,-0.16888794873836402
7.1890000000000001e-06,-0.39613255688955146
7.1895000000000004e-06,-0.60851448476444348
7.1899999999999998e-06,-0.71149615159115243
7.1905e-06,-0.6388798458675149
7.1910000000000003e-06,-0.39014820268963979
7.1914999999999997e-06,-0.03634566970991579
7.1919999999999999e-06,0.30947380871847618
7.1925000000000002e-06,0.5424718368691791
7.1930000000000004e-06,0.61125117948173224
7.1934999999999998e-06,0.53519648058433256
7.1940000000000001e-06,0.38600780736276791
7.1945000000000003e-06,0.24455478156997723
7.1949999999999997e-06,0.157040170358304
7.1955e-06,0.11423502082869313
7.1960000000000002e-06,0.064440094345964261
7.1964999999999996e-06,-0.047970094625196219
7.1969999999999999e-06,-0.24079139838432179
7.1975000000000001e-06,-0.47328628134701162
7.1980000000000004e-06,-0.65930788794747497
7.1984999999999998e-06,-0.70839602193457407
7.199e-06,-0.57335508457112072
7.1995000000000003e-06,-0.27872839831258783
7.1999999999999997e-06,0.085672035307410035
7.2004999999999999e-06,0.40363285028535578
7.2010000000000002e-06,0.58411386778291896
7.2015000000000004e-06,0.59917720082292059
7.2019999999999998e-06,0.48931491650660863
7.2025000000000001e-06,0.33466601633353188
7.2030000000000003e-06,0.20868472118587736
7.2034999999999997e-06,0.13978083882233527
7.204e-06,0.10152088721170668
7.2045000000000002e-06,0.035914932837672664
7.2049999999999996e-06,-0.10409194065235511
7.2054999999999999e-06,-0.31750953857015518
7.2060000000000001e-06,-0.5453194952171625
7.2065000000000004e-06,-0.69450816843889784
7.2069999999999998e-06,-0.68420593648243244
7.2075e-06,-0.48952360716361454
7.2080000000000003e-06,-0.15932385505279581
7.2084999999999997e-06,0.2023066512658071
7.2089999999999999e-06,0.48195894688630392
7.2095000000000002e-06,0.60677316866906517
7.2099999999999996e-06,0.57287588657790234
7.2104999999999998e-06,0.43852151332395617
7.2110000000000001e-06,0.28691373577833063
7.2115000000000003e-06,0.17964673195089412
7.2119999999999997e-06,0.12620860964107664
7.2125e-06,0.085672035307881159
7.2130000000000002e-06,-0.0013041576674458488
7.2134999999999996e-06,-0.16888794873845292
7.2139999999999999e-06,-0.39613255688965299
7.2145000000000001e-06,-0.60851448476451808
7.2150000000000004e-06,-0.71149615159116175
7.2154999999999998e-06,-0.63887984586784574
7.216e-06,-0.39014820269026995
7.2165000000000003e-06,-0.036345669708864173
7.2169999999999997e-06,0.30947380871860719
7.2174999999999999e-06,0.54247183686887501
7.2180000000000002e-06,0.61125117948175678
7.2184999999999996e-06,0.53519648058427782
7.2189999999999998e-06,0.38600780736270013
7.2195000000000001e-06,0.24455478156992638
7.2200000000000003e-06,0.15704017035827858
7.2204999999999997e-06,0.11423502082876411
7.221e-06,0.064440094345932425
7.2215000000000002e-06,-0.047970094625635257
7.2219999999999996e-06,-0.24079139838387759
7.2224999999999999e-06,-0.47328628134656464
7.2230000000000001e-06,-0.65930788794721651
7.2235000000000004e-06,-0.70839602193445839
7.2239999999999998e-06,-0.57335508457102358
7.2245e-06,-0.27872839831243751
7.2250000000000003e-06,0.085672035307565453
7.2254999999999997e-06,0.40363285028546803
7.2259999999999999e-06,0.58411386778296059
7.2265000000000002e-06,0.59917720082289516
7.2269999999999996e-06,0.48931491650689918
7.2274999999999998e-06,0.33466601633382842
7.2280000000000001e-06,0.20868472118583545
7.2285000000000003e-06,0.1397808388222064
7.2289999999999997e-06,0.1015208872116887
7.2295e-06,0.035914932837866925
7.2300000000000002e-06,-0.10409194065243357
7.2304999999999996e-06,-0.31750953857025643
7.2309999999999999e-06,-0.54531949521725087
7.2315000000000001e-06,-0.69450816843893215
7.2320000000000004e-06,-0.68420593648238737
7.2324999999999998e-06,-0.4895236071634953
7.233e-06,-0.15932385505263794
7.2335000000000003e-06,0.20230665126676733
7.2339999999999997e-06,0.48195894688588992
7.2344999999999999e-06,0.60677316866898579
7.2350000000000002e-06,0.57287588657786026
7.2354999999999996e-06,0.43852151332388856
7.2359999999999998e-06,0.28691373577827201
7.2365000000000001e-06,0.17964673195086084
7.2370000000000003e-06,0.12620860964106062
7.2374999999999997e-06,0.085672035307857608
7.238e-06,-0.0013041576675000277
7.2385000000000002e-06,-0.16888794873854188
7.2389999999999996e-06,-0.39613255688918658
7.2394999999999999e-06,-0.60851448476417591
7.2400000000000001e-06,-0.71149615159117108
7.2405000000000004e-06,-0.63887984586737079
7.2409999999999998e-06,-0.39014820269013262
7.2415e-06,-0.036345669709596649
7.2420000000000003e-06,0.3094738087187382
7.2424999999999997e-06,0.54247183686894129
7.2429999999999999e-06,0.61125117948175145
7.2435000000000002e-06,0.53519648058422298
7.2439999999999996e-06,0.38600780736301132
7.2444999999999998e-06,0.24455478156987562
7.2450000000000001e-06,0.15704017035825307
7.2455000000000003e-06,0.11423502082866223
7.2459999999999997e-06,0.0644400943460786
7.2465e-06,-0.047970094625329446
7.2470000000000002e-06,-0.24079139838397434
7.2474999999999996e-06,-0.47328628134666201
7.2479999999999999e-06,-0.65930788794727269
7.2485000000000001e-06,-0.70839602193453899
7.2490000000000004e-06,-0.57335508457092643
7.2494999999999998e-06,-0.27872839831228713
7.25e-06,0.085672035307720856
7.2505000000000003e-06,0.40363285028558016
7.2509999999999997e-06,0.58411386778276975
7.2514999999999999e-06,0.59917720082301174
7.2520000000000002e-06,0.48931491650648218
7.2524999999999996e-06,0.3346660163337638
7.2529999999999998e-06,0.20868472118602824
7.2535000000000001e-06,0.13978083882229614
7.2540000000000003e-06,0.10152088721167071
7.2544999999999997e-06,0.035914932837824598
7.255e-06,-0.10409194065251212
7.2555000000000002e-06,-0.31750953857035769
7.2559999999999996e-06,-0.54531949521684531
7.2564999999999999e-06,-0.69450816843896646
7.2570000000000001e-06,-0.68420593648234229
7.2575000000000004e-06,-0.48952360716337595
7.2579999999999998e-06,-0.15932385505336261
7.2585e-06,0.20230665126609848
7.2590000000000003e-06,0.48195894688598007
7.2594999999999997e-06,0.6067731686690031
7.2599999999999999e-06,0.57287588657781829
7.2605000000000002e-06,0.43852151332382111
7.2609999999999996e-06,0.28691373577821333
7.2614999999999998e-06,0.17964673195082759
7.2620000000000001e-06,0.12620860964104452
7.2625000000000003e-06,0.085672035307834057
7.2629999999999997e-06,-0.0013041576672511712
7.2635e-06,-0.16888794873813376
7.2640000000000002e-06,-0.39613255688985621
7.2644999999999996e-06,-0.60851448476425052
7.2649999999999999e-06,-0.71149615159112845
7.2655000000000001e-06,-0.63887984586770152
7.2660000000000004e-06,-0.39014820268999534
7.2664999999999998e-06,-0.036345669709437083
7.267e-06,0.3094738087188692
7.2675000000000003e-06,0.54247183686900746
7.2679999999999997e-06,0.61125117948177599
7.2685e-06,0.53519648058416824
7.2690000000000002e-06,0.38600780736256446
7.2694999999999996e-06,0.24455478157010882
7.2699999999999999e-06,0.15704017035837012
7.2705000000000001e-06,0.11423502082873319
7.2710000000000003e-06,0.064440094345868726
7.2714999999999998e-06,-0.047970094625396087
7.272e-06,-0.24079139838407107
7.2725000000000003e-06,-0.47328628134675937
7.2729999999999997e-06,-0.65930788794732897
7.2734999999999999e-06,-0.70839602193452134
7.2740000000000002e-06,-0.57335508457082929
7.2745000000000004e-06,-0.2787283983121368
7.2749999999999998e-06,0.085672035307007469
7.2755000000000001e-06,0.40363285028569235
7.2760000000000003e-06,0.58411386778304364
7.2764999999999997e-06,0.59917720082298631
7.277e-06,0.48931491650677261
7.2775000000000002e-06,0.33466601633369919
7.2779999999999996e-06,0.20868472118598622
7.2784999999999999e-06,0.13978083882227663
7.2790000000000001e-06,0.10152088721165273
7.2795000000000004e-06,0.035914932837782271
7.2799999999999998e-06,-0.10409194065259061
7.2805e-06,-0.31750953857045894
7.2810000000000003e-06,-0.54531949521742751
7.2814999999999997e-06,-0.69450816843880903
7.2819999999999999e-06,-0.68420593648254924
7.2825000000000002e-06,-0.48952360716392351
7.2830000000000004e-06,-0.15932385505232219
7.2834999999999998e-06,0.2023066512662442
7.2840000000000001e-06,0.48195894688607027
7.2845000000000003e-06,0.60677316866902031
7.2849999999999997e-06,0.57287588657777611
7.2855e-06,0.43852151332375355
7.2860000000000002e-06,0.28691373577815471
7.2864999999999996e-06,0.1796467319509803
7.2869999999999999e-06,0.12620860964111824
7.2875000000000001e-06,0.085672035307810507
7.2880000000000004e-06,-0.0013041576676084687
7.2884999999999998e-06,-0.16888794873822266
7.289e-06,-0.39613255688938975
7.2895000000000003e-06,-0.6085144847643249
7.2899999999999997e-06,-0.71149615159113766
7.2904999999999999e-06,-0.63887984586762947
7.2910000000000002e-06,-0.39014820268985806
7.2915000000000004e-06,-0.036345669709277523
7.2919999999999998e-06,0.30947380871900021
7.2925000000000001e-06,0.54247183686907374
7.2930000000000003e-06,0.61125117948174068
7.2934999999999997e-06,0.53519648058441971
7.294e-06,0.38600780736287571
7.2945000000000002e-06,0.24455478157005806
7.2949999999999996e-06,0.15704017035834464
7.2954999999999999e-06,0.11423502082871773
7.2960000000000001e-06,0.064440094346014901
7.2965000000000004e-06,-0.047970094625462673
7.2969999999999998e-06,-0.24079139838416788
7.2975e-06,-0.47328628134685674
7.2980000000000003e-06,-0.65930788794738537
7.2984999999999997e-06,-0.70839602193460194
7.2989999999999999e-06,-0.57335508457127538
7.2995000000000002e-06,-0.27872839831198648
7.3000000000000004e-06,0.085672035308031691
7.3004999999999998e-06,0.40363285028517742
7.3010000000000001e-06,0.5841138677828529
7.3015000000000003e-06,0.599177200822961
7.3019999999999997e-06,0.48931491650670933
7.3025e-06,0.33466601633363458
7.3030000000000002e-06,0.20868472118594422
7.3034999999999996e-06,0.13978083882236633
7.3039999999999999e-06,0.10152088721163477
7.3045000000000001e-06,0.035914932837739971
7.3050000000000004e-06,-0.10409194065266919
7.3054999999999998e-06,-0.3175095385699942
7.306e-06,-0.54531949521702205
7.3065000000000003e-06,-0.69450816843903496
7.3069999999999997e-06,-0.68420593648250416
7.3074999999999999e-06,-0.48952360716380422
7.3080000000000002e-06,-0.15932385505304689
7.3085000000000004e-06,0.20230665126638989
7.3089999999999998e-06,0.48195894688616048
7.3095000000000001e-06,0.60677316866903763
7.3100000000000003e-06,0.57287588657773392
7.3104999999999997e-06,0.43852151332406364
7.311e-06,0.28691373577809609
7.3115000000000002e-06,0.17964673195076106
7.3119999999999996e-06,0.1262086096411022
7.3124999999999999e-06,0.085672035307918601
7.3130000000000001e-06,-0.0013041576673596122
7.3135000000000004e-06,-0.16888794873831151
7.3139999999999998e-06,-0.39613255688949145
7.3145e-06,-0.60851448476439951
7.3150000000000003e-06,-0.71149615159114699
7.3154999999999997e-06,-0.63887984586755742
7.3159999999999999e-06,-0.39014820268972078
7.3165000000000002e-06,-0.036345669709117942
7.3170000000000004e-06,0.30947380871913133
7.3174999999999998e-06,0.54247183686876954
7.3180000000000001e-06,0.61125117948176533
7.3185000000000003e-06,0.53519648058405855
7.3189999999999997e-06,0.38600780736280793
7.3195e-06,0.24455478157000718
7.3200000000000002e-06,0.15704017035831908
7.3204999999999996e-06,0.11423502082870227
7.3209999999999999e-06,0.064440094345983065
7.3215000000000001e-06,-0.047970094625529314
7.3220000000000004e-06,-0.24079139838426464
7.3224999999999998e-06,-0.47328628134640977
7.323e-06,-0.65930788794744166
7.3235000000000003e-06,-0.70839602193448625
7.3239999999999997e-06,-0.57335508457117812
7.3244999999999999e-06,-0.27872839831267654
7.3250000000000002e-06,0.085672035307318289
7.3255000000000004e-06,0.40363285028528961
7.3259999999999998e-06,0.58411386778289454
7.3265000000000001e-06,0.59917720082293557
7.3270000000000003e-06,0.48931491650664599
7.3274999999999997e-06,0.33466601633357002
7.328e-06,0.20868472118590217
7.3285000000000002e-06,0.13978083882223752
7.3289999999999996e-06,0.10152088721171729
7.3294999999999999e-06,0.035914932837934233
7.3300000000000001e-06,-0.10409194065230873
7.3305000000000004e-06,-0.31750953857066144
7.3309999999999998e-06,-0.54531949521711043
7.3315e-06,-0.69450816843887775
7.3320000000000003e-06,-0.68420593648245909
7.3324999999999997e-06,-0.48952360716368493
7.3329999999999999e-06,-0.15932385505288901
7.3335000000000002e-06,0.20230665126653563
7.3339999999999996e-06,0.48195894688574636
7.3344999999999998e-06,0.60677316866895825
7.3350000000000001e-06,0.57287588657769184
7.3355000000000003e-06,0.43852151332361849
7.3359999999999997e-06,0.28691373577836521
7.3365e-06,0.17964673195091377
7.3370000000000002e-06,0.12620860964108613
7.3374999999999996e-06,0.085672035307895064
7.3379999999999999e-06,-0.0013041576674138189
7.3385000000000001e-06,-0.16888794873840049
7.3390000000000004e-06,-0.39613255688959303
7.3394999999999998e-06,-0.60851448476447412
7.34e-06,-0.71149615159115631
7.3405000000000003e-06,-0.63887984586748536
7.3409999999999997e-06,-0.39014820269035089
7.3414999999999999e-06,-0.036345669709850419
7.3420000000000002e-06,0.30947380871926228
7.3424999999999996e-06,0.54247183686883593
7.3429999999999998e-06,0.61125117948175989
7.3435000000000001e-06,0.53519648058431013
7.3440000000000003e-06,0.3860078073627401
7.3444999999999997e-06,0.24455478156995644
7.345e-06,0.15704017035829365
7.3455000000000002e-06,0.11423502082868682
7.3459999999999996e-06,0.06444009434612924
7.3464999999999999e-06,-0.047970094625595927
7.3470000000000001e-06,-0.24079139838436145
7.3475000000000004e-06,-0.47328628134705147
7.3479999999999998e-06,-0.65930788794718331
7.3485e-06,-0.70839602193456686
7.3490000000000003e-06,-0.57335508457108086
7.3494999999999997e-06,-0.27872839831252622
7.3499999999999999e-06,0.085672035307473693
7.3505000000000002e-06,0.40363285028540175
7.3509999999999996e-06,0.58411386778293606
7.3514999999999998e-06,0.59917720082291015
7.3520000000000001e-06,0.48931491650658276
7.3525000000000003e-06,0.33466601633350546
7.3529999999999997e-06,0.20868472118609505
7.3535e-06,0.13978083882232725
7.3540000000000002e-06,0.1015208872115988
7.3544999999999996e-06,0.035914932837891933
7.3549999999999999e-06,-0.10409194065238719
7.3555000000000001e-06,-0.3175095385701967
7.3560000000000004e-06,-0.5453194952171988
7.3564999999999998e-06,-0.69450816843891194
7.357e-06,-0.6842059364824139
7.3575000000000003e-06,-0.48952360716356569
7.3579999999999997e-06,-0.15932385505361374
7.3584999999999999e-06,0.20230665126668129
7.3590000000000002e-06,0.48195894688634089
7.3594999999999996e-06,0.60677316866897568
7.3599999999999998e-06,0.57287588657788513
7.3605000000000001e-06,0.43852151332392858
7.3610000000000003e-06,0.28691373577830659
7.3614999999999997e-06,0.17964673195088046
7.362e-06,0.12620860964107009
7.3625000000000002e-06,0.0856720353078715
7.3629999999999996e-06,-0.0013041576674680533
7.3634999999999999e-06,-0.16888794873848936
7.3640000000000001e-06,-0.39613255688969462
7.3645000000000004e-06,-0.6085144847645485
7.3649999999999998e-06,-0.71149615159111368
7.3655e-06,-0.6388798458678161
7.3660000000000003e-06,-0.39014820268944622
7.3664999999999997e-06,-0.036345669709690852
7.3669999999999999e-06,0.30947380871866093
7.3675000000000002e-06,0.5424718368689021
7.3679999999999996e-06,0.61125117948175467
7.3684999999999998e-06,0.53519648058425529
7.3690000000000001e-06,0.38600780736267232
7.3695000000000003e-06,0.24455478156990562
7.3699999999999997e-06,0.1570401703584107
7.3705e-06,0.11423502082867135
7.3710000000000002e-06,0.06444009434591938
7.3714999999999996e-06,-0.047970094625290116
7.3719999999999999e-06,-0.24079139838391719
7.3725000000000001e-06,-0.47328628134660455
7.3730000000000004e-06,-0.65930788794755424
7.3734999999999998e-06,-0.70839602193454931
7.374e-06,-0.57335508457098372
7.3745000000000003e-06,-0.27872839831237595
7.3749999999999997e-06,0.08567203530762911
7.3754999999999999e-06,0.40363285028551399
7.3760000000000002e-06,0.58411386778297758
7.3764999999999996e-06,0.59917720082302672
7.3769999999999998e-06,0.48931491650687331
7.3775000000000001e-06,0.33466601633344084
7.3780000000000003e-06,0.20868472118581824
7.3784999999999997e-06,0.13978083882230768
7.379e-06,0.10152088721168134
7.3795000000000002e-06,0.035914932837849578
7.3799999999999996e-06,-0.10409194065246577
7.3804999999999999e-06,-0.31750953857029796
7.3810000000000001e-06,-0.54531949521728706
7.3815000000000004e-06,-0.69450816843894625
7.3819999999999998e-06,-0.68420593648236883
7.3825e-06,-0.48952360716344634
7.3830000000000003e-06,-0.15932385505257327
7.3834999999999997e-06,0.20230665126601247
7.3839999999999999e-06,0.48195894688592689
7.3845000000000002e-06,0.60677316866899278
7.3849999999999996e-06,0.57287588657784294
7.3854999999999998e-06,0.43852151332386102
7.3860000000000001e-06,0.28691373577824791
7.3865000000000003e-06,0.17964673195084718
7.3869999999999997e-06,0.12620860964105401
7.3875e-06,0.085672035307847963
7.3880000000000002e-06,-0.0013041576675222322
7.3884999999999996e-06,-0.1688879487380813
7.3889999999999999e-06,-0.39613255688922822
7.3895000000000001e-06,-0.60851448476462311
7.3900000000000004e-06,-0.71149615159117485
7.3904999999999998e-06,-0.63887984586774405
7.391e-06,-0.39014820269007633
7.3915000000000003e-06,-0.036345669709531278
7.3919999999999997e-06,0.30947380871879188
7.3924999999999999e-06,0.54247183686896827
7.3930000000000002e-06,0.61125117948174923
7.3934999999999996e-06,0.53519648058450686
7.3939999999999998e-06,0.38600780736260448
7.3945000000000001e-06,0.24455478156985486
7.3950000000000003e-06,0.15704017035824264
7.3954999999999998e-06,0.1142350208287423
7.396e-06,0.064440094346065555
7.3965000000000002e-06,-0.047970094625356757
7.3969999999999997e-06,-0.24079139838401398
7.3974999999999999e-06,-0.47328628134670192
7.3980000000000002e-06,-0.65930788794729589
7.3985000000000004e-06,-0.70839602193453177
7.3989999999999998e-06,-0.57335508457088658
7.3995000000000001e-06,-0.27872839831222557
7.4000000000000003e-06,0.085672035307784541
7.4004999999999997e-06,0.40363285028499901
7.401e-06,0.58411386778278684
7.4015000000000002e-06,0.5991772008228593
7.4019999999999996e-06,0.48931491650680997
7.4024999999999999e-06,0.33466601633373738
7.4030000000000001e-06,0.20868472118601103
7.4035000000000004e-06,0.13978083882228817
7.4039999999999998e-06,0.10152088721166336
7.4045e-06,0.035914932837807279
7.4050000000000003e-06,-0.10409194065254423
7.4054999999999997e-06,-0.31750953856983316
7.4059999999999999e-06,-0.54531949521737544
7.4065000000000002e-06,-0.69450816843898044
7.4070000000000004e-06,-0.68420593648232364
7.4074999999999998e-06,-0.4895236071639939
7.4080000000000001e-06,-0.15932385505329796
7.4085000000000003e-06,0.20230665126697273
7.4089999999999997e-06,0.48195894688601704
7.4095e-06,0.60677316866901021
7.4100000000000002e-06,0.57287588657780086
7.4104999999999996e-06,0.43852151332379341
7.4109999999999999e-06,0.28691373577818929
7.4115000000000001e-06,0.17964673195081399
7.4120000000000004e-06,0.12620860964103797
7.4124999999999998e-06,0.085672035307956043
7.413e-06,-0.0013041576675764943
7.4135000000000003e-06,-0.16888794873866719
7.4139999999999997e-06,-0.39613255688932986
7.4144999999999999e-06,-0.60851448476428105
7.4150000000000002e-06,-0.71149615159113222
7.4155000000000004e-06,-0.6388798458676721
7.4159999999999998e-06,-0.39014820268993911
7.4165000000000001e-06,-0.036345669709371718
7.4170000000000003e-06,0.30947380871892294
7.4174999999999997e-06,0.54247183686903466
7.418e-06,0.6112511794817439
7.4185000000000002e-06,0.53519648058414571
7.4189999999999996e-06,0.38600780736291573
7.4194999999999999e-06,0.244554781570088
7.4200000000000001e-06,0.15704017035835971
7.4205000000000004e-06,0.11423502082864043
7.4209999999999998e-06,0.064440094346033719
7.4215e-06,-0.047970094625423343
7.4220000000000003e-06,-0.24079139838411076
7.4224999999999997e-06,-0.47328628134679929
7.4229999999999999e-06,-0.65930788794735218
7.4235000000000002e-06,-0.70839602193451423
7.4240000000000004e-06,-0.57335508457078932
7.4244999999999998e-06,-0.27872839831291568
7.4250000000000001e-06,0.085672035307939931
7.4255000000000003e-06,0.40363285028573831
7.4259999999999997e-06,0.58411386778282837
7.4265e-06,0.59917720082297599
7.4270000000000002e-06,0.48931491650674669
7.4274999999999996e-06,0.33466601633367277
7.4279999999999999e-06,0.20868472118596906
7.4285000000000001e-06,0.1397808388222686
7.4290000000000004e-06,0.10152088721164537
7.4294999999999998e-06,0.035914932837764951
7.43e-06,-0.10409194065262281
7.4305000000000003e-06,-0.31750953857050046
7.4309999999999997e-06,-0.54531949521696987
7.4314999999999999e-06,-0.69450816843882324
7.4320000000000002e-06,-0.6842059364825307
7.4325000000000004e-06,-0.48952360716320786
7.4329999999999998e-06,-0.15932385505314006
7.4335000000000001e-06,0.2023066512663039
7.4340000000000003e-06,0.48195894688610719
7.4344999999999997e-06,0.60677316866902742
7.435e-06,0.57287588657775879
7.4355000000000002e-06,0.43852151332372596
7.4359999999999996e-06,0.28691373577845847
7.4364999999999999e-06,0.1796467319509667
7.4370000000000001e-06,0.12620860964102193
7.4375000000000004e-06,0.085672035307800876
7.4379999999999998e-06,-0.0013041576673275823
7.4385e-06,-0.16888794873825907
7.4390000000000003e-06,-0.39613255688943144
7.4394999999999997e-06,-0.60851448476435555
7.4399999999999999e-06,-0.71149615159114155
7.4405000000000002e-06,-0.63887984586759994
7.4410000000000004e-06,-0.39014820268980183
7.4414999999999998e-06,-0.036345669709212138
7.4420000000000001e-06,0.30947380871905394
7.4425000000000003e-06,0.54247183686910083
7.4429999999999997e-06,0.61125117948176844
7.4435e-06,0.53519648058439728
7.4440000000000002e-06,0.38600780736246887
7.4444999999999996e-06,0.24455478157003724
7.4449999999999999e-06,0.15704017035833415
7.4455000000000001e-06,0.11423502082871141
7.4460000000000004e-06,0.064440094346001855
7.4464999999999998e-06,-0.047970094625489984
7.447e-06,-0.24079139838420752
7.4475000000000003e-06,-0.47328628134689665
7.4479999999999997e-06,-0.65930788794709372
7.4484999999999999e-06,-0.70839602193449658
7.4490000000000002e-06,-0.57335508457069218
7.4495000000000004e-06,-0.27872839831192486
7.4499999999999998e-06,0.085672035307226543
7.4505000000000001e-06,0.40363285028522339
7.4510000000000003e-06,0.58411386778286989
7.4514999999999997e-06,0.59917720082295056
7.452e-06,0.48931491650668346
7.4525000000000002e-06,0.33466601633360815
7.4529999999999996e-06,0.20868472118592707
7.4534999999999999e-06,0.13978083882224909
7.4540000000000001e-06,0.1015208872116274
7.4545000000000004e-06,0.035914932837722596
7.4549999999999998e-06,-0.10409194065226235
7.4555e-06,-0.31750953857003561
7.4560000000000003e-06,-0.54531949521755207
7.4564999999999997e-06,-0.69450816843885754
7.4569999999999999e-06,-0.68420593648248562
7.4575000000000002e-06,-0.48952360716375543
7.4580000000000004e-06,-0.15932385505298222
7.4584999999999998e-06,0.20230665126644959
7.4590000000000001e-06,0.48195894688619745
7.4595000000000003e-06,0.60677316866904485
7.4599999999999997e-06,0.57287588657795196
7.4605e-06,0.43852151332365841
7.4610000000000002e-06,0.286913735778072
7.4614999999999996e-06,0.17964673195093339
7.4619999999999999e-06,0.12620860964109562
7.4625000000000001e-06,0.085672035307908956
7.4630000000000004e-06,-0.0013041576673818445
7.4634999999999998e-06,-0.16888794873834795
7.464e-06,-0.39613255688953303
7.4645000000000003e-06,-0.60851448476443004
7.4649999999999997e-06,-0.71149615159115087
7.4654999999999999e-06,-0.63887984586752788
7.4660000000000002e-06,-0.39014820268966455
7.4664999999999996e-06,-0.036345669709944628
7.4669999999999998e-06,0.30947380871845254
7.4675000000000001e-06,0.54247183686879674
7.4680000000000003e-06,0.61125117948173324
7.4684999999999997e-06,0.53519648058434244
7.469e-06,0.38600780736278018
7.4695000000000002e-06,0.24455478156998645
7.4699999999999996e-06,0.15704017035830869
7.4704999999999999e-06,0.11423502082869594
7.4710000000000001e-06,0.06444009434597002
7.4715000000000004e-06,-0.047970094625556653
7.4719999999999998e-06,-0.24079139838376326
7.4725e-06,-0.47328628134699402
7.4730000000000003e-06,-0.65930788794746475
7.4734999999999997e-06,-0.70839602193457718
7.4739999999999999e-06,-0.57335508457113837
7.4745000000000002e-06,-0.27872839831261498
7.4749999999999996e-06,0.085672035307381961
7.4754999999999998e-06,0.40363285028533558
7.4760000000000001e-06,0.58411386778291152
7.4765000000000003e-06,0.59917720082292525
7.4769999999999997e-06,0.48931491650662012
7.4775e-06,0.33466601633354354
7.4780000000000002e-06,0.20868472118588502
7.4784999999999996e-06,0.13978083882233883
7.4789999999999999e-06,0.10152088721170993
7.4795000000000001e-06,0.035914932837916885
7.4800000000000004e-06,-0.10409194065277988
7.4804999999999998e-06,-0.31750953857013686
7.481e-06,-0.54531949521714662
7.4815000000000003e-06,-0.69450816843889163
7.4819999999999997e-06,-0.68420593648244055
7.4824999999999999e-06,-0.48952360716363608
7.4830000000000002e-06,-0.15932385505282434
7.4834999999999996e-06,0.20230665126578079
7.4839999999999998e-06,0.48195894688578333
7.4845000000000001e-06,0.60677316866906206
7.4850000000000003e-06,0.57287588657767474
7.4854999999999997e-06,0.43852151332396838
7.486e-06,0.28691373577834123
7.4865000000000002e-06,0.17964673195090011
7.4869999999999996e-06,0.12620860964107958
7.4874999999999999e-06,0.085672035307885405
7.4880000000000001e-06,-0.0013041576674360233
7.4885000000000004e-06,-0.16888794873843688
7.4889999999999998e-06,-0.39613255688963467
7.4895e-06,-0.60851448476450454
7.4900000000000003e-06,-0.71149615159116009
7.4904999999999997e-06,-0.63887984586785873
7.4909999999999999e-06,-0.39014820269029471
7.4915000000000002e-06,-0.036345669708893011
7.4919999999999996e-06,0.30947380871858354
7.4924999999999998e-06,0.54247183686886302
7.4930000000000001e-06,0.61125117948175767
7.4935000000000003e-06,0.5351964805842877
7.4939999999999997e-06,0.38600780736271234
7.4945e-06,0.24455478156993563
7.4950000000000002e-06,0.15704017035828316
7.4954999999999996e-06,0.1142350208287669
7.4959999999999999e-06,0.06444009434593817
7.4965000000000001e-06,-0.047970094625623239
7.4970000000000004e-06,-0.24079139838440108
7.4974999999999998e-06,-0.47328628134654704
7.498e-06,-0.65930788794720629
7.4985000000000003e-06,-0.70839602193455964
7.4989999999999997e-06,-0.57335508457104112
7.4994999999999999e-06,-0.27872839831246465
7.5000000000000002e-06,0.085672035307537378
7.5004999999999996e-06,0.40363285028544771
7.5009999999999998e-06,0.58411386778295304
7.5015000000000001e-06,0.59917720082289971
7.5020000000000003e-06,0.48931491650655684
7.5024999999999997e-06,0.33466601633384008
7.503e-06,0.20868472118607784
7.5035000000000002e-06,0.13978083882221001
7.5039999999999996e-06,0.10152088721169195
7.5044999999999999e-06,0.035914932837874558
7.5050000000000001e-06,-0.10409194065241942
7.5055000000000004e-06,-0.31750953857023823
7.5059999999999998e-06,-0.54531949521723488
7.5065e-06,-0.69450816843892604
7.5070000000000003e-06,-0.68420593648239536
7.5074999999999997e-06,-0.48952360716418364
7.5079999999999999e-06,-0.15932385505266647
7.5085000000000002e-06,0.20230665126674102
7.5089999999999996e-06,0.4819589468858736
7.5094999999999998e-06,0.60677316866898268
7.5100000000000001e-06,0.57287588657786781
7.5105000000000003e-06,0.43852151332390088
7.5109999999999997e-06,0.28691373577828261
7.5115e-06,0.17964673195086686
7.5120000000000002e-06,0.12620860964106351
7.5124999999999996e-06,0.085672035307861868
7.5129999999999999e-06,-0.0013041576674902577
7.5135000000000001e-06,-0.16888794873852583
7.5140000000000004e-06,-0.39613255688973625
7.5144999999999998e-06,-0.60851448476416248
7.515e-06,-0.71149615159111734
7.5155000000000003e-06,-0.63887984586738378
7.5159999999999997e-06,-0.39014820269015738
7.5164999999999999e-06,-0.036345669709625487
7.5170000000000002e-06,0.30947380871871455
7.5174999999999996e-06,0.5424718368689293
7.5179999999999998e-06,0.61125117948175234
7.5185000000000001e-06,0.53519648058423286
7.5190000000000003e-06,0.38600780736264451
7.5194999999999997e-06,0.24455478157016877
7.52e-06,0.15704017035825768
7.5205000000000002e-06,0.11423502082866502
7.5209999999999997e-06,0.064440094346084345
7.5214999999999999e-06,-0.047970094625317428
7.5220000000000001e-06,-0.24079139838395683
7.5225000000000004e-06,-0.47328628134718875
7.5229999999999998e-06,-0.65930788794726258
7.5235e-06,-0.7083960219345421
7.5240000000000003e-06,-0.57335508457094397
7.5244999999999997e-06,-0.27872839831231433
7.525e-06,0.085672035307692768
7.5255000000000002e-06,0.40363285028555995
7.5259999999999996e-06,0.58411386778276231
7.5264999999999999e-06,0.5991772008230164
7.5270000000000001e-06,0.4893149165064935
7.5275000000000004e-06,0.33466601633341431
7.5279999999999998e-06,0.20868472118603579
7.5285e-06,0.13978083882229972
7.5290000000000003e-06,0.10152088721167396
7.5294999999999997e-06,0.035914932837832259
7.5299999999999999e-06,-0.10409194065249788
7.5305000000000002e-06,-0.31750953857033942
7.5310000000000004e-06,-0.54531949521732326
7.5314999999999998e-06,-0.69450816843896024
7.5320000000000001e-06,-0.6842059364823504
7.5325000000000003e-06,-0.4895236071633976
7.5329999999999997e-06,-0.15932385505339114
7.5335e-06,0.20230665126607217
7.5340000000000002e-06,0.48195894688596375
7.5344999999999996e-06,0.606773168669
7.5349999999999999e-06,0.57287588657782573
7.5355000000000001e-06,0.43852151332383332
7.5360000000000004e-06,0.28691373577822399
7.5364999999999998e-06,0.17964673195083364
7.537e-06,0.12620860964104746
7.5375000000000003e-06,0.085672035307838318
7.5379999999999997e-06,-0.0013041576672414013
7.5384999999999999e-06,-0.16888794873811766
7.5390000000000002e-06,-0.39613255688983789
7.5395000000000004e-06,-0.60851448476465364
7.5399999999999998e-06,-0.71149615159112678
7.5405000000000001e-06,-0.63887984586771451
7.5410000000000003e-06,-0.3901482026900201
7.5414999999999997e-06,-0.036345669709465921
7.542e-06,0.30947380871884556
7.5425000000000002e-06,0.54247183686899558
7.5429999999999996e-06,0.61125117948177699
7.5434999999999999e-06,0.53519648058417801
7.5440000000000001e-06,0.38600780736257673
7.5445000000000004e-06,0.24455478156983407
7.5449999999999998e-06,0.15704017035837478
7.5455e-06,0.114235020828736
7.5460000000000003e-06,0.064440094346052509
7.5464999999999997e-06,-0.047970094625384013
7.5469999999999999e-06,-0.24079139838405358
7.5475000000000002e-06,-0.47328628134674178
7.5480000000000004e-06,-0.65930788794731887
7.5484999999999998e-06,-0.70839602193452456
7.5490000000000001e-06,-0.57335508457084672
7.5495000000000003e-06,-0.27872839831216395
7.5499999999999997e-06,0.08567203530697938
7.5505e-06,0.40363285028504498
7.5510000000000002e-06,0.58411386778303609
7.5514999999999996e-06,0.59917720082299097
7.5519999999999999e-06,0.48931491650678405
7.5525000000000001e-06,0.3346660163337109
7.5530000000000004e-06,0.20868472118599382
7.5534999999999998e-06,0.13978083882228015
7.554e-06,0.10152088721165597
7.5545000000000003e-06,0.035914932837789931
7.5549999999999997e-06,-0.10409194065213745
7.5554999999999999e-06,-0.31750953857044067
7.5560000000000002e-06,-0.54531949521741152
7.5565000000000004e-06,-0.69450816843899466
7.5569999999999998e-06,-0.68420593648255734
7.5575000000000001e-06,-0.48952360716394505
7.5580000000000003e-06,-0.15932385505235072
7.5584999999999997e-06,0.20230665126621789
7.559e-06,0.48195894688605401
7.5595000000000002e-06,0.6067731686690172
7.5599999999999996e-06,0.57287588657778377
7.5604999999999999e-06,0.43852151332376582
7.5610000000000001e-06,0.28691373577816526
7.5615000000000004e-06,0.17964673195080033
7.5619999999999998e-06,0.12620860964112113
7.5625e-06,0.085672035307814767
7.5630000000000003e-06,-0.0013041576675986988
7.5634999999999997e-06,-0.16888794873820656
7.5639999999999999e-06,-0.39613255688937149
7.5645000000000002e-06,-0.60851448476431158
7.5650000000000004e-06,-0.71149615159113611
7.5654999999999998e-06,-0.63887984586764246
7.5660000000000001e-06,-0.39014820268988287
7.5665000000000003e-06,-0.036345669709306361
7.5669999999999997e-06,0.30947380871897656
7.5675e-06,0.54247183686906175
7.5680000000000002e-06,0.61125117948174168
7.5684999999999996e-06,0.53519648058442959
7.5689999999999999e-06,0.38600780736288798
7.5695000000000001e-06,0.24455478157006716
7.5700000000000004e-06,0.15704017035820672
7.5704999999999998e-06,0.11423502082872053
7.571e-06,0.064440094346020646
7.5715000000000003e-06,-0.047970094625450682
7.5719999999999997e-06,-0.24079139838415037
7.5724999999999999e-06,-0.47328628134683914
7.5730000000000002e-06,-0.65930788794737516
7.5735000000000004e-06,-0.70839602193450701
7.5739999999999998e-06,-0.57335508457129292
7.5745000000000001e-06,-0.27872839831201363
7.5750000000000003e-06,0.085672035308003602
7.5754999999999997e-06,0.40363285028515716
7.576e-06,0.58411386778284546
7.5765000000000002e-06,0.59917720082296555
7.5769999999999996e-06,0.48931491650672082
7.5774999999999999e-06,0.33466601633364629
7.5780000000000001e-06,0.20868472118595183
7.5785000000000004e-06,0.13978083882226064
7.5789999999999998e-06,0.10152088721163802
7.5795e-06,0.035914932837747604
7.5800000000000003e-06,-0.10409194065265492
7.5804999999999997e-06,-0.31750953856997588
7.5809999999999999e-06,-0.54531949521700607
7.5815000000000002e-06,-0.69450816843883723
7.5820000000000004e-06,-0.68420593648226014
7.5824999999999998e-06,-0.48952360716382576
7.5830000000000001e-06,-0.15932385505307542
7.5835000000000003e-06,0.20230665126636357
7.5839999999999997e-06,0.48195894688614421
7.5845e-06,0.60677316866903463
7.5850000000000002e-06,0.57287588657774158
7.5854999999999996e-06,0.43852151332407585
7.5859999999999999e-06,0.28691373577843449
7.5865000000000001e-06,0.17964673195076705
7.5870000000000004e-06,0.12620860964101538
7.5874999999999998e-06,0.085672035307922847
7.588e-06,-0.0013041576673498145
7.5885000000000003e-06,-0.16888794873829552
7.5889999999999997e-06,-0.39613255688947302
7.5894999999999999e-06,-0.60851448476438608
7.5900000000000002e-06,-0.71149615159114532
7.5904999999999996e-06,-0.63887984586797331
7.5909999999999998e-06,-0.39014820268974559
7.5915000000000001e-06,-0.036345669709146773
7.5920000000000003e-06,0.30947380871910762
7.5924999999999997e-06,0.54247183686875766
7.593e-06,0.61125117948176622
7.5935000000000002e-06,0.53519648058406843
7.5939999999999996e-06,0.38600780736282014
7.5944999999999999e-06,0.24455478157001634
7.5950000000000001e-06,0.15704017035832377
7.5955000000000004e-06,0.11423502082870506
7.5959999999999998e-06,0.06444009434598881
7.5965e-06,-0.047970094625517323
7.5970000000000003e-06,-0.24079139838424712
7.5974999999999997e-06,-0.47328628134639206
7.5979999999999999e-06,-0.65930788794743156
7.5985000000000002e-06,-0.70839602193448947
7.5989999999999996e-06,-0.57335508457119566
7.5994999999999998e-06,-0.27872839831270374
7.6000000000000001e-06,0.085672035307290201
7.6005000000000003e-06,0.4036328502852693
7.6009999999999997e-06,0.58411386778288699
7.6015e-06,0.59917720082294013
7.6020000000000002e-06,0.48931491650665748
7.6024999999999996e-06,0.33466601633358173
7.6029999999999999e-06,0.20868472118590981
7.6035000000000001e-06,0.13978083882224107
7.6040000000000004e-06,0.10152088721162003
7.6044999999999998e-06,0.035914932837941865
7.605e-06,-0.10409194065229452
7.6055000000000003e-06,-0.31750953857064312
7.6059999999999997e-06,-0.54531949521709444
7.6064999999999999e-06,-0.69450816843887142
7.6070000000000002e-06,-0.68420593648246719
7.6074999999999996e-06,-0.48952360716370652
7.6079999999999998e-06,-0.15932385505291755
7.6085000000000001e-06,0.20230665126650926
7.6090000000000003e-06,0.48195894688623442
7.6094999999999997e-06,0.60677316866895525
7.61e-06,0.5728758865776995
7.6105000000000002e-06,0.43852151332363065
7.6109999999999996e-06,0.28691373577837587
7.6114999999999999e-06,0.17964673195091976
7.6120000000000001e-06,0.12620860964108901
7.6125000000000004e-06,0.085672035307899311
7.6129999999999998e-06,-0.0013041576674040212
7.6135e-06,-0.16888794873838445
7.6140000000000003e-06,-0.39613255688957466
7.6144999999999997e-06,-0.60851448476446068
7.6149999999999999e-06,-0.71149615159115465
7.6155000000000002e-06,-0.63887984586749835
7.6159999999999996e-06,-0.39014820269037576
7.6164999999999998e-06,-0.036345669709879271
7.6170000000000001e-06,0.30947380871850616
7.6175000000000003e-06,0.54247183686919431
7.6179999999999997e-06,0.611251179481761
7.6185e-06,0.53519648058432001
7.6190000000000002e-06,0.38600780736275231
7.6194999999999996e-06,0.2445547815699656
7.6199999999999999e-06,0.1570401703582982
7.6205000000000001e-06,0.11423502082868961
7.6210000000000004e-06,0.064440094345956961
7.6214999999999998e-06,-0.047970094625211512
7.622e-06,-0.24079139838434394
7.6225000000000003e-06,-0.47328628134703388
7.6229999999999997e-06,-0.6593078879471731
7.6234999999999999e-06,-0.70839602193456996
7.6240000000000002e-06,-0.57335508457109852
7.6244999999999996e-06,-0.27872839831255342
7.6249999999999998e-06,0.085672035307445604
7.6255000000000001e-06,0.40363285028538154
7.6260000000000003e-06,0.58411386778292851
7.6264999999999997e-06,0.5991772008229147
7.627e-06,0.4893149165065942
7.6275000000000002e-06,0.33466601633351711
7.6279999999999996e-06,0.20868472118610268
7.6284999999999999e-06,0.13978083882233078
7.6290000000000001e-06,0.10152088721160205
7.6295000000000004e-06,0.035914932837662977
7.6299999999999998e-06,-0.10409194065237304
7.6304999999999992e-06,-0.31750953856961239
7.6310000000000003e-06,-0.5453194952171827
7.6314999999999997e-06,-0.69450816843890584
7.6320000000000008e-06,-0.68420593648216999
7.6325000000000002e-06,-0.48952360716358723
7.6329999999999996e-06,-0.15932385505364222
7.6335000000000007e-06,0.20230665126665498
7.6340000000000001e-06,0.48195894688632457
7.6344999999999995e-06,0.60677316866897246
7.6350000000000006e-06,0.57287588657765753
7.6355e-06,0.43852151332394068
7.6359999999999994e-06,0.28691373577831719
7.6365000000000005e-06,0.17964673195070055
7.6369999999999999e-06,0.12620860964107297
7.6374999999999993e-06,0.085672035308007391
7.6380000000000004e-06,-0.0013041576674582278
7.6384999999999998e-06,-0.16888794873847332
7.6389999999999992e-06,-0.3961325568891082
7.6395000000000003e-06,-0.60851448476453507
7.6399999999999997e-06,-0.71149615159111201
7.6405000000000008e-06,-0.6388798458674263
7.6410000000000002e-06,-0.39014820268947104
7.6414999999999996e-06,-0.036345669709719683
7.6420000000000007e-06,0.30947380871936958
7.6425000000000001e-06,0.54247183686889011
7.6429999999999995e-06,0.61125117948175556
7.6435000000000006e-06,0.53519648058426528
7.644e-06,0.38600780736268453
7.6444999999999994e-06,0.24455478157019872
7.6450000000000005e-06,0.15704017035827275
7.6454999999999999e-06,0.11423502082867414
7.6459999999999993e-06,0.064440094346103149
7.6465000000000004e-06,-0.04797009462565055
7.6469999999999998e-06,-0.24079139838389974
7.6474999999999992e-06,-0.4732862813465869
7.6480000000000003e-06,-0.65930788794722928
7.6484999999999997e-06,-0.70839602193455242
7.6490000000000008e-06,-0.57335508457045803
7.6495000000000002e-06,-0.27872839831240309
7.6499999999999996e-06,0.085672035307601035
7.6505000000000007e-06,0.40363285028549367
7.6510000000000001e-06,0.58411386778297003
7.6514999999999995e-06,0.59917720082303139
7.6520000000000006e-06,0.48931491650653097
7.6525e-06,0.33466601633381365
7.6529999999999994e-06,0.20868472118606063
7.6535000000000005e-06,0.13978083882220196
7.6539999999999999e-06,0.10152088721168459
7.6544999999999993e-06,0.035914932837857211
7.6550000000000004e-06,-0.10409194065245159
7.6554999999999998e-06,-0.31750953857027964
7.6559999999999992e-06,-0.54531949521677725
7.6565000000000003e-06,-0.69450816843894003
7.6569999999999997e-06,-0.68420593648262906
7.6575000000000008e-06,-0.48952360716346799
7.6580000000000002e-06,-0.1593238550526018
7.6584999999999996e-06,0.20230665126598618
7.6590000000000007e-06,0.48195894688641483
7.6595000000000001e-06,0.60677316866898978
7.6599999999999995e-06,0.57287588657785071
7.6605000000000006e-06,0.43852151332349565
7.661e-06,0.28691373577825857
7.6614999999999994e-06,0.17964673195103922
7.6620000000000005e-06,0.1262086096410569
7.6624999999999999e-06,0.085672035307852223
7.6629999999999993e-06,-0.0013041576672093991
7.6635000000000004e-06,-0.16888794873856225
7.6639999999999998e-06,-0.39613255688920984
7.6644999999999992e-06,-0.60851448476419301
7.6650000000000003e-06,-0.7114961515911733
7.6654999999999997e-06,-0.63887984586775715
7.6660000000000008e-06,-0.39014820268933376
7.6665000000000002e-06,-0.036345669709560109
7.6669999999999996e-06,0.30947380871876817
7.6675000000000007e-06,0.54247183686932676
7.6680000000000001e-06,0.61125117948175023
7.6684999999999995e-06,0.53519648058451685
7.6690000000000006e-06,0.38600780736261675
7.6695e-06,0.24455478156986402
7.6699999999999994e-06,0.1570401703583898
7.6705000000000005e-06,0.11423502082865869
7.6709999999999999e-06,0.0644400943460713
7.6714999999999993e-06,-0.047970094625344739
7.6720000000000004e-06,-0.24079139838453753
7.6724999999999998e-06,-0.47328628134668427
7.6729999999999992e-06,-0.65930788794697093
7.6735000000000003e-06,-0.70839602193453488
7.6739999999999997e-06,-0.57335508457090412
7.6745000000000008e-06,-0.27872839831225271
7.6750000000000002e-06,0.085672035307756439
7.6754999999999996e-06,0.40363285028497875
7.6760000000000007e-06,0.58411386778301155
7.6765000000000001e-06,0.59917720082286396
7.6769999999999995e-06,0.48931491650682141
7.6775000000000006e-06,0.33466601633338788
7.678e-06,0.20868472118601858
7.6784999999999994e-06,0.1397808388222917
7.6790000000000005e-06,0.10152088721166661
7.6794999999999999e-06,0.035914932837814911
7.6799999999999993e-06,-0.1040919406520911
7.6805000000000004e-06,-0.31750953857038083
7.6809999999999998e-06,-0.54531949521735934
7.6814999999999992e-06,-0.69450816843878271
7.6820000000000003e-06,-0.68420593648233186
7.6824999999999997e-06,-0.4895236071640155
7.6830000000000008e-06,-0.1593238550524439
7.6835000000000002e-06,0.20230665126613187
7.6839999999999996e-06,0.48195894688600072
7.6845000000000007e-06,0.6067731686691038
7.6850000000000001e-06,0.57287588657780852
7.6854999999999995e-06,0.43852151332380562
7.6860000000000006e-06,0.2869137357781999
7.6865e-06,0.17964673195081995
7.6869999999999994e-06,0.12620860964113062
7.6875000000000005e-06,0.085672035307828673
7.6879999999999999e-06,-0.001304157667263578
7.6884999999999993e-06,-0.1688879487381541
7.6890000000000004e-06,-0.39613255688987947
7.6894999999999998e-06,-0.6085144847642675
7.6899999999999992e-06,-0.71149615159113044
7.6905000000000003e-06,-0.63887984586768509
7.6909999999999997e-06,-0.39014820268996392
7.6915000000000008e-06,-0.036345669708508506
7.6920000000000002e-06,0.30947380871889923
7.6924999999999996e-06,0.54247183686865219
7.6930000000000007e-06,0.61125117948174479
7.6935000000000001e-06,0.53519648058415559
7.6939999999999995e-06,0.38600780736292795
7.6945000000000006e-06,0.24455478156981317
7.695e-06,0.15704017035836426
7.6954999999999994e-06,0.11423502082872965
7.6960000000000005e-06,0.064440094345861426
7.6964999999999999e-06,-0.047970094625411325
7.6969999999999993e-06,-0.24079139838355229
7.6975000000000004e-06,-0.47328628134678169
7.6979999999999998e-06,-0.65930788794734196
7.6984999999999992e-06,-0.70839602193461548
7.6990000000000003e-06,-0.57335508457080686
7.6994999999999997e-06,-0.27872839831294283
7.7000000000000008e-06,0.085672035307911856
7.7005000000000002e-06,0.40363285028571805
7.7009999999999996e-06,0.58411386778282093
7.7015000000000007e-06,0.59917720082283854
7.7020000000000001e-06,0.48931491650675818
7.7024999999999995e-06,0.33466601633368442
7.7030000000000006e-06,0.20868472118574175
7.7035e-06,0.13978083882227219
7.7039999999999994e-06,0.10152088721174914
7.7045000000000005e-06,0.035914932837772584
7.7049999999999999e-06,-0.10409194065260866
7.7054999999999993e-06,-0.31750953856991615
7.7060000000000004e-06,-0.54531949521744782
7.7064999999999998e-06,-0.69450816843881702
7.7069999999999992e-06,-0.6842059364825388
7.7075000000000003e-06,-0.4895236071632294
7.7079999999999997e-06,-0.15932385505316862
7.7085000000000008e-06,0.20230665126709207
7.7090000000000002e-06,0.48195894688609087
7.7094999999999996e-06,0.60677316866902431
7.7100000000000007e-06,0.57287588657776645
7.7105000000000001e-06,0.43852151332373812
7.7109999999999995e-06,0.28691373577846913
7.7115000000000006e-06,0.1796467319507867
7.712e-06,0.12620860964102487
7.7124999999999994e-06,0.085672035307936767
7.7130000000000005e-06,-0.0013041576676208755
7.7134999999999999e-06,-0.16888794873824303
7.7139999999999993e-06,-0.39613255688941307
7.7145000000000004e-06,-0.60851448476434211
7.7149999999999998e-06,-0.71149615159113977
7.7154999999999992e-06,-0.63887984586801583
7.7160000000000003e-06,-0.39014820268982664
7.7164999999999997e-06,-0.036345669709240976
7.7170000000000008e-06,0.3094738087190303
7.7175000000000002e-06,0.54247183686908884
7.7179999999999996e-06,0.61125117948176944
7.7185000000000007e-06,0.53519648058410085
7.7190000000000001e-06,0.38600780736286017
7.7194999999999995e-06,0.2445547815700464
7.7200000000000006e-06,0.1570401703581962
7.7205e-06,0.1142350208287142
7.7209999999999994e-06,0.064440094346007601
7.7215000000000005e-06,-0.04797009462547791
7.7219999999999999e-06,-0.24079139838419
7.7224999999999993e-06,-0.47328628134633471
7.7230000000000004e-06,-0.65930788794739825
7.7234999999999998e-06,-0.70839602193459794
7.7239999999999992e-06,-0.57335508457125306
7.7245000000000003e-06,-0.27872839831195206
7.7249999999999997e-06,0.085672035307198455
7.7255000000000008e-06,0.40363285028583018
7.7260000000000002e-06,0.58411386778286245
7.7264999999999996e-06,0.59917720082295511
7.7270000000000007e-06,0.48931491650634101
7.7275000000000001e-06,0.33466601633361981
7.7279999999999995e-06,0.20868472118616946
7.7285000000000006e-06,0.13978083882225259
7.729e-06,0.10152088721163065
7.7294999999999994e-06,0.035914932837966873
7.7300000000000005e-06,-0.10409194065268712
7.7304999999999999e-06,-0.31750953857001735
7.7309999999999993e-06,-0.54531949521704226
7.7315000000000004e-06,-0.69450816843904284
7.7319999999999998e-06,-0.68420593648249384
7.7324999999999992e-06,-0.48952360716444365
7.7330000000000003e-06,-0.15932385505301072
7.7334999999999997e-06,0.20230665126642328
7.7340000000000008e-06,0.48195894688668539
7.7345000000000002e-06,0.60677316866904163
7.7349999999999996e-06,0.57287588657795963
7.7355000000000007e-06,0.43852151332367056
7.7360000000000001e-06,0.28691373577808255
7.7364999999999995e-06,0.17964673195093936
7.7370000000000006e-06,0.12620860964100877
7.7375e-06,0.085672035307913216
7.7379999999999994e-06,-0.001304157667372019
7.7385000000000005e-06,-0.16888794873882895
7.7389999999999999e-06,-0.39613255688951465
7.7394999999999993e-06,-0.60851448476399994
7.7400000000000004e-06,-0.7114961515911491
7.7404999999999998e-06,-0.63887984586754087
7.7409999999999992e-06,-0.39014820269045675
7.7415000000000003e-06,-0.036345669709081416
7.7419999999999997e-06,0.30947380871842883
7.7425000000000008e-06,0.54247183686915512
7.7430000000000002e-06,0.61125117948173413
7.7434999999999996e-06,0.53519648058435243
7.7440000000000007e-06,0.3860078073624133
7.7445000000000001e-06,0.24455478156999555
7.7449999999999995e-06,0.15704017035831327
7.7455000000000006e-06,0.11423502082869873
7.746e-06,0.064440094345975793
7.7464999999999994e-06,-0.047970094625172127
7.7470000000000005e-06,-0.24079139838428681
7.7474999999999999e-06,-0.47328628134697642
7.7479999999999993e-06,-0.6593078879471399
7.7485000000000004e-06,-0.70839602193448226
7.7489999999999998e-06,-0.57335508457115592
7.7494999999999992e-06,-0.27872839831264218
7.7500000000000003e-06,0.085672035307353872
7.7504999999999997e-06,0.40363285028531526
7.7510000000000008e-06,0.58411386778313623
7.7515000000000002e-06,0.59917720082292969
7.7519999999999996e-06,0.48931491650663156
7.7525000000000007e-06,0.33466601633355519
7.7530000000000001e-06,0.20868472118589257
7.7534999999999995e-06,0.13978083882234232
7.7540000000000006e-06,0.10152088721161265
7.7545e-06,0.035914932837924546
7.7549999999999994e-06,-0.10409194065232669
7.7555000000000005e-06,-0.31750953857068465
7.7559999999999999e-06,-0.54531949521713063
7.7564999999999993e-06,-0.69450816843888552
7.7570000000000004e-06,-0.68420593648244865
7.7574999999999998e-06,-0.48952360716365761
7.7579999999999992e-06,-0.15932385505373545
7.7585000000000003e-06,0.20230665126656897
7.7589999999999997e-06,0.48195894688576707
7.7595000000000008e-06,0.60677316866905895
7.7600000000000002e-06,0.5728758865776824
7.7604999999999996e-06,0.43852151332398071
7.7610000000000007e-06,0.28691373577802393
7.7615000000000001e-06,0.17964673195090616
7.7619999999999995e-06,0.12620860964108246
7.7625000000000006e-06,0.085672035307758035
7.763e-06,-0.0013041576674262534
7.7634999999999994e-06,-0.16888794873792384
7.7640000000000005e-06,-0.39613255688961624
7.7644999999999999e-06,-0.6085144847644911
7.7649999999999993e-06,-0.71149615159110646
7.7655000000000004e-06,-0.63887984586746882
7.7659999999999998e-06,-0.39014820269031952
7.7664999999999992e-06,-0.036345669709813878
7.7670000000000003e-06,0.30947380871929231
7.7674999999999997e-06,0.54247183686885103
7.7680000000000008e-06,0.6112511794817288
7.7685000000000002e-06,0.53519648058429758
7.7689999999999996e-06,0.38600780736272466
7.7695000000000007e-06,0.24455478156966085
7.7700000000000001e-06,0.15704017035828782
7.7704999999999995e-06,0.11423502082876971
7.7710000000000006e-06,0.064440094345943943
7.7715e-06,-0.047970094625611193
7.7719999999999994e-06,-0.24079139838384256
7.7725000000000005e-06,-0.47328628134707379
7.7729999999999999e-06,-0.65930788794719608
7.7734999999999994e-06,-0.70839602193456286
7.7740000000000004e-06,-0.57335508457051532
7.7744999999999998e-06,-0.27872839831249185
7.7749999999999993e-06,0.085672035306640484
7.7755000000000003e-06,0.4036328502854275
7.7759999999999997e-06,0.5841138677829455
7.7765000000000008e-06,0.59917720082290438
7.7770000000000002e-06,0.48931491650656822
7.7774999999999997e-06,0.33466601633385173
7.7780000000000007e-06,0.2086847211858506
7.7785000000000001e-06,0.13978083882221351
7.7789999999999996e-06,0.10152088721169521
7.7795000000000006e-06,0.035914932837645658
7.7800000000000001e-06,-0.10409194065240518
7.7804999999999995e-06,-0.31750953857021985
7.7810000000000005e-06,-0.5453194952172189
7.7815e-06,-0.69450816843891983
7.7819999999999994e-06,-0.6842059364826556
7.7825000000000004e-06,-0.48952360716353838
7.7829999999999999e-06,-0.15932385505269497
7.7834999999999993e-06,0.20230665126590014
7.7840000000000004e-06,0.48195894688636154
7.7844999999999998e-06,0.60677316866897946
7.7849999999999992e-06,0.57287588657787547
7.7855000000000003e-06,0.43852151332391309
7.7859999999999997e-06,0.28691373577829316
7.7865000000000008e-06,0.17964673195068692
7.7870000000000002e-06,0.12620860964106639
7.7874999999999996e-06,0.085672035307866115
7.7880000000000007e-06,-0.00130415766748046
7.7885000000000001e-06,-0.16888794873850979
7.7889999999999995e-06,-0.39613255688914989
7.7895000000000006e-06,-0.6085144847645656
7.79e-06,-0.71149615159111568
7.7904999999999994e-06,-0.63887984586779967
7.7910000000000005e-06,-0.39014820268941486
7.7914999999999999e-06,-0.036345669709654319
7.7919999999999993e-06,0.3094738087186909
7.7925000000000004e-06,0.54247183686891731
7.7929999999999998e-06,0.61125117948175345
7.7934999999999992e-06,0.53519648058454916
7.7940000000000003e-06,0.38600780736265672
7.7944999999999997e-06,0.24455478157017799
7.7950000000000008e-06,0.15704017035826226
7.7955000000000002e-06,0.11423502082866781
7.7959999999999996e-06,0.064440094346090132
7.7965000000000007e-06,-0.047970094625677778
7.7970000000000001e-06,-0.24079139838393931
7.7974999999999995e-06,-0.47328628134662681
7.7980000000000006e-06,-0.65930788794756723
7.7985e-06,-0.70839602193454521
7.7989999999999994e-06,-0.57335508457150486
7.7995000000000005e-06,-0.27872839831234147
7.7999999999999999e-06,0.085672035307664693
7.8004999999999993e-06,0.40363285028491253
7.8010000000000004e-06,0.58411386778298713
7.8014999999999998e-06,0.59917720082302095
7.8019999999999992e-06,0.48931491650685877
7.8025000000000003e-06,0.33466601633342608
7.8029999999999997e-06,0.20868472118604339
7.8035000000000008e-06,0.13978083882219394
7.8040000000000002e-06,0.10152088721167721
7.8044999999999996e-06,0.035914932837839891
7.8050000000000007e-06,-0.10409194065292277
7.8055000000000001e-06,-0.3175095385703211
7.8059999999999995e-06,-0.54531949521681344
7.8065000000000006e-06,-0.69450816843895413
7.807e-06,-0.6842059364823585
7.8074999999999994e-06,-0.48952360716408594
7.8080000000000005e-06,-0.15932385505253713
7.8084999999999999e-06,0.20230665126604586
7.8089999999999993e-06,0.48195894688594748
7.8095000000000004e-06,0.60677316866909359
7.8099999999999998e-06,0.57287588657783339
7.8104999999999992e-06,0.43852151332422307
7.8110000000000003e-06,0.28691373577823454
7.8114999999999997e-06,0.17964673195083963
7.8120000000000008e-06,0.12620860964105035
7.8125000000000002e-06,0.085672035307842564
7.8129999999999996e-06,-0.0013041576672315758
7.8135000000000007e-06,-0.16888794873859864
7.8140000000000001e-06,-0.39613255688981952
7.8144999999999995e-06,-0.60851448476422354
7.8150000000000006e-06,-0.71149615159117707
7.8155e-06,-0.63887984586772761
7.8159999999999994e-06,-0.39014820269004497
7.8165000000000005e-06,-0.036345669709494752
7.8169999999999999e-06,0.30947380871882191
7.8174999999999993e-06,0.54247183686861311
7.8180000000000004e-06,0.61125117948174812
7.8184999999999998e-06,0.53519648058418801
7.8189999999999992e-06,0.38600780736296808
7.8195000000000003e-06,0.24455478156984323
7.8199999999999997e-06,0.15704017035837933
7.8205000000000008e-06,0.11423502082865233
7.8210000000000002e-06,0.064440094346058255
7.8214999999999996e-06,-0.047970094625371995
7.8220000000000007e-06,-0.24079139838457711
7.8225000000000001e-06,-0.47328628134672418
7.8229999999999995e-06,-0.65930788794730877
7.8235000000000006e-06,-0.70839602193452766
7.824e-06,-0.57335508457086426
7.8244999999999994e-06,-0.27872839831303159
7.8250000000000005e-06,0.08567203530782011
7.8254999999999999e-06,0.40363285028502471
7.8259999999999993e-06,0.58411386778279639
7.8265000000000004e-06,0.59917720082285353
7.8269999999999998e-06,0.48931491650679548
7.8274999999999992e-06,0.33466601633372256
7.8280000000000003e-06,0.20868472118600143
7.8284999999999997e-06,0.13978083882228365
7.8290000000000008e-06,0.10152088721155871
7.8295000000000002e-06,0.035914932837797592
7.8299999999999996e-06,-0.10409194065212327
7.8305000000000007e-06,-0.3175095385704223
7.8310000000000001e-06,-0.54531949521739553
7.8314999999999995e-06,-0.6945081684387967
7.8320000000000006e-06,-0.68420593648231343
7.8325e-06,-0.48952360716396659
7.8329999999999994e-06,-0.1593238550532618
7.8335000000000005e-06,0.20230665126700609
7.8339999999999999e-06,0.48195894688603769
7.8344999999999993e-06,0.6067731686689174
7.8350000000000004e-06,0.57287588657779132
7.8354999999999998e-06,0.43852151332377792
7.8359999999999992e-06,0.28691373577850365
7.8365000000000003e-06,0.17964673195080638
7.8369999999999997e-06,0.12620860964112407
7.8375000000000008e-06,0.085672035307819014
7.8380000000000002e-06,-0.0013041576675888733
7.8384999999999996e-06,-0.16888794873819049
7.8390000000000007e-06,-0.39613255688992111
7.8395000000000001e-06,-0.60851448476429804
7.8399999999999995e-06,-0.71149615159113444
7.8405000000000006e-06,-0.63887984586765545
7.841e-06,-0.39014820268990769
7.8414999999999994e-06,-0.036345669710227228
7.8420000000000005e-06,0.30947380871895291
7.8424999999999999e-06,0.54247183686904976
7.8429999999999993e-06,0.61125117948177254
7.8435000000000004e-06,0.53519648058413316
7.8439999999999998e-06,0.3860078073629003
7.8444999999999992e-06,0.24455478157007635
7.8450000000000003e-06,0.15704017035835385
7.8454999999999997e-06,0.11423502082872332
7.8460000000000008e-06,0.064440094345848409
7.8465000000000002e-06,-0.047970094625438636
7.8469999999999996e-06,-0.24079139838413294
7.8475000000000007e-06,-0.47328628134682155
7.8480000000000001e-06,-0.65930788794736495
7.8484999999999995e-06,-0.70839602193460827
7.8490000000000006e-06,-0.57335508457076712
7.8495e-06,-0.27872839831288121
7.8499999999999994e-06,0.085672035307106709
7.8505000000000005e-06,0.40363285028576401
7.8509999999999999e-06,0.58411386778283791
7.8514999999999993e-06,0.59917720082297021
7.8520000000000004e-06,0.48931491650673214
7.8524999999999998e-06,0.334666016333658
7.8529999999999992e-06,0.20868472118619424
7.8535000000000003e-06,0.13978083882226414
7.8539999999999997e-06,0.10152088721164126
7.8545000000000008e-06,0.035914932837755265
7.8550000000000002e-06,-0.10409194065264077
7.8554999999999996e-06,-0.31750953856995762
7.8560000000000007e-06,-0.54531949521748391
7.8565000000000001e-06,-0.69450816843883101
7.8569999999999995e-06,-0.68420593648252037
7.8575000000000006e-06,-0.48952360716318055
7.858e-06,-0.15932385505310395
7.8584999999999994e-06,0.20230665126633723
7.8590000000000005e-06,0.48195894688612789
7.8594999999999999e-06,0.60677316866903153
7.8599999999999993e-06,0.57287588657798438
7.8605000000000004e-06,0.43852151332371048
7.8609999999999998e-06,0.28691373577844503
7.8614999999999992e-06,0.17964673195095904
7.8620000000000003e-06,0.12620860964101827
7.8624999999999997e-06,0.085672035307927122
7.8630000000000008e-06,-0.0013041576676431077
7.8635000000000002e-06,-0.16888794873827942
7.8639999999999996e-06,-0.3961325568894547
7.8645000000000007e-06,-0.6085144847647892
7.8650000000000001e-06,-0.71149615159114377
7.8654999999999995e-06,-0.6388798458679863
7.8660000000000006e-06,-0.39014820268977041
7.8665e-06,-0.036345669709175611
7.8669999999999994e-06,0.30947380871835151
7.8675000000000005e-06,0.54247183686911604
7.8679999999999999e-06,0.61125117948176722
7.8684999999999993e-06,0.53519648058438474
7.8690000000000004e-06,0.38600780736245333
7.8694999999999998e-06,0.24455478157002561
7.8699999999999992e-06,0.1570401703584709
7.8705000000000003e-06,0.11423502082870787
7.8709999999999997e-06,0.064440094345994584
7.8715000000000008e-06,-0.047970094625505277
7.8720000000000002e-06,-0.24079139838422961
7.8724999999999996e-06,-0.47328628134637457
7.8730000000000007e-06,-0.65930788794742123
7.8735000000000001e-06,-0.70839602193449258
7.8739999999999995e-06,-0.57335508457121331
7.8745000000000006e-06,-0.27872839831189045
7.875e-06,0.085672035307262112
7.8754999999999994e-06,0.40363285028524909
7.8760000000000005e-06,0.58411386778287944
7.8764999999999999e-06,0.59917720082294479
7.8769999999999993e-06,0.48931491650702269
7.8775000000000004e-06,0.33466601633359339
7.8779999999999998e-06,0.20868472118591741
7.8784999999999992e-06,0.13978083882235387
7.8790000000000003e-06,0.10152088721162326
7.8794999999999997e-06,0.035914932837949526
7.8800000000000008e-06,-0.10409194065271934
7.8805000000000002e-06,-0.31750953857005881
7.8809999999999996e-06,-0.54531949521707845
7.8815000000000007e-06,-0.69450816843905694
7.8820000000000001e-06,-0.6842059364824753
7.8824999999999995e-06,-0.489523607163728
7.8830000000000006e-06,-0.15932385505294605
7.8835e-06,0.20230665126648295
7.8839999999999994e-06,0.48195894688571383
7.8845000000000005e-06,0.60677316866904873
7.8849999999999999e-06,0.57287588657794231
7.8854999999999993e-06,0.43852151332402045
7.8860000000000004e-06,0.28691373577805862
7.8864999999999998e-06,0.17964673195092581
7.8869999999999992e-06,0.12620860964109193
7.8875000000000003e-06,0.085672035307903557
7.8879999999999997e-06,-0.0013041576673942235
7.8885000000000008e-06,-0.16888794873886537
7.8890000000000002e-06,-0.39613255688955634
7.8894999999999996e-06,-0.60851448476403058
7.8900000000000007e-06,-0.71149615159115298
7.8905000000000001e-06,-0.63887984586751134
7.8909999999999995e-06,-0.39014820269040057
7.8915000000000006e-06,-0.036345669709016058
7.892e-06,0.30947380871848251
7.8924999999999994e-06,0.54247183686881195
7.8930000000000005e-06,0.61125117948173191
7.8934999999999999e-06,0.53519648058432989
7.8939999999999993e-06,0.38600780736314366
7.8945000000000004e-06,0.24455478156997479
7.8949999999999998e-06,0.15704017035830284
7.8954999999999992e-06,0.11423502082877883
7.8960000000000003e-06,0.064440094345962734
7.8964999999999997e-06,-0.047970094625199411
7.8970000000000008e-06,-0.24079139838432648
7.8975000000000002e-06,-0.47328628134701628
7.8979999999999996e-06,-0.65930788794716289
7.8985000000000007e-06,-0.70839602193447515
7.8990000000000001e-06,-0.57335508457111606
7.8994999999999995e-06,-0.27872839831258056
7.9000000000000006e-06,0.085672035308286348
7.9005e-06,0.40363285028536122
7.9009999999999994e-06,0.5841138677826887
7.9015000000000005e-06,0.59917720082291936
7.9019999999999999e-06,0.48931491650660563
7.9024999999999993e-06,0.33466601633388993
7.9030000000000004e-06,0.20868472118587542
7.9034999999999998e-06,0.13978083882233436
7.9039999999999992e-06,0.10152088721170582
7.9045000000000003e-06,0.03591493283767061
7.9049999999999997e-06,-0.10409194065235883
7.9055000000000008e-06,-0.31750953857072606
7.9060000000000002e-06,-0.54531949521716683
7.9064999999999996e-06,-0.69450816843889962
7.9070000000000007e-06,-0.68420593648243022
7.9075000000000001e-06,-0.48952360716360876
7.9079999999999995e-06,-0.15932385505367078
7.9085000000000006e-06,0.20230665126662864
7.909e-06,0.48195894688630825
7.9094999999999994e-06,0.60677316866896935
7.9100000000000005e-06,0.57287588657766497
7.9104999999999999e-06,0.43852151332395295
7.9109999999999993e-06,0.28691373577832779
7.9115000000000004e-06,0.17964673195089251
7.9119999999999998e-06,0.12620860964107589
7.9124999999999992e-06,0.085672035308011651
7.9130000000000003e-06,-0.0013041576674484578
7.9134999999999997e-06,-0.16888794873845722
7.9140000000000008e-06,-0.39613255688965793
7.9145000000000002e-06,-0.60851448476452163
7.9149999999999996e-06,-0.71149615159111024
7.9155000000000007e-06,-0.63887984586743929
7.9160000000000001e-06,-0.39014820269026329
7.9164999999999995e-06,-0.036345669709748521
7.9170000000000006e-06,0.30947380871934599
7.9175e-06,0.54247183686887823
7.9179999999999994e-06,0.61125117948175656
7.9185000000000005e-06,0.53519648058427516
7.9189999999999999e-06,0.3860078073626968
7.9194999999999993e-06,0.24455478157020796
7.9200000000000004e-06,0.15704017035827733
7.9204999999999998e-06,0.11423502082876338
7.9209999999999992e-06,0.064440094346108923
7.9215000000000003e-06,-0.047970094625638449
7.9219999999999997e-06,-0.24079139838388222
7.9225000000000008e-06,-0.47328628134711365
7.9230000000000002e-06,-0.65930788794721917
7.9234999999999996e-06,-0.70839602193455564
7.9240000000000007e-06,-0.57335508457047557
7.9245000000000001e-06,-0.27872839831243024
7.9249999999999995e-06,0.085672035306704128
7.9255000000000006e-06,0.40363285028547341
7.926e-06,0.58411386778296248
7.9264999999999994e-06,0.59917720082303594
7.9270000000000005e-06,0.4893149165065423
7.9274999999999999e-06,0.33466601633382531
7.9279999999999993e-06,0.20868472118606818
7.9285000000000004e-06,0.13978083882220549
7.9289999999999998e-06,0.10152088721168782
7.9294999999999992e-06,0.035914932838101488
7.9300000000000003e-06,-0.10409194065243735
7.9304999999999997e-06,-0.31750953857026132
7.9310000000000008e-06,-0.54531949521774892
7.9315000000000002e-06,-0.69450816843893382
7.9319999999999996e-06,-0.68420593648263717
7.9325000000000007e-06,-0.48952360716348953
7.9330000000000001e-06,-0.1593238550526303
7.9334999999999995e-06,0.20230665126595981
7.9340000000000006e-06,0.48195894688639851
7.9345e-06,0.60677316866898667
7.9349999999999994e-06,0.57287588657785826
7.9355000000000005e-06,0.43852151332350781
7.9359999999999999e-06,0.28691373577826917
7.9364999999999993e-06,0.17964673195104522
7.9370000000000004e-06,0.12620860964105984
7.9374999999999998e-06,0.08567203530785647
7.9379999999999992e-06,-0.0013041576671995736
7.9385000000000003e-06,-0.16888794873854615
7.9389999999999997e-06,-0.39613255688919158
7.9395000000000008e-06,-0.60851448476459624
7.9400000000000002e-06,-0.71149615159117152
7.9404999999999996e-06,-0.63887984586777014
7.9410000000000007e-06,-0.39014820268935857
7.9415000000000001e-06,-0.036345669709588961
7.9419999999999995e-06,0.30947380871874453
7.9425000000000006e-06,0.5424718368689444
7.943e-06,0.61125117948175123
7.9434999999999994e-06,0.53519648058452662
7.9440000000000005e-06,0.38600780736262907
7.9444999999999999e-06,0.24455478156987315
7.9449999999999993e-06,0.15704017035839438
7.9455000000000004e-06,0.11423502082866148
7.9459999999999998e-06,0.064440094346077045
7.9464999999999992e-06,-0.047970094625332665
7.9470000000000003e-06,-0.24079139838397898
7.9474999999999997e-06,-0.47328628134666673
7.9480000000000008e-06,-0.65930788794759021
7.9485000000000002e-06,-0.7083960219345381
7.9489999999999996e-06,-0.57335508457092166
7.9495000000000007e-06,-0.27872839831227986
7.9500000000000001e-06,0.08567203530772835
7.9504999999999995e-06,0.40363285028495849
7.9510000000000006e-06,0.58411386778300411
7.9515e-06,0.59917720082301051
7.9519999999999994e-06,0.48931491650683284
7.9525000000000005e-06,0.33466601633339954
7.9529999999999999e-06,0.20868472118602618
7.9534999999999993e-06,0.13978083882229519
7.9540000000000004e-06,0.10152088721166985
7.9544999999999998e-06,0.035914932837822572
7.9549999999999992e-06,-0.10409194065207689
7.9555000000000003e-06,-0.31750953857036257
7.9559999999999997e-06,-0.54531949521684964
7.9565000000000008e-06,-0.69450816843896812
7.9570000000000002e-06,-0.68420593648234007
7.9574999999999996e-06,-0.48952360716403703
7.9580000000000007e-06,-0.15932385505247246
7.9585000000000001e-06,0.20230665126610553
7.9589999999999995e-06,0.48195894688598445
7.9595000000000006e-06,0.60677316866910069
7.96e-06,0.57287588657781618
7.9604999999999994e-06,0.43852151332419537
7.9610000000000005e-06,0.28691373577821055
7.9614999999999999e-06,0.17964673195082598
7.9619999999999993e-06,0.12620860964113351
7.9625000000000004e-06,0.085672035307832933
7.9629999999999998e-06,-0.0013041576672537802
7.9634999999999992e-06,-0.16888794873813806
7.9640000000000003e-06,-0.3961325568898611
7.9644999999999997e-06,-0.60851448476425407
7.9650000000000008e-06,-0.71149615159118085
7.9655000000000002e-06,-0.63887984586769808
7.9659999999999996e-06,-0.39014820268998873
7.9665000000000007e-06,-0.036345669708537344
7.9670000000000001e-06,0.30947380871887553
7.9674999999999995e-06,0.54247183686864031
7.9680000000000006e-06,0.61125117948174579
7.9685e-06,0.53519648058416558
7.9689999999999994e-06,0.38600780736294027
7.9695000000000005e-06,0.24455478156982241
7.9699999999999999e-06,0.1570401703583689
7.9704999999999993e-06,0.11423502082873246
7.9710000000000004e-06,0.064440094345867199
7.9714999999999998e-06,-0.047970094625399307
7.9719999999999992e-06,-0.24079139838353475
7.9725000000000003e-06,-0.47328628134676409
7.9729999999999997e-06,-0.65930788794733175
7.9735000000000008e-06,-0.70839602193452056
7.9740000000000002e-06,-0.57335508457082451
7.9744999999999996e-06,-0.27872839831297003
7.9750000000000007e-06,0.085672035307883768
7.9755000000000001e-06,0.40363285028569773
7.9759999999999995e-06,0.58411386778281338
7.9765000000000006e-06,0.59917720082284309
7.977e-06,0.48931491650676961
7.9774999999999994e-06,0.33466601633369608
7.9780000000000005e-06,0.20868472118598419
7.9784999999999999e-06,0.13978083882227571
7.9789999999999993e-06,0.10152088721175237
7.9795000000000004e-06,0.035914932837780272
7.9799999999999998e-06,-0.10409194065259442
7.9804999999999992e-06,-0.31750953856989783
7.9810000000000003e-06,-0.54531949521743173
7.9814999999999997e-06,-0.6945081684388108
7.9820000000000008e-06,-0.684205936482295
7.9825000000000002e-06,-0.4895236071639178
7.9829999999999996e-06,-0.15932385505319713
7.9835000000000007e-06,0.20230665126706576
7.9840000000000001e-06,0.48195894688607466
7.9844999999999995e-06,0.6067731686690212
7.9850000000000006e-06,0.572875886577774
7.9855e-06,0.43852151332375033
7.9859999999999994e-06,0.28691373577847973
7.9865000000000005e-06,0.17964673195079273
7.9869999999999999e-06,0.12620860964111746
7.9874999999999993e-06,0.085672035307941014
7.9880000000000004e-06,-0.0013041576676111055
7.9884999999999998e-06,-0.16888794873822699
7.9889999999999992e-06,-0.39613255688939464
7.9895000000000003e-06,-0.60851448476432857
7.9899999999999997e-06,-0.7114961515911381
7.9905000000000008e-06,-0.63887984586722313
7.9910000000000002e-06,-0.39014820268985151
7.9914999999999996e-06,-0.036345669710161857
7.9920000000000007e-06,0.30947380871900654
7.9925000000000001e-06,0.54247183686907685
7.9929999999999995e-06,0.61125117948177043
7.9935000000000006e-06,0.53519648058411073
7.994e-06,0.38600780736287238
7.9944999999999994e-06,0.24455478157005558
7.9950000000000005e-06,0.15704017035820084
7.9954999999999999e-06,0.11423502082871699
7.9959999999999993e-06,0.064440094346191384
7.9965000000000004e-06,-0.047970094625465892
7.9969999999999998e-06,-0.24079139838417252
7.9974999999999992e-06,-0.47328628134631712
7.9980000000000003e-06,-0.65930788794738815
7.9984999999999997e-06,-0.70839602193460105
7.9990000000000008e-06,-0.57335508457072737
7.9995000000000002e-06,-0.27872839831197915
7.9999999999999996e-06,0.08567203530717038
8.0005000000000007e-06,0.40363285028580992
8.0010000000000001e-06,0.5841138677828549
8.0014999999999995e-06,0.59917720082295978
8.0020000000000006e-06,0.48931491650635245
8.0025e-06,0.33466601633363147
8.0029999999999994e-06,0.20868472118617701
8.0035000000000005e-06,0.13978083882225614
8.0039999999999999e-06,0.10152088721163388
8.0044999999999993e-06,0.035914932837974506
8.0050000000000004e-06,-0.10409194065267299
8.0054999999999998e-06,-0.31750953856999908
8.0059999999999992e-06,-0.54531949521702627
8.0065000000000003e-06,-0.69450816843903662
8.0069999999999997e-06,-0.68420593648250194
8.0075000000000008e-06,-0.48952360716313159
8.0080000000000002e-06,-0.15932385505303928
8.0084999999999996e-06,0.20230665126639694
8.0090000000000007e-06,0.48195894688616481
8.0095000000000001e-06,0.60677316866903852
8.0099999999999995e-06,0.57287588657796717
8.0105000000000006e-06,0.43852151332368278
8.011e-06,0.2869137357780932
8.0114999999999994e-06,0.17964673195094544
8.0120000000000005e-06,0.12620860964101166
8.0124999999999999e-06,0.085672035307917463
8.0129999999999993e-06,-0.0013041576673622213
8.0135000000000004e-06,-0.16888794873831586
8.0139999999999998e-06,-0.39613255688949633
8.0144999999999992e-06,-0.6085144847639864
8.0150000000000003e-06,-0.71149615159114743
8.0154999999999997e-06,-0.63887984586755397
8.0160000000000008e-06,-0.39014820268971417
8.0165000000000002e-06,-0.036345669709110254
8.0169999999999996e-06,0.30947380871840513
8.0175000000000007e-06,0.54247183686914324
8.0180000000000001e-06,0.61125117948176499
8.0184999999999995e-06,0.5351964805843622
8.0190000000000006e-06,0.38600780736242557
8.0195e-06,0.24455478157000474
8.0199999999999994e-06,0.15704017035831788
8.0205000000000005e-06,0.11423502082870152
8.0209999999999999e-06,0.064440094345981538
8.0214999999999993e-06,-0.047970094625160081
8.0220000000000004e-06,-0.2407913983842693
8.0224999999999998e-06,-0.47328628134641448
8.0229999999999992e-06,-0.65930788794712969
8.0235000000000003e-06,-0.70839602193448548
8.0239999999999997e-06,-0.57335508457117346
8.0245000000000008e-06,-0.27872839831182883
8.0250000000000002e-06,0.085672035307325797
8.0254999999999996e-06,0.40363285028529505
8.0260000000000007e-06,0.58411386778312868
8.0265000000000001e-06,0.59917720082293435
8.0269999999999995e-06,0.48931491650699682
8.0275000000000006e-06,0.33466601633356691
8.028e-06,0.2086847211859002
8.0284999999999994e-06,0.13978083882234585
8.0290000000000005e-06,0.10152088721161591
8.0294999999999999e-06,0.035914932837932179
8.0299999999999994e-06,-0.10409194065231248
8.0305000000000004e-06,-0.31750953857066633
8.0309999999999998e-06,-0.54531949521711465
8.0314999999999993e-06,-0.69450816843868779
8.0320000000000003e-06,-0.68420593648245687
8.0324999999999998e-06,-0.48952360716367915
8.0330000000000008e-06,-0.15932385505199881
8.0335000000000002e-06,0.20230665126654263
8.0339999999999997e-06,0.48195894688575069
8.0345000000000007e-06,0.60677316866905584
8.0350000000000001e-06,0.57287588657768995
8.0354999999999996e-06,0.43852151332399275
8.0360000000000006e-06,0.28691373577803458
8.0365000000000001e-06,0.17964673195091216
8.0369999999999995e-06,0.12620860964108535
8.0375000000000005e-06,0.085672035307762281
8.038e-06,-0.0013041576674164557
8.0384999999999994e-06,-0.16888794873790772
8.0390000000000005e-06,-0.39613255688959792
8.0394999999999999e-06,-0.60851448476447767
8.0399999999999993e-06,-0.7114961515911048
8.0405000000000004e-06,-0.63887984586748181
8.0409999999999998e-06,-0.39014820269034428
8.0414999999999992e-06,-0.036345669709842716
8.0420000000000003e-06,0.30947380871926861
8.0424999999999997e-06,0.54247183686883904
8.0430000000000008e-06,0.6112511794817298
8.0435000000000002e-06,0.53519648058430758
8.0439999999999996e-06,0.38600780736273677
8.0445000000000007e-06,0.24455478156995397
8.0450000000000001e-06,0.1570401703582924
8.0454999999999995e-06,0.1142350208287725
8.0460000000000006e-06,0.064440094345949647
8.0465e-06,-0.047970094625599174
8.0469999999999994e-06,-0.24079139838382507
8.0475000000000005e-06,-0.47328628134705619
8.0479999999999999e-06,-0.65930788794718587
8.0484999999999993e-06,-0.70839602193456597
8.0490000000000004e-06,-0.5733550845710762
8.0494999999999998e-06,-0.278728398312519
8.0499999999999992e-06,0.085672035306612382
8.0505000000000003e-06,0.40363285028540719
8.0509999999999997e-06,0.58411386778293806
8.0515000000000008e-06,0.59917720082290893
8.0520000000000002e-06,0.48931491650657977
8.0524999999999996e-06,0.33466601633386339
8.0530000000000007e-06,0.20868472118585815
8.0535000000000001e-06,0.13978083882232634
8.0539999999999995e-06,0.10152088721169844
8.0545000000000006e-06,0.035914932837653291
8.055e-06,-0.104091940652391
8.0554999999999994e-06,-0.31750953857020159
8.0560000000000005e-06,-0.54531949521720302
8.0564999999999999e-06,-0.69450816843891361
8.0569999999999993e-06,-0.68420593648266381
8.0575000000000004e-06,-0.48952360716355992
8.0579999999999998e-06,-0.15932385505360611
8.0584999999999992e-06,0.20230665126587383
8.0590000000000003e-06,0.48195894688634522
8.0594999999999997e-06,0.60677316866897646
8.0600000000000008e-06,0.57287588657764787
8.0605000000000002e-06,0.4385215133239253
8.0609999999999996e-06,0.28691373577830381
8.0615000000000007e-06,0.17964673195069292
8.0620000000000001e-06,0.12620860964106934
8.0624999999999995e-06,0.085672035308002006
8.0630000000000006e-06,-0.0013041576674706623
8.0635e-06,-0.16888794873849364
8.0639999999999994e-06,-0.39613255688913152
8.0645000000000005e-06,-0.60851448476455217
8.0649999999999999e-06,-0.71149615159111412
8.0654999999999993e-06,-0.63887984586781266
8.0660000000000004e-06,-0.39014820268943962
8.0664999999999998e-06,-0.036345669709683164
8.0669999999999992e-06,0.30947380871793473
8.0675000000000003e-06,0.54247183686890532
8.0679999999999997e-06,0.61125117948175434
8.0685000000000008e-06,0.53519648058394642
8.0690000000000002e-06,0.3860078073626691
8.0694999999999996e-06,0.24455478157018715
8.0700000000000007e-06,0.15704017035826692
8.0705000000000001e-06,0.1142350208286706
8.0709999999999995e-06,0.06444009434609585
8.0715000000000006e-06,-0.047970094625665788
8.072e-06,-0.24079139838392186
8.0724999999999994e-06,-0.47328628134660922
8.0730000000000005e-06,-0.65930788794755701
8.0734999999999999e-06,-0.70839602193454843
8.0739999999999993e-06,-0.5733550845715224
8.0745000000000004e-06,-0.27872839831236862
8.0749999999999998e-06,0.085672035307636604
8.0754999999999992e-06,0.40363285028489226
8.0760000000000003e-06,0.58411386778297958
8.0764999999999997e-06,0.59917720082302561
8.0770000000000008e-06,0.48931491650651643
8.0775000000000002e-06,0.33466601633343773
8.0779999999999996e-06,0.20868472118605103
8.0785000000000007e-06,0.13978083882219752
8.0790000000000001e-06,0.10152088721168046
8.0794999999999995e-06,0.035914932837847552
8.0800000000000006e-06,-0.10409194065246957
8.0805e-06,-0.31750953857030284
8.0809999999999994e-06,-0.54531949521679757
8.0815000000000005e-06,-0.69450816843894791
8.0819999999999999e-06,-0.68420593648236661
8.0824999999999993e-06,-0.48952360716410748
8.0830000000000004e-06,-0.15932385505256563
8.0834999999999998e-06,0.20230665126601949
8.0839999999999992e-06,0.48195894688593122
8.0845000000000003e-06,0.60677316866899367
8.0849999999999997e-06,0.57287588657784094
8.0855000000000008e-06,0.43852151332348022
8.0860000000000002e-06,0.28691373577824508
8.0864999999999996e-06,0.17964673195084563
8.0870000000000007e-06,0.12620860964105327
8.0875000000000001e-06,0.085672035307846825
8.0879999999999995e-06,-0.0013041576672217781
8.0885000000000006e-06,-0.16888794873858259
8.089e-06,-0.3961325568892331
8.0894999999999994e-06,-0.60851448476421
8.0900000000000005e-06,-0.7114961515911753
8.0904999999999999e-06,-0.6388798458677406
8.0909999999999993e-06,-0.39014820269006978
8.0915000000000004e-06,-0.03634566970952359
8.0919999999999998e-06,0.3094738087187982
8.0924999999999992e-06,0.54247183686860123
8.0930000000000003e-06,0.61125117948174901
8.0934999999999997e-06,0.5351964805845042
8.0940000000000008e-06,0.38600780736260126
8.0945000000000002e-06,0.24455478156985241
8.0949999999999996e-06,0.15704017035838397
8.0955000000000007e-06,0.11423502082865515
8.0960000000000001e-06,0.064440094346064014
8.0964999999999995e-06,-0.047970094625359977
8.0970000000000006e-06,-0.24079139838455962
8.0975e-06,-0.47328628134670658
8.0979999999999994e-06,-0.65930788794698381
8.0985000000000005e-06,-0.70839602193453088
8.0989999999999999e-06,-0.57335508457088191
8.0994999999999993e-06,-0.27872839831305879
8.1000000000000004e-06,0.085672035307792022
8.1004999999999998e-06,0.4036328502850044
8.1009999999999992e-06,0.58411386778278884
8.1015000000000003e-06,0.59917720082285808
8.1019999999999997e-06,0.48931491650680697
8.1025000000000008e-06,0.33466601633337301
8.1030000000000002e-06,0.20868472118600903
8.1034999999999996e-06,0.13978083882228726
8.1040000000000007e-06,0.10152088721156197
8.1045000000000001e-06,0.035914932837805225
8.1049999999999995e-06,-0.10409194065210906
8.1055000000000006e-06,-0.31750953857040404
8.106e-06,-0.54531949521737966
8.1064999999999994e-06,-0.69450816843879049
8.1070000000000005e-06,-0.68420593648232153
8.1074999999999999e-06,-0.48952360716398813
8.1079999999999993e-06,-0.15932385505329036
8.1085000000000004e-06,0.20230665126697972
8.1089999999999998e-06,0.48195894688602137
8.1094999999999992e-06,0.60677316866891429
8.1100000000000003e-06,0.57287588657779887
8.1104999999999997e-06,0.43852151332379019
8.1110000000000008e-06,0.28691373577818646
8.1115000000000002e-06,0.17964673195081229
8.1119999999999996e-06,0.12620860964112696
8.1125000000000007e-06,0.085672035307823274
8.1130000000000001e-06,-0.0013041576675790756
8.1134999999999995e-06,-0.16888794873817445
8.1140000000000006e-06,-0.39613255688990273
8.1145e-06,-0.6085144847642846
8.1149999999999994e-06,-0.71149615159113266
8.1155000000000005e-06,-0.63887984586766855
8.1159999999999999e-06,-0.39014820268993244
8.1164999999999993e-06,-0.036345669710256066
8.1170000000000004e-06,0.30947380871892921
8.1174999999999998e-06,0.54247183686903777
8.1179999999999992e-06,0.61125117948177365
8.1185000000000003e-06,0.53519648058414304
8.1189999999999997e-06,0.38600780736291251
8.1195000000000008e-06,0.24455478156980159
8.1200000000000002e-06,0.15704017035835846
8.1204999999999996e-06,0.11423502082872611
8.1210000000000007e-06,0.06444009434585414
8.1215000000000001e-06,-0.047970094625426563
8.1219999999999995e-06,-0.24079139838411542
8.1225000000000006e-06,-0.47328628134680395
8.123e-06,-0.65930788794735484
8.1234999999999994e-06,-0.70839602193461149
8.1240000000000005e-06,-0.57335508457078466
8.1244999999999999e-06,-0.27872839831290841
8.1249999999999993e-06,0.085672035307078634
8.1255000000000004e-06,0.40363285028574369
8.1259999999999998e-06,0.58411386778283036
8.1264999999999992e-06,0.59917720082297476
8.1270000000000003e-06,0.48931491650674364
8.1274999999999997e-06,0.33466601633366966
8.1280000000000008e-06,0.20868472118573214
8.1285000000000002e-06,0.13978083882226766
8.1289999999999996e-06,0.10152088721174501
8.1295000000000007e-06,0.035914932837762925
8.1300000000000001e-06,-0.10409194065262661
8.1304999999999995e-06,-0.31750953856993935
8.1310000000000006e-06,-0.54531949521746792
8.1315e-06,-0.69450816843882479
8.1319999999999994e-06,-0.68420593648252859
8.1325000000000005e-06,-0.48952360716320203
8.1329999999999999e-06,-0.15932385505313246
8.1334999999999993e-06,0.20230665126549638
8.1340000000000004e-06,0.48195894688611157
8.1344999999999998e-06,0.60677316866902831
8.1349999999999992e-06,0.57287588657799204
8.1355000000000003e-06,0.43852151332372263
8.1359999999999997e-06,0.28691373577845569
8.1365000000000008e-06,0.1796467319507791
8.1370000000000002e-06,0.12620860964102115
8.1374999999999996e-06,0.085672035307931368
8.1380000000000007e-06,-0.00130415766763331
8.1385000000000001e-06,-0.16888794873826343
8.1389999999999995e-06,-0.39613255688943633
8.1395000000000006e-06,-0.60851448476477576
8.14e-06,-0.71149615159114199
8.1404999999999994e-06,-0.63887984586799929
8.1410000000000005e-06,-0.39014820268979522
8.1414999999999999e-06,-0.036345669709204449
8.1419999999999993e-06,0.30947380871832786
8.1425000000000004e-06,0.54247183686910416
8.1429999999999998e-06,0.6112511794817681
8.1434999999999992e-06,0.53519648058439462
8.1440000000000003e-06,0.38600780736246565
8.1444999999999997e-06,0.24455478157003477
8.1450000000000008e-06,0.1570401703581904
8.1455000000000002e-06,0.11423502082871066
8.1459999999999996e-06,0.064440094346000329
8.1465000000000007e-06,-0.047970094625493204
8.1470000000000001e-06,-0.24079139838421224
8.1474999999999995e-06,-0.47328628134635697
8.1480000000000006e-06,-0.65930788794741113
8.1485e-06,-0.7083960219344958
8.1489999999999994e-06,-0.57335508457123074
8.1495000000000005e-06,-0.27872839831191765
8.1499999999999999e-06,0.085672035307234023
8.1504999999999993e-06,0.40363285028522877
8.1510000000000004e-06,0.58411386778287189
8.1514999999999998e-06,0.59917720082294934
8.1519999999999992e-06,0.48931491650703418
8.1525000000000003e-06,0.33466601633360504
8.1529999999999997e-06,0.20868472118592496
8.1535000000000008e-06,0.13978083882224815
8.1540000000000002e-06,0.10152088721162653
8.1544999999999996e-06,0.035914932837957186
8.1550000000000007e-06,-0.10409194065270513
8.1555000000000001e-06,-0.31750953857004055
8.1559999999999995e-06,-0.54531949521706258
8.1565000000000006e-06,-0.69450816843905072
8.157e-06,-0.68420593648248351
8.1574999999999994e-06,-0.48952360716374954
8.1580000000000005e-06,-0.15932385505297458
8.1584999999999999e-06,0.20230665126645661
8.1589999999999993e-06,0.48195894688569751
8.1595000000000004e-06,0.60677316866904563
8.1599999999999998e-06,0.57287588657794997
8.1604999999999992e-06,0.43852151332403261
8.1610000000000003e-06,0.28691373577806917
8.1614999999999997e-06,0.17964673195093181
8.1620000000000008e-06,0.12620860964100511
8.1625000000000002e-06,0.085672035307907818
8.1629999999999996e-06,-0.0013041576673844535
8.1635000000000007e-06,-0.16888794873884935
8.1640000000000001e-06,-0.39613255688953791
8.1644999999999995e-06,-0.60851448476401704
8.1650000000000006e-06,-0.71149615159115132
8.1655e-06,-0.63887984586752444
8.1659999999999994e-06,-0.39014820269042538
8.1665000000000005e-06,-0.036345669709044896
8.1669999999999999e-06,0.30947380871845886
8.1674999999999993e-06,0.54247183686879996
8.1680000000000004e-06,0.61125117948173291
8.1684999999999998e-06,0.53519648058433988
8.1689999999999992e-06,0.38600780736315593
8.1695000000000003e-06,0.24455478156998395
8.1699999999999997e-06,0.15704017035830745
8.1705000000000008e-06,0.11423502082860876
8.1710000000000002e-06,0.064440094345968466
8.1714999999999996e-06,-0.047970094625187393
8.1720000000000007e-06,-0.24079139838430896
8.1725000000000001e-06,-0.47328628134699868
8.1729999999999995e-06,-0.65930788794715267
8.1735000000000006e-06,-0.70839602193447826
8.174e-06,-0.57335508457113371
8.1744999999999994e-06,-0.27872839831260776
8.1750000000000005e-06,0.08567203530825826
8.1754999999999999e-06,0.40363285028534096
8.1759999999999993e-06,0.58411386778268126
8.1765000000000004e-06,0.59917720082292392
8.1769999999999998e-06,0.48931491650661713
8.1774999999999992e-06,0.33466601633390158
8.1780000000000003e-06,0.20868472118588297
8.1784999999999997e-06,0.13978083882233788
8.1790000000000008e-06,0.10152088721160854
8.1795000000000002e-06,0.035914932837678271
8.1799999999999996e-06,-0.10409194065234467
8.1805000000000007e-06,-0.31750953857070779
8.1810000000000001e-06,-0.54531949521715084
8.1814999999999995e-06,-0.6945081684388934
8.1820000000000006e-06,-0.68420593648243833
8.1825e-06,-0.48952360716363036
8.1829999999999994e-06,-0.15932385505369928
8.1835000000000005e-06,0.20230665126660233
8.1839999999999999e-06,0.48195894688629198
8.1844999999999993e-06,0.60677316866896613
8.1850000000000004e-06,0.57287588657767274
8.1854999999999998e-06,0.43852151332396516
8.1859999999999992e-06,0.2869137357783384
8.1865000000000003e-06,0.17964673195089848
8.1869999999999997e-06,0.12620860964107877
8.1875000000000008e-06,0.085672035307752636
8.1880000000000002e-06,-0.0013041576674386601
8.1884999999999996e-06,-0.16888794873844118
8.1890000000000007e-06,-0.39613255688963955
8.1895000000000001e-06,-0.6085144847645082
8.1899999999999995e-06,-0.71149615159110846
8.1905000000000006e-06,-0.63887984586745228
8.191e-06,-0.3901482026902881
8.1914999999999994e-06,-0.036345669709777352
